product_id,product_name
06410-KAN-640,#N/A
06410-KFL-850,"cao su đùm- wave A , Rs,Ws, Fu neo (2007-2016)"
06410-KSP-900,#N/A
06410-KWB-600,"cao su đùm -Wave S110,Rsx110,Dream 110, Future 125, MSX 125,cup "
06420-KFL-890,#N/A
06421-KFL-890,#N/A
06430-GCE-305,"bố thắng sau - wave,dream,wave rs lò xo chéo (2001-2009)"
06430-K44-V80,"bố thắng đùm sau vision 110,air blade 110/125,lead 110/125"
06430-KPH-900,bố thắng sau future neo lò xo thắng thẳng
06430-KVB-950,"bố thắng đùm sau vision 110,air blade 110/125,lead 110/125"
06430-KWN-900,#N/A
06431-MA3-405,"sin heo dầu/ Bộ gioăng piston ngàm phanh Winner 150/X, Air Blade, Vision, Wave, Future và Lead."
06435-K01-902,Bố đĩa sau Sh (2012-2019)
06435-K0R-V01,Bố đĩa sau Sh (2020-2025)
06435-K40-F11,#N/A
06435-KPP-T01,bố đĩa sau Winner (2016-2020)
06451-961-405,"sin heo dầu/ Bộ gioăng piston ngàm phanh Lead 110, SH 125/150, CBR250R."
06451-GE2-405,"sin heo dầu/ Bộ gioăng piston ngàm phanh click, future, MSX 125, SH 125, SH 150, Sh mode,Wave"
06451-MA7-405,"Sin heo dầu/Bộ gioăng piston ngàm phanh Winner,Blade , Wave 110, Future mập,Air Blade, Vario, SH"
06451-MZ2-405,#N/A
06455-GCS-026,#N/A
06455-K01-902,#N/A
06455-K0R-V01,Bố thắng đĩa trước Sh (2020-2025)
06455-K20-911,bố thắng đĩa trước SH Mode 125 (2013-2020)
06455-K40-F12,Má phanh trước SH 125/150 (2016-2019)
06455-K56-N01,"bố đĩa trước winner, ws 110 -1 pitton"
06455-KPY-932,#N/A
06455-KPY-933,#N/A
06455-KRE-K02,#N/A
06455-KSV-J04,#N/A
06455-KVB-951,"bố thắng đĩa click,air blade 110- 2 pitton "
06455-KVB-T01,bố đĩa trước air blade 125 - 1 pitton
06455-KWB-601,#N/A
06455-KWN-932,#N/A
06455-KZL-931,#N/A
06530-GBG-B20,#N/A
06531-GBG-B20,#N/A
08203-M99-38ZT1,Dầu phanh 0.2L
08294-M99-K8LV1,Chai dầu hộp số 0.12L
08CMC-HIC-60BOX,Chai Cacbon Honda ( 1 thùng 20 chai )
11100-GB6-911,lốc giữa wave alpha-dream (2001-2009)
11100-GGE-900,#N/A
11100-K2C-V00,"lốc nhớt /giữa/ mâm lửa  Vision 2021-2026, Scoopy 2021-2026"
11100-K44-V00,lốc nhớt /giữa/mâm lửa  Vision 2014-2020)
11100-K56-305,lốc giữa winner- winner x -sonic
11100-KFL-840,lốc giữa future 1-110cc 2004-2008
11100-KVB-901,lốc nhớt/ giữa/mâm lửa- air blade- click 110 (2007-2010)
11100-KWB-600,lốc giữa / lốc xả nhớt- Wave S110
11100-KYZ-900,"lốc giữa  future 125, future mập,future lead"
11100-KZL-930,lốc nhớt /giữa/mâm lửa  Vision( 2011-2013)
11100-KZR-601,lốc nhớt/ giữa/mâm lửa- air blade 125 (2013-2019)
11191-KFL-850,Gioăng lốc giữa future 1-110cc 2004-2008
11191-KFM-902,"Gioăng lốc giữa wave, dream  2001-2006"
11200-KFV-951,"Lốc Số/lốc máy-Dream, Wave Alpha 2001-2004, Wave S,RS 2007-2009"
11200-KWB-922,Lốc Số/lốc máy- wave S 110-rsx 110 (2010-2016)
11200-KYZ-901,"Lốc Số/lốc máy- future 125, future mập, future lead"
11321-179-710,"đế mâm chỉ wave,spe dream,future, cup70"
11330-K09-850,"Lốc nồi (lốc máy phải) đen nhám Wave RSX 2019-2023,Wave @110(2017–2025)"
11330-K56-N00," Lốc nồi màu đen Sonic, Winner, GTR, CB"
11330-K57-A60,lốc nồi wave blade đen nhám 2017-2025
11330-K57-V00,lốc nồi wave blade XÁM 2017-2026
11330-KEV-900,lốc nồi Wave 2001-2023 Đen 
11330-KFL-860,lốc nồi Wave 2004-2006 Bạc 
11330-KTL-670,"lốc nồi RS, WS 2007-2009 Xám"
11330-KTM-970,lốc nồi Future neo 2007-2009 Xám
11330-KWB-600,"lốc nồi Đen  Wave S110, Wave RS110, Wave RSX 110, Blade 110"
11330-KWW-710,"lốc nồi Bạc  Wave S110, Wave RS110, Wave RSX 110, Blade 110"
11330-KWW-B20,"lốc nồi Xám  Wave S110, Wave RS110, Wave RSX 110, Blade 110"
11330-KYZ-900,"Lốc Nồi Đen Future 125 Fi, Future Led 2024 "
11330-KYZ-G00,"Lốc Nồi Xám Future 125 Fi, Future Led 2024"
11330-KYZ-V00,"Lốc Nồi Bạc Future 125 Fi, Future Led 2024"
11340-K12-900,Lốc Nồi Bạc lead 125 (2013-2023)
11340-K25-600,"Lốc Nồi Đen vision (2015-2016) ,scoopy 2015-2017 có giò đạp"
11340-K2T-V00,Lốc Nồi Bạc lead 2022-2024 - 4 VAN
11340-K2T-V20,Lốc Nồi Đen lead 2022-2024 - 4 VAN
11340-K44-D00,lốc nồi Bạc vision 2014-2020 không giò đạp 
11340-K44-V00,lốc nồi Bạc vision 2014-2020 có giò đạp 
11340-K44-V50,lốc nồi Đen vision 2014-2020 không giò đạp 
11340-K77-V00,#N/A
11340-KVG-900,lốc nồi Bạc Air Blade 2008-2010 xăng cơ
11340-KVG-V20,lốc nồi Đen (AB) Air blade FI-2009-2010
11340-KVG-V41,lốc nồi Bạc Air blade( đầu bò) 2011-2012
11340-KWN-900,Lốc Nồi Bạc PCX 125 (đời 2010 - 2014)
11340-KZL-E00,Lốc Nồi Vision 2010-2013
11341-K03-M40,lốc đề Xám Rsx 110 fi  2014-2016 
11341-K0R-V00,Lốc Nồi Bạc SH 125/150- 2020-2025
11341-K0S-V50,Lốc Nồi Đen SH 125/150- 2020-2025
11341-K1F-V00,Lốc Nồi Đen ( AB) Airblade 2020 -2023
11341-K2C-V00,Lốc Nồi Bạc Vision 2021-2025 
11341-K2S-N00,"Lốc Nắp Nồi Vario 160, Click 160, AB( Air blade)160"
11341-K56-N00,"lốc đề winner,Winner X  2016-2019, Sonic 150R,CBR150R"
11341-K57-A60,"Lốc Đề Đen Wave Blade 110,Wave RSX FI-2016-2025"
11341-K57-V00,"Lốc Đề XÁM Wave Blade 110,Wave RSX FI-2016-2025"
11341-K66-V00,lốc nồi Bạc air blade 125 (2016-2019)
11341-K66-V10,"lốc nồi Đen air blade 125 (2016-2019), Vario 125 (2023-2026)"
11341-K89-V30,Lốc Đề Đen Wave 110 (2017-2026)
11341-K90-VC0,Lốc Đề Đen Wave RSX FI-(2014-2022)
11341-KFL-710,"Lốc đề Bạc sper Dream , Future 1 , Wave Alpha, wave A"
11341-KRS-600,Lốc đề Đen  Wave Alpha 2001-2003
11341-KTL-670,lốc đề Wave S100 và Wave RSX 100
11341-KTM-970,"lốc đề Xám Future Neo, Future X và Future 125"
11341-KWB-600,"Lốc đề Đen Wave S 110 ,Wave RSX 110"
11341-KWW-710,"Lốc đề Bạc Wave S,WAVE RSX110, RS110"
11341-KWW-B20,"Lốc đề Xám Wave S, RS110"
11341-KYZ-G00,"lốc đề Xám Fu 125, fu lead ( 2012-2019 )"
11341-KYZ-V00,"lốc đề Bạc Fu 125, fu lead ( 2012-2019 )"
11341-KZR-601,"lốc Nồi air blade(AB) Đen - 2013-2017, vario 125, click - 2016-2017"
11341-KZR-701,"lốc Nồi air blade(AB) Bạc - 2013-2017, vario 125, click - 2016-2018"
11343-KVB-900,#N/A
11343-KVG-900,"ốc( ống) xả cặn air (AB), SH, SH Mode, vision, lead…"
11344-GW3-980,"cao su chụp nhông phóng đề lead 110, SCR 110, vision 110 (2008-2013)"
11345-GFM-900,"ống hút khí lead 110, SCR 110"
11345-KVB-900,ống hút khí click 110 (2002-2012)
11345-KVG-900,ống hút khí  Air blade (ab) 110 (2007-2008)
11350-KVB-900,cánh gà nồi click( kiểm soát gió) air blade (AB) 2007-2009
11360-K56-N10,"đuôi cá (nắp che nhông) Winner V1, Winner X, Sonic, GTR"
11360-K89-V00,"đuôi cá Wave Alpha 110, Blade 110"
11360-K90-VC0,đuôi cá  RSX 110 (2019-2023)
11360-KFL-860,"đuôi cá (mang cá) Bạc-Future 1, Wave Alpha đời đầu (máy nhỏ) ,Wave ZX.(2001-2006)"
11360-KFV-950,"đuôi cá Bạc-sper dream,Wave Alpha đời đầu (máy nhỏ) ,Wave ZX.(2001-2006), rsx 110"
11360-KRS-900,đuôi cá( mang cá) màu đen wave alpha  2001-2003
11360-KTL-640,đuôi cá( mang cá) màu bạc nhôm Wave RS
11360-KTL-680,đuôi cá( mang cá) màu Đen nhôm Wave A( Alpha tem rồng) 2007-2009
11360-KTM-970,"đuôi cá (mang cá) Xám Future Neo, Neo Fi, GT, Future X"
11360-KWW-600,đuôi cá( mang cá) Wave RSX 110 Đen (2009-2011)
11360-KWW-710,đuôi cá( mang cá) Wave RS 110 BẠC (2009-2011)
11360-KWW-B20,"đuôi cá( mang cá) xám  Wave S110,RSX 110,RS 110  Xám (2009-2013)"
11360-KWW-E20,đuôi cá( mang cá) Xám  Wave BLADE Số (2017-2025)
11360-KYZ-G00,"đuôi cá( nắp cá) Xám Future 125, Fut Led (2015-2022)"
11360-KYZ-V00,"đuôi cá( nắp cá) Bạc Future 125, Fut Led (2015-2022)"
11361-KVR-V00,"đuôi cá( nắp cá) Xám WAVE S100, RSX100 (2007-2010)"
11361-KVR-V10,đuôi cá( nắp cá) Đen wave A (alpha)100 (2006-2016)
11361-KVR-V20,đuôi cá( nắp cá) Bạc Wave RS 100 (2005-2009)
11361-KWN-901,"Nắp lốc nhớt mâm lửa lead 125 (2017- 2021), air (AB) 2016- 2020, SH , SH Mode, Vario 125"
11363-KWN-900,"(Gioăng )Sim mâm lửa PCX 125, Air Blade, Vario, Click thái 125/150"
11370-KEV-900,nắp chắn nhiệt wave alpha Đen 2001-2003
11370-KFL-710,"nắp chắn nhiệt Bạc Super Dream 100, Wave Alpha nhỏ 2004-2006 / Future 1(2007-2009)"
11370-KRS-600,"nắp chắn nhiệt Đen Wave A,(alpha) 100 (2006-2009)"
11370-KTL-670,nắp chắn nhiệt Đen Wave S100 (2006-2009)
11370-KTM-970,"Nắp chắn nhiệt phải Xám Future Neo / Future X, FI (2007-2012)"
11370-KYZ-G00,"Nắp chắn nhiệt XÁM Future 125 Led 2018-2023, Future 125 2012–2017 "
11394-K56-V50,"Ron nồi, Ron lốc nồi Sonic, winner, winner X- V2,V3,V4"
11394-K73-T60,Gioăng nắp máy phải (Ron lốc nồi) Future 125 led 2018-2026
11394-KFL-852," Ron lốc nồi xe  DREAM 100 , WAVE ALPHA, RS,WS,WA 100"
11394-KPH-901, Ron lốc nồi xe  (Gioăng nắp máy phải)  Future NEO đời 2004-2011
11394-KWB-920,"Ron lốc nồi  WAVE A110, S110, RS110, RSX110, DEAM 110"
11394-KYZ-900,"Ron lốc nồi  Future 125 FI LED 2018 – 2024, FUTURE 125 2012-2017,LED 2018-2022, Wave125I 2012-2017"
11395-GBJ-731,"ron lốc đề(Gioăng nắp máy trái)  DREAM, FUTURE 1, WAVE (201-2007 )"
11395-GGC-900,"gioăng( ron) lốc nồi lead 110, scr 110  (2008-2012)"
11395-K01-900,"ron lốc nồi,gioăng nắp máy trái xe SH 125/150 (2012-2019)"
11395-K0R-V01,"ron lốc nồi,gioăng nắp máy trái xe SH 125/150 (2020-20126)"
11395-K12-900,#N/A
11395-K1F-V01,"ron lốc nồi,Gioăng nắp máy trái  Air Blade (AB) 125 / 150 (2020-2022)"
11395-K2C-V01,"ron lốc nồi,Gioăng nắp máy trái  VISION (2021-2026)"
11395-K2C-V02,"ron lốc nồi,Gioăng nắp máy trái  VISION (2021-2026)"
11395-K44-V00,"ron lốc nồi,gioăng lốc nồi Vision110 (2014-2020), Beat FI,Scoopy."
11395-K56-V50,"ron lốc đề,Ron nắp mâm lửa Sonic, Winner V1, Winner X V2 V3 V4, GTR 150, CBR"
11395-KPH-901,"(Ron)gioăng lốc đề future Neo,future125 fi, Future X"
11395-KVB-901,"Ron lốc nồi,Gioăng nắp máy bên trái Air Blade(AB) 110, CLICK 110"
11395-KVY-901,"(Ron)gioăng lốc nồi Air Blade Fi, air đầu bò 2011-2012,vision 2011-2023"
11395-KWB-920,"ron lốc đề,gioăng máy trái WAVE S110, RS110, RSX110"
11395-KWN-900,#N/A
11395-KZR-600,"ron ( gioăng)lốc nồi, Honda Air Blade 125, PCX 125/150, và SH Mode"
12100-GGE-900," (Lòng) Xy lanh Lead 110 (đời 2008 - 2012), SCR 110"
12100-K03-H10,(Lòng)Xy lanh WAVE RSX110 (2014-2018)
12100-K2C-V00,Xy-lanh (lòng hơi) VISION 2021-2026
12100-K44-V00,Xy-lanh (lòng hơi) Vision 20214-2020
12100-K56-N00,"(Lòng) xy-lanh Winner 150, Winner X, Sonic 150R, CB150R"
12100-KFL-850,#N/A
12100-KFM-900,"Lòng,Xy-lanh sper DREAM 100,WAVE (nhỏ) 100 (2001-2005)"
12100-KTM-970,"Lòng,Xy Lanh , Hơi Future Neo / Fu X Chế cơ"
12100-KVB-900,"Lòng,Xy Lanh Air Blade 110( 2007-2008 )Xăng Cơ, Click 110 Bình xăng con"
12100-KVB-T00,"Lòng,Xy Lanh (AB)Air Blade 110 FI (2009-2012)"
12100-KVL-930,"Lòng,Xy lanh Future Neo, FI , Future X Fi, FU125 FI"
12100-KWB-920,"Xy lanh WA @ 110, WAVE S 110 / WAVE RS 110 (2009-2013)"
12100-KYZ-710,"Lòng,Xy lanh  Future 125 Fi  2012-2015"
12100-KYZ-900,"Lòng , Xy lanh Future 125 không fi (2012-2015) bình xăng con"
12100-KZL-930,"Lòng,Xy lanh Vision 2011-2013"
12100-KZR-600,"xy lanh air blade(AB) 125, lead 125, sh mode 125, PCX 125 ,CLICK 125"
12100-KZY-701,"Xy lanh SH 150( 2014-2019) , PCX 150 (2012-2018)"
12191-GFM-901,"Ron( gioăng) Xy Lanh lead 110(2008-2012), SCR110"
12191-GGC-900,Ron( gioăng) Xy Lanh vision 2011-2013
12191-K0J-N01,Ron( gioăng) Xy Lanh vision 2021-2026
12191-K0R-V01,"Ron,Gioăng xi lanh SH 125/150 (2020-2026)"
12191-K1N-V01,"Ron, gioăng Xy Lanh Sh Mode 2020-2024, Vario 160, SH 150, Click 160"
12191-K1Z-J11,"Ron chân lòng , xy lanh Pcx 2022-2026,Air Blade(ab) 2022-2026 , vario 160/4 val"
12191-K2C-V01,Ron( gioăng) Xy Lanh vision 2021-2026
12191-K44-V00,Ron( gioăng) Xy Lanh vision 2014-2020
12191-K56-N01,"Ron (gioăng) Xy Lanh Winner 150, Winner X, và Sonic 150"
12191-K73-T60,Ron Xy Lanh future led 2020-2026
12191-KFL-852,"Ron Xy Lanh wave alpha , future 1, sper dream"
12191-KGF-912,Gioăng chân xy lanh / Ron chân nòng SH 2009-2011
12191-KPH-901,"Ron Xy Lanh,ron chân lòng  Futrure 125 mập, Future FI 125, future Neo 125 (2014-2017 )"
12191-KVB-901,"Ron Xy Lanh,Ron chân lòng AB 110 (2008-2012), Click 110 .2008"
12191-KWB-920,"Ron Xy Lanh Wave S 110 , Wave RS 110 , Wave RSX 110, Blade 110"
12191-KWN-900,gioăng xylanh cho PCX (đời 2010–2012)
12191-KYZ-900,"Ron Xy Lanh,gioăng chân xylanh Future 125 ( 2015–2026), MSX 125, Super cup 125"
12191-KZR-600,"Ron xy lanh Air Blade 125/150, Vario 125/150 , PCX, Lead 125 , SH Mode 125"
12195-KFL-850,"Cao su chống rung A, lòng hơi xilanh DREAM, WAVE alpha , FUTURE "
12195-KPH-900,"Cao su chống rung B lòng hơi xi lanh FUTURE 2, NEO, X 125"
12196-KFM-900,"Cao su chống rung B, lòng hơi xilanh DREAM, WAVE alpha , FUTURE "
12197-KPH-900,"Cao su chống rung C lòng hơi xi lanh FUTURE 2, NEO, X 125"
12200-KFL-900,"Cụm đầu quy lát DREAM ,FUTURE 1 ,WAVE ALPHA  2000-2005"
12206-KZR-600,"Cụm đầu nối ống nước  SH MODE 125 , AB 125/ 150 , VARIO ,PCX , SH 125/150 "
12209-GB4-681SS,"Phốt xupap Nâu (Phốt Git)  AB( Air blade 110/125/150 Click 110, Dream,wave alpha, Future 125, LEAD 12"
12209-GB4-682,"Phốt xupap Xanh (Phốt Git)  AB( Air blade 110/125/150 Click 110, Dream,wave alpha, Future 125, LEAD 13"
12209-K56-N01,"Phốt xupap ( Phốt GIT) Winner 150/X, Sonic 150R, CBR150R, CB150, PCX 150 và Vario 160"
12209-ML0-722,"Phốt,Phớt Chắn Dầu Thân Xu Pap Winner 150, Winner X"
12251-GFM-890,"Gioăng Đầu Xy Lanh (Quy Lát) Lead110, scr 110"
12251-GGC-901,"gioăng quy lát ,ron đầu bò , ron đầu nòng Vision 2014-2019"
12251-K0J-N01,Ron quy lát Vision 2021-2026
12251-K0R-V01,Ron( gioăng) đầu quy lát  SH 125 (2020-2026)
12251-K0S-V01,Ron( gioăng) đầu quy lát  SH 150 (2020-2026)
12251-K12-901,"Gioăng đầu qui lát Air Blade 125, LEAD 125"
12251-K1N-V01,"Ron ,Gioăng đầu qui lát Sh Mode (2020-2023)"
12251-K56-N02,"Ron quy lát Ron đầu lòng Sonic, Winner, GTR, CBR"
12251-K78-V01,"Gioăng, Ron quy lát SH 150(2016-2019), Vario 150(2018-2022), PCX 150(2018-2020)"
12251-K97-T01,"ron,Gioăng Đầu Xy Lanh  Pcx(2017-2021) , Air Blade (2020 -2025)"
12251-KFL-851,"Gioăng( ron quy lát) đầu xy lanh Dream, Wave 100 , future 110"
12251-KGF-911,Gioăng đầu xy lanh (Ron quy lát) SH 125 (2008-2012)
12251-KGG-912,Gioăng đầu xy lanh (Ron quy lát) SH 150 (2008-2012)
12251-KPH-901,"Ron quy lát,Gioăng đầu xylanh  Future II, Future Neo, Future X, FI"
12251-KVB-902,"Ron đầu quy lát  air blade (AB) 110 2008-2012, Click 110 2008, AB đầu bò 2011-2012"
12251-KWB-601,"Ron quy lát Wave S110, RSX110, Wave A110"
12251-KWN-901,Gioăng đầu xy lanh / Ron quy lát / Ron đầu lòng PCX 125(2011-2014)
12251-KYZ-901,"gioăng đầu xi-lanh (ron quy lát)  Future 125, MSX 125 (Grom), Super Cub 125 và XRM"
12251-KZY-701,Gioăng - Ron quy lát Vario 150 - Sh 150 (2014-2026)
12252-K44-V00,Ron quy lát Vision 2012-2020
12301-GB6-911,"nắp 4 lỗ đầu,Nắp đầu quy lát Dream, Wave alpha nhỏ, future 1 , wave (A),wave RS / S"
12310-KWB-600,"nắp đầu quy lát,Nắp chụp đầu bò quy lat Wave S110, RSX 110, wave Blade, wave A110"
12310-KWW-740,"Nắp đầu quy lát ,Nắp đậy đầu bò, Nắp chao  Wave S110, RSX 110(2009-2013) wave Blade, wave A110(2017-2026)"
12331-KFL-850,"nắp cánh bướm  Dream, Wave alpha nhỏ ,future 1, wave (A),wave RS / S"
12341-KFL-850,"nắp tròn Dream, Wave alpha nhỏ 2001-2005 ,future 1, wave (A),wave RS / S"
12341-KYZ-900,"nắp tròn,Nắp Đầu Quy Lát Trái Future 125, future Neo"
12361-035-001,"Nắp xupap Wave, Air Blade,Click,Dream, Lead ,Pcx , Sh, Sh Mode,Vision"
12361-KPH-900,"Nắp xu páp,Nắp xupap Future Neo, Fut 2, Fut 125 Led"
12391-GFM-970,"gioăng cao su đầu quy lát lead 110, scr 110"
12391-GGC-900,gioăng cao su đầu quy lát  vision (2011-2013)
12391-GW8-681,"gioăng 4 lỗ, nắp đầu quy lát  Dream 100 ,Wave 100"
12391-K01-900,"Ron cao su đầu quy lát Sh 125/150(2012-2017), lead 125 (2017-2021)"
12391-K0R-V01,"Ron cao su đầu quy lát Sh 125/160(2020-2026), vario 160, click 160cc"
12391-K1N-V01,"ron cao su đầu quy lát Sh Mode 4 val (2021-2025), Lead 4val 125 (2022-2026)"
12391-K2C-V01,ron cao su đầu (bò) quy lát vision 2021-2026
12391-K44-V00,ron cao su đầu ( bò) quy lát  vision 2014-2020
12391-K44-V81,ron cao su đầu ( bò) quy lát  vision 2014-2020
12391-K56-N00,"Ron (sim) cao su nắp đầu bò Sonic, Winner, GTR, CBR"
12391-K66-V01,(Ron)Gioăng cao su nắp đầu quy lát Air Blade 125 (2016-2020)
12391-KGF-910,"Ron,gioăng cao su đầu quy lát  SH 125/150 ( ý) 2008-2011"
12391-KVB-900,Ron (Gioăng) cao su nắp chao đầu quy lát Air Blade 110 - Click 110
12391-KVY-900,"Ron,Gioăng cao su Nắp Đầu Bò Air Blade 110 Fi,(AB) Béo ( 20011- 2012 )"
12391-KWW-600,"Ron cao su nắp đầu quy lát Wave A110, S110, RS110, RSX110 (2013-2018)"
12391-KWW-A81,"Gioăng nắp đầu quy lát WAVE RSX110(2019-2023), BLADE xe số"
12391-KZR-600,"Ron (Gioăng) nắp chao đầu AB 125, SH Mode(2013-2020), pcx,Vario, Click 125"
12394-KFL-852,"Ron,Gioăng nắp Cánh bướm Wave,dream, future, wave rs,ws"
12395-KFL-852,"Ron,Gioăng nắp tròn Wave (A),dream, future 1, Wave RS,WS"
12395-KPH-901,"ron nắp tròn,Gioăng nắp đầu quylát trái Future II / NEO / X (2004-2011)"
13000-K02-900,Cụm Trục khuỷu cho SH 125/150 (đời 2012–2019)
13000-K03-H10,Trục khuỷu / Cây dên / Trục cơ RSX 110 FI  2014-2026
13000-K0R-V00,"Trục khuỷu / Cây dên / Trục cơ SH 125(2020-2026), Air Blade 125, Lead 125,Sh Mode(2022-2026)"
13000-K2C-V00,"Dên, Trục khuỷu Vision 2022-2026"
13000-K44-V40,"Dên, Trục khuỷu Vision 2014-2020"
13000-K66-VE0,"Dên, Trục khuỷu Air blade(AB) 125cc (2015-2019)"
13000-K73-T30,"Dên, Trục khuỷu Future 125 FI / Future LED 2015-2026"
13000-KPH-900,"Dên, Trục khuỷu Future Neo,  Future neo FI, Futurer 2( 2004-2009)"
13000-KTL-740,"Dên, Trục khuỷu Wave S100 / Wave RS 100 / Wave RSX 100"
13000-KVB-901,"Dên, Trục khuỷu air blade 110(2007-2009), (AB)FI (2009-2010), Click 110( 2006-2011)"
13000-KVB-S50,"Dên, Trục khuỷu ( AB) FI (2011-2012) air blade 110(2007-2009), (AB)FI (2009-2010)"
13000-KWB-601,"Dên, Trục khuỷu WS110,Wave RSX 110cc 2009-2013"
13000-KWW-740,"Dên, Trục khuỷu WA110,Wave RSX FI 110cc 2014-2026"
13000-KYZ-901,"Dên, Trục khuỷu Future 125 FI (MÂP) 2012-2014"
13000-KZL-E00,"Dên, Trục khuỷu Vision 2011-2013"
13011-GCC-309,"Bạc cốt 0,Bộ xéc măng tiêu chuẩn air blade 110(2007-2009)Click 110( 2006-2011)"
13011-GCC-B50,"Bạc  cốt 0 (STD),Bộ xéc măng tiêu chuẩn SCR110cc / Lead 110cc 2008-2012)"
13011-K03-305,"Bạc cốt 0,Bộ xéc măng tiêu chuẩn RSX110 FI, blade 110 số(2014-2026) wave110( 2017-2026)"
13011-K44-V00,"Bạc cốt 0,Bộ xéc măng tiêu chuẩn Vision 110(2014-2020)"
13011-K56-N01,"Bạc cốt 0,Bộ xéc măng tiêu chuẩn Winner 150, winner X, Sonic150, CBR150R(2016-2026)"
13011-K59-A70,#N/A
13011-K90-V00,"Bạc cốt 0 ,Bộ xéc măng tiêu chuẩn Wave RSX 110 FI, wave alpha 110( 2019-2026)"
13011-KFL-851,"Bạc cốt 0 ,Bộ xéc măng tiêu chuẩn Wave 100,dream 100, future 110, wave rs 100,ws 100"
13011-KPH-881,"Bạc cốt 0 ,Bộ xéc măng tiêu chuẩn future Neo 125 (2005-2009), Future X 125 (2010-2011)"
13011-KPH-900,"Bạc cốt 0 ,Bộ xéc măng (0.00)  future Neo 125 (2005-2009), Future X 125 (2010-2011)"
13011-KWB-305,"Bạc cốt 0 ,Bộ xéc măng (0.00) WAVE S110, Wave RSX 110 FI, wave RS 110( 2009-2013)"
13011-KWN-900,"Bộ Bạc cốt 0(std) PCX 125 (2012-2014),air blade(ab) 125,lead 125,sh mode 125 (2013-2015)"
13011-KWW-740,"Bạc  cốt 0 ,Bộ xéc măng tiêu chuẩn RSX110 FI, blade 110 số(2014-2026) wave110( 2017-2026)"
13012-GCC-309,"Bạc cốt 1,Bộ xéc măng tiêu chuẩn air blade 110(2007-2009)Click 110( 2006-2011)"
13012-KFL-851,"Bạc cốt 1,Bộ xéc măng tiêu chuẩn Wave 100,dream 100, future 110, wave rs 100,ws 100"
13012-KYZ-900,"Bạc cốt 0 ,Bộ xéc măng tiêu chuẩn Future 125 FI / Future LED (2012-2026), MSX 125"
13013-GCC-309,"Bạc Piston cốt 2 ,Bộ xéc măng tiêu chuẩn air blade 110(2007-2009)Click 110( 2006-2011)"
13013-KFL-851,"Bạc cốt 2 ,Bộ xéc măng (0.50) Wave 100,dream 100, future 110, wave rs 100,ws 100"
13014-GCC-309,"Bạc cốt 3 ,Bộ xéc măng tiêu chuẩn air blade 110(2007-2009)Click 110( 2006-2011)"
13014-KFL-851,#N/A
13021-K03-306,"Bạc cốt 1,Bộ xéc măng tiêu chuẩn RSX110 FI, blade 110 số(2014-2026) wave110( 2017-2026)"
13021-K56-N01,"Bạc cốt 1 ,Bộ xéc măng tiêu chuẩn Winner 150, winner X, Sonic150, CBR150R(2016-2026)"
13021-KPH-900,"Bạc cốt 1 ,Bộ xéc măng (0.25)  future Neo 125 (2005-2009), Future X 125 (2010-2011)"
13021-KWB-305,"Bạc Piston cốt 1,Bộ xéc măng tiêu chuẩn RSX110 FI, blade 110 số(2014-2026) wave110( 2007-2026)"
13021-KWN-900,"Bộ Bạc cốt 1 , PCX 125 (2012-2014),air blade(ab) 125,lead 125,sh mode 125 (2013-2015)"
13021-KWW-740,"Bạc  cốt 1 ,Bộ xéc măng (0.25) RSX110 FI, blade 110 số(2014-2026) wave110( 2017-2026)"
13021-KZY-700,"Bộ bạc cốt 1, Air Blade 125cc / Lead 125cc,SH Mode 125cc(2013-2015), Pcx 125(2012-2014)"
13022-KYZ-900,"Bạc cốt 1 ,Bộ xéc măng (0.25) Future 125 FI / Future LED (2012-2026), MSX 125"
13031-K44-V00,"Bạc cốt 2 ,Bộ xéc măng (0.50)  Vision 110(2014-2020)"
13101-GFM-900,"Piston cốt 0 , Piston tiêu chuẩn (STD)  , Lead110, scr 110 (2008-2012)"
13101-K03-H10,"Piston cốt 0 ,Piston (STD) RSX110 FI, blade 110 số(2014-2026) wave110( 2017-2026)"
13101-K2F-T00,"Piston cốt 0 ,Piston tiêu chuẩn (STD) Vision 110(2021-2026)"
13101-K36-T00,#N/A
13101-K44-V00,"Piston cốt 0 ,Piston tiêu chuẩn (STD)  Vision 110 (2014-2020)"
13101-K56-P00,"Piston cốt 0 (STD) Winner 150, winner X, Sonic150, CBR150R(2016-2026)"
13101-K77-V00,"Piston cốt 0 ,Piston tiêu chuẩn (STD)  SH 125, SH Mode 125 (2017-2019)"
13101-KFL-505,"Piston cốt 0 ,Piston (STD) Wave 100,dream 100, future 110, wave rs 100,ws 100"
13101-KFV-660,"Piston cốt 0 ,Piston tiêu chuẩn (STD) Wave 100,dream 100 , wave rs 100,wave S 100"
13101-KPH-881,"Piston cốt 0 ,Piston (STD) future Neo 125 (2005-2009), Future X 125 (2010-2011)"
13101-KVB-900,"Piston cốt 0 ,Piston tiêu chuẩn (STD) air blade 110(2007-2009)Click 110( 2006-2011)"
13101-KVB-T00,"Piston cốt 0 ,Piston tiêu chuẩn (STD) air blade FI 110(2009-2012) Click 110( 2006-2011)"
13101-KWB-600,"Piston cốt 0 ,Piston  (STD) WAVE S110, Wave RSX 110 FI, wave RS 110( 2009-2013)"
13101-KWN-902,"Piston cốt 0 (STD), PCX 125 (2012-2014),air blade(ab) 125,lead 125,sh mode 125 (2013-2015)"
13101-KWW-740,"Piston cốt 0 ,Piston (STD) RSX110 FI, blade 110 số(2014-2026) wave110( 2017-2026)"
13101-KYZ-900,"Piston cốt 0 ,Piston tiêu chuẩn (STD) Future 125 FI / Future LED (2012-2026), MSX 125"
13101-KZL-930,"Piston cốt 0 ,Piston tiêu chuẩn (STD) Vision 2011-2013"
13102-GFM-900,"Piston cốt 1 , Piston (0.25)  , Lead110, scr 110 (2008-2012)"
13102-K2F-T00,"Piston cốt 1 ,Piston tiêu chuẩn (0.25) Vision 110(2021-2026)"
13102-K44-V00,"Piston cốt 1 ,Piston tiêu chuẩn (0.25) Vision 110(2014-2020)"
13102-KFV-660,"Piston cốt 1 ,Piston (0.25) Wave 100,dream 100 , wave rs 100,wave S 100"
13102-KVB-900,"Piston cốt 1 ,Piston (0.25) air blade 110(2007-2009)Click 110( 2006-2011)"
13102-KWB-305,"Piston cốt 1,Piston(0.25)  RSX110 FI, blade 110 số(2014-2026) wave110( 2007-2026)"
13102-KWN-902,"Piston cốt 1(0.25), PCX 125 (2012-2014),air blade(ab) 125,lead 125,sh mode 125 (2013-2015)"
13102-KWW-740,"Piston cốt 1 ,Piston (0.25) RSX110 FI, blade 110 số(2014-2026) wave110( 2017-2026)"
13102-KYZ-900,"Piston cốt 1 ,Piston (0.25) Future 125 FI / Future LED (2012-2026), MSX 125"
13102-KYZ-901,"Piston cốt 1 ,Piston (0.25) Future 125 FI / Future LED (2012-2026), MSX 125"
13102-KZL-930,"Piston cốt 1 ,Piston tiêu chuẩn (0.25) Vision 2011-2013"
13103-K03-H10,"Piston cốt 1 ,Piston (0.25) RSX110 FI, blade 110 số(2014-2026) wave110( 2017-2026)"
13103-KVB-900,"Piston cốt 2 ,Piston (0.50) air blade 110(2007-2009)Click 110( 2006-2011)"
13103-KYZ-900,#N/A
13104-KFL-860,#N/A
13111-087-000,"Chốt piston (Ắc piston) Dream, Wave, Wave S/RS/RSX 110, Future I,Future Neo, Future X, Future 125 FI, Blade 110."
13111-KWN-900,"Chốt piston (Ắc piston) Air Blade (ab) 125, Lead 125, sh mode 125, pcx 125 (2012-2015)"
13115-GN5-910,"Phe cài ắc piston (Phe gài ắc) Dream, Wave, Wave S/RS/RSX 110, Future I,Future Neo, Future X, Future 125 FI, Blade 110."
13115-KZY-700,"Phe cài ắc piston (Phe gài ắc) Air Blade (ab) 125, Lead 125, sh mode 125, pcx 125 (2012-2015)"
14100-K0S-V00,"Trục cam (Cây cam/Cốt cam) Sh 150/160 (2020-2026), vario 160, Pcx160, ADV160 (2022-2026)"
14100-K44-V00,Trục cam (Cây cam/Cốt cam) Vision 2014-2020
14100-KWW-711,#N/A
14321-KWB-600,"bánh cam sắt 32 răng, Nhông cam Wave S 110,Rsx 110, wave RS 110 (2009-2013)"
14321-KWW-740,"bánh cam sắt 32 răng, Nhông cam Wave alpha 110,Rsx 110, Wave blade 110 (2014-2026)"
14321-KYZ-900,"bánh cam sắt 32 răng, Nhông cam Future 125 FI hoặc future mập (2012-2017)"
14401-436-003,Sên ( xích) cam 90 mắt future 1
14401-K56-N01,"Sên ( xích) cam 120 mắt Winner 150 / Winner X, sonic 150 (2016-2026)"
14401-K76-T61,"Xích cam (90mắt) WS110, Rsx 110, Wave  blade 110"
14401-K97-T01,"Xích cam (92mắt) Air Blade 125/150 (2013 - 2022)Lead 125, SH Mode, SH 125/150i,Vario 125/150/160, Click Thái, PCX 125/150/160"
14401-KFM-900,"sên cam 88 mắt Wave Alpha , Wave S100, Wave RS 100 ,Super Dream 100, future 125"
14401-KSS-931,"Sên (xích) cam 92 mắt Vario, Click thái, Ab 125, PCX, SH Việt"
14401-KYZ-T01,"sên cam (88 mắt) Future 125 (Future Mập, Future LED), MSX 125 và Wave 125i Thái"
1440A-436-003,#N/A
1440A-KFM-900,"bộ dàn cam  Dream, Super Dream, Wave Alpha 100, Wave A 100, Wave RS 100, RSX 100"
14500-035-020,"Cần tăng cam ,Thanh tăng  Dream, Wave Alpha, Wave 100 và Future đời đầu."
14500-KWB-600,"Cần tăng cam ,Thanh tăng  Wave S110, Wave RS 110, Wave RSX 110"
14500-KYZ-900,"Cần tăng cam ,Thanh tăng  Future 125 , MSX 125, Wave 125i (Thái Lan)."
14502-086-000,"bánh tăng cam Cub, Dream, Super Dream, Wave Alpha, Wave A 100/110, Future 110/Neo/X, Blade 110."
14510-KPH-880,"Cần tăng cam trên Future II, Future Neo, Future Neo Fi, Future X ,Future X Fi "
14510-KVB-900,"Cần tăng cam trên air blade (ab)110 , click 110"
14510-KZR-600,"cần tăng cam trên Air 125, PCX 125, Click 125i ,Vario 125,Sh Mode 125 ."
14520-GFC-771,"Cục tăng cam Lead 110, Vision 110, Air Blade 110/125/150, Vario/Click,  Winner 150,Sonic 150."
14520-KVY-901,"Cục tăng cam (Bộ tăng sên cam ) Wave 110 RS, Wave 110S, Wave RSX 110 "
14520-KZR-602,"cục tăng cam Air blade(AB) 125,SH Mode 125, Click 125i ,Vario 125/150 ,PCX 125/150."
14541-GB4-681,"Lò xo xích cam Super Dream, Wave Alpha, Wave RS,S, Fu 1,Future Neo,Fi ,Future X Fi "
14550-GB0-911,"ty tăng cam super Dream, Wave Alpha, Wave RS,S, Fu 1,Future Neo,Fi "
14566-086-030SS,"cao su tăng xích cam super Dream, Wave Alpha, Wave RS,S, Fu 1,Future Neo,Fi ,ws110"
14610-086-010,"bánh lòng(bánh dẫn xích cam) Cub, Dream, Super Dream, Wave Alpha, Wave A 100/110, Future 110/Neo/X, Blade 110."
14610-KPH-900,"cần tăng cam dưới( nâng chỉnh xích cam)  future Neo, future 2, future X"
14610-KWB-600,"Bánh xe lòng Wave(bán dẫn xích cam) S110, RSX 110, Blade.."
14611-K44-V00,"cần tăng cam dưới,Thằn lằn sên cam  Vision 2014-2020"
14611-KVB-900,"cần tăng cam dưới,Thằn lằn sên cam air blade 110, click 110, lead 110"
14611-KWN-900,"cần tăng cam dưới,Thằn lằn sên cam air blade 125,lead 125, sh 125/150(2013-2016) sh mode 125(2013-2019)pcx 125/150(2010-2015)"
14615-KFL-850,"ốc bắt bánh xe lòng wave rs 110, Super Dream, Wave Alpha, Wave A 100/110, Future 110, future Neo / X,"
14670-GBJ-M30,"bánh bơm nhớt 25 răng Dream, Wave Alpha, Wave 100 , cup 50,70,90, Future đời đầu"
14670-KWB-600,"Bánh dẫn xích cam (23răng) Wave S110, RSX 110, Wave blade 110"
14670-KYZ-900,"Bánh bơm nhớt,Bánh dẫn xích cam (23răng)  future 125, future led  FI"
14751-GN5-911,"Lò xo xupap ngoài, lò xo nạp/xả lớn super Dream 100, Wave Alpha 100, wave thái 110, future 1"
14761-GN5-911,"Lò xo xupap trong, lò xo nạp/xả nhỏ super Dream 100, Wave Alpha 100, wave thái 110. future 1"
15100-GFM-970,"Cụm bơm nhớt, bộ bơm dầu lead 110 (2008-2013) air blade 110 fi (2009-2011), vision 2011-2013"
15100-KWB-600,"bộ bơm nhớt  Dream, Wave Alpha, Wave A 100, wave rs 100, RSX 110,Wave S110,Wave RS 110"
15133-K2S-V00,"bộ bơm nhớt  air blade 125/160, lead 125 4 val, sh mode 125, Sh 125/150 (2022-2026) ,vario/pcx 160"
15133-KVB-900,"Cụm bơm nhớt, bộ bơm dầu lead 110 (2008-2013) air blade 110 fi (2007-2011), vision 2011-2013"
15421-035-010,"lưới lọc nhớt Dream, Wave Alpha, Wave A 100/110, Future 110/ fu Neo 125/X, Blade 110, ws110"
15431-HF7-010,"nắp 3 lỗ nồi Dream, Wave Alpha, Wave A 100/110, Future 110/ fu Neo 125/X, Blade 110, ws110"
15439-HF7-000,"Gioăng 3 lỗ nồi Dream, Wave Alpha, Wave A 100/110, Future 110/ fu Neo 125/X, Blade 110"
15651-GGE-900,"ty thăm nhớt ( thước thăm dầu) lead 110, Scr 110 (2008-2012)"
15651-GN5-640,ty thăm nhớt Đen ( thước thăm dầu) wave alpha nhỏ (2001-2003)
15651-GN5-911,"ty thăm nhớt Đen ( thước thăm dầu) wave, dream, future 1"
15651-K12-900,ty thăm nhớt  ( thước thăm dầu) lead 2013-2020
15651-K29-900,ty thăm nhớt  ( thước thăm dầu) sh mode 125 (2013-2020)
15651-K2C-V00,ty thăm nhớt  ( thước thăm dầu)Vision 2022-2026
15651-K44-V00,ty thăm nhớt ( thước thăm dầu) vision 2014-2020
15651-KVG-900," Ty thăm nhớt Air Blade 110 (2007-2010), AB Đầu Bò 2011-2012"
15651-KWN-900,#N/A
15651-KZL-930,ty thăm nhớt vision 2011-2013
15651-KZR-600,"ty thăm nhớt Air blade 125/150 (2013-2020), Vario 125/150 ,click 125/150"
16100-K57-V01,"bình xăng con (Chế ) Wave Rsx 2013 , Wave Blade Số , Wave S 110"
16100-K89-V01,bình xăng con Wave @(A )110 (2017-2025)
16100-KFL-861,bình xăng con ( chế hòa khí ) Future 1 (2000-2005)
16100-KFV-951,"bình xăng con( chế hòa khí) Wave nhỏ ,sper dream, dream "
16100-KRS-901,"bình xăng con( chế hòa khí) Wave nhỏ ,sper dream, dream "
16100-KTL-642,"Bình xăng con  Wave Alpha(A)100,Wave RS100,Wave S100,Wave Rsx 100.( 2 Tem)"
16100-KTM-972,"bình xăng con( chế hòa khí) Future Neo, Futrure X"
16100-KVG-951,bình xăng con air balade ( ab) cơ  2007-2009
16100-KWW-B11,"bình xăng con (Chế ) Wave S 110,Wave Rsx 2013 , Wave Blade Số , "
16100-KWY-A31,"Bình xăng con  Wave Alpha(A)100,Wave RS100,Wave S100,Wave Rsx 100.( 1 tem)"
16100-KYZ-V61,bình xăng con ( chế hòa khí) future 125 (2012-2016)
16201-KCW-013,Gioăng cách nhiệt cổ hút
16201-KVB-901,"gioăng co xăngair balade ( ab) cơ  2007-2009, Click 110 "
16211-051-690,"phíp co xăng DƯỚI Wave nhỏ ,sper dream, future 1"
16211-GB5-750,0
16211-KPH-900,"Phíp co xăng future 2, future neo"
16400-K44-V01,0
16400-KYZ-G01,0
16400-KYZ-V21,0
16400-KZL-E01,0
16450-K03-H11,"Kim phun (Béc phun Fi )Wave Rsx 110 FI , Wave Blade Số 110 FI, Future 125 FI"
16450-K35-V01,"Kim phun 6 lỗ (Béc phun Fi )PCX 125 (2014-2017), AIr 125 (2016-2019), Lead 125(2017-2021)"
16450-K60-T71,"Kim phun 6 Lỗ (Béc phun Fi )SH Mode 125, SH 125,PCX 125 , AIr 125, Lead 125(2022-2026) 4 val"
16700-K01-D02,Cụm ( bộ)bơm xăng SH 125/150 (2012-2016)
16700-K03-H01,Cụm( bộ) bơm xăng Rsx 110 Fi  2014-2018
16700-K0R-V01,Cụm (bộ)Bơm xăng Sh 125/150 (2020-2026)
16700-K12-901,Cụm (bộ) bơm xăng lead 125(2013-2015)
16700-K12-931,Cụm( bộ) bơm xăng lead 125 (2015-2019)
16700-K1F-V01,"cụm,Bộ bơm xăng air blade 125/150 (2020-2022)"
16700-K1N-V01,Cụm bơm xăng sh mode 2022
16700-K27-V52,cụm ( bộ) bơm xăng air 125/150 (2013-2019)
16700-K2C-V01,cụm ( bộ) bơm xăng Vision 110 (2021-2026)
16700-K2C-V91,cụm ( bộ) bơm xăng Vision 110 (2021-2026)
16700-K2S-T01,"cụm ( bộ) bơm xăng Vario 160, click 160 (2022-2026)"
16700-K2T-V01,Cụm( bộ) bơm xăng lead 4 van 2022-2026
16700-K35-V01,Cụm( bộ) bơm xăng Pcx  2014-2017
16700-K44-V01,cụm ( bộ) bơm xăng Vision 110 (2014-2020)
16700-K56-N11,"Cụm( bộ) bơm xăng winner, winner X V2, V3, V4"
16700-K66-VE1,Cụm bơm xăng air blade 125 (2016-2019)
16700-K73-V81,Cụm bơm xăng future 125 led 2020-2026 
16700-K77-V01,Cụm( bộ)bơm xăng SH125/150 (2017-2019)
16700-KVG-V22,cụm ( bộ) bơm xăng air FI 110 (2009-2010)
16700-KVG-V43,cụm ( bộ) bơm xăng air FI 110 đầu bò( bự) (2011-2012)
16700-KWN-711,#N/A
16700-KYZ-713,Cụm bơm xăng future 125 (mập) (2011-2015)
16700-KYZ-G02,Cụm bơm xăng future 125  (2012-2017)
16700-KZL-931,cụm ( bộ) bơm xăng Vision 110 (2011-2013)
16700-KZR-C02,Cụm( bộ) bơm xăng SH Mode125 (2013-2020)
16710-KVG-901,cụm ( bộ) bơm xăng air cơ 110 (2007-2008)
16900-GET-003,lọc xăng( cụm lọc xăng) air blade 110 (2007-2012)
16910-KFM-902,"lọc xăng  Future 1, Dream, Wave alpha nhỏ (1997-2005)"
17100-K03-H10,co xăng ( cổ hút) Rsx 110 Fi 2014-2026
17110-KPH-741,"co xăng ( cổ hút) future Neo, fu X , FU 2"
17110-KWB-920,"co xăng ( cổ hút) Wave S110,Wave RS 110,Wave RSX 110,Wave blade 110, wave alpha 110"
17110-KYZ-710,co xăng ( cổ hút) Future 125 Fi (2012-2026)
17111-GN5-911,"co xăng ( cổ hút) Dream, Wave alpha nhỏ (1997-2005)"
17111-K56-N00,#N/A
17111-KTL-850,"co xăng ( cổ hút)  Wave RS 100, Wave A 100, wave S100"
17205-GN5-900,"Mút lọc gió Future 1, Dream, Wave alpha nhỏ (1997-2005)"
17210-GGE-900,"Lọc gió Lead 110 ( 2008-2012), SCR 110"
17210-K01-900,Lọc gió SH 125/150 (2012-2016)
17210-K03-M50,Lọc gió Wave RSX110 FI (2014-2024)
17210-K0R-V00,Lọc gió ( lọc khí) SH 125/160 (2020-2026)
17210-K12-900,Lọc gió( lọc khí) Lead 125  (2013-2020)
17210-K1B-D00,Lọc gió Honda Sh 350i (2021-2026)
17210-K1N-V00,Lọc gió Honda Sh Mode 125 (2021-2025)
17210-K1Z-J10,"Lọc Gió Vario 160, Click 160, PCX 160, ADV 160"
17210-K29-900,"Lọc khí  SH Mode 125( 2013-2020), Air Blade 125 (2013-2020)"
17210-K2C-V00,Lọc gió (lọc khí) Vision 2022-2026
17210-K2T-V00,Lọc gió (lọc khí) Lead 125 4 val 2022-2025
17210-K2Z-V00,"Lọc Gió AB 160, Air Blade 125 ( 2022 2026 ) 4 val"
17210-K44-V00,Lọc gió (lọc khí) Vision 2014-2020
17210-K53-D00,Lọc gió Honda Sh 350i (2021-2025)
17210-K56-V00,Lọc gió  Winner 150 V1 / Sonic 150
17210-K56-V50,"Lọc gió  Winner X 150  V2,V3, V4"
17210-K73-V40,"lọc gió  future 125FI, fu lead 2018-2026"
17210-K77-V00,lọc gió sh 2017-2019
17210-K97-J00,Lọc gió PCX 125 / 150 (2018-2021)
17210-KGF-901," Tấm lọc khí SH nhập, SH Ý (2009-2011)"
17210-KPH-900,"Lọc gió Wave RS, Wave A,Future Neo"
17210-KVB-930," Lọc khí Air Blade 110, Click 110 (2007-2008)"
17210-KVG-V20,"Lọc gió Air blade 110 FI, AB mập (2009 - 2012)"
17210-KWN-900,Lọc gió PCX Thái 2010-2013
17210-KWW-B20,"Tấm lọc khí Wave A110, S110, Rsx110, Blade xe số"
17210-KYZ-V00,"Lọc gió Future 125 FI Led, Future Mập, Future X"
17210-KZR-600," Lọc gió Vario 125 ,Click 125i (2017-2022), Vario 150 2017, Airblade 125 (2013 -2015)"
17212-KFL-840,"lưới lọc dầu (lưới lọc gió) Future 1, Dream, Wave alpha nhỏ (1997-2005)"
17215-K27-V00,"ống lọc khí air blade,sh mode 125/150 (2013-2021)"
17215-K2C-V00,#N/A
17220-K01-900,Bộ Lọc gió SH 125/150 (2012-2016)
17220-KZL-E00,Bộ lọc gió Vision 2011-2013
17225-K0R-V00,"Ống bầu lọc khí SH 125i, SH 150i và SH 160i (2020-2026)"
17225-K12-900,Ống bầu lọc khí  Lead 125cc các đời từ 2013 đến 2015
17225-K27-V01,hộp lọc gió air blade 125 ( 2013-2015)
17225-K2C-V00,#N/A
17225-K44-V00,0
17225-K56-N00,0
17225-K56-V50,0
17225-K66-V01,0
17225-KFV-950,0
17225-KPH-880,0
17225-KTM-970,0
17225-KVB-900,bầu lọc gió click
17225-KVG-900,hộp lọc gió air
17225-KVG-V20,bầu lọc gió air fi
17225-KVG-V40,0
17225-KYZ-V20,0
17225-KZL-930,0
17227-HC0-000,0
17230-K73-V40,0
17231-GN5-830,bộ lọc gió w
17231-K73-V40,0
17231-KFL-890,0
17233-GBG-B20,0
17233-GN5-900,bộ lọc gió w
17234-GBG-B20,0
17234-GN5-900,bộ lọc gió w
17234-K0R-V00,0
17234-KVG-900,0
17235-GGE-900,0
17235-K03-M50,0
17235-K44-V00,0
17235-K56-N00,0
17235-K56-V50,"thân bầu lọc khí,đế phần dưới của hộp lọc gió/pô-e Winner X 150  V2,V3, V4"
17235-KPH-700,0
17235-KVB-900,0
17235-KWW-B20,0
17235-KYZ-900,0
17235-KZL-930,0
17236-GBG-B20,0
17237-GBG-B20,0
17240-K56-N00,0
17245-K01-900,nắp bầu lọc gió sh 2012
17245-K12-900,Nắp bầu lọc khí
17245-K1N-V00,Nắp bầu lọc khí sh mos 2022
17245-K27-V00,nắp lọc gió air 2013
17245-K2C-V00,0
17245-K36-J00,0
17245-K56-N00,0
17245-K56-V50,"Giá đỡ ( KHAY sắt ) & gioăng đệm kín tấm lọc gió pô-e  Winner X 150  V2,V3, V4"
17245-KVG-A30,0
17245-KVG-V40,Nắp bầu lọc khí
17245-KWN-980,Nắp bầu lọc khí
17253-GN5-900,#N/A
17253-K44-V00,0
17253-K56-N00,0
17253-KFV-950,0
17253-KPH-900,Co bao tử Neo
17253-KTL-740,co bao tử rs 
17253-KVB-900,0
17253-KVB-T00,ống nối bầu lọc khí air fi
17253-KVG-900,0
17253-KWB-920,0
17253-KZL-930,0
17253-KZR-600,0
17255-329-000,cổ dê bắt bầu lọc gió
17255-KYZ-710,0
17256-053-010,0
17261-K12-930,0
17261-KVB-T00,0
17410-K56-V00,0
17500-K2C-V00,Bình xăng lớn(thùng chứa nhiên liệu) Vision 2021-2026
17500-KRS-900,"bình xăng lớn Wave Alpha đời đầu, Wave ZX 2001-2005"
17500-KRS-V50,"bình xăng lớn Wave Alpha đời đầu, Wave ZX 2001-2005"
17510-GBG-B20ZD, Bình xăng lớn Dream Việt 100 (2003-2009 )
17510-GFM-970,Bình xăng lớn lead 110 (2008-2012)
17510-K01-900,bình xăng lớn SH 125/150 ( 2012-2019)
17510-K03-M30,Bình xăng lớn Wave RSX110 FI (2014-2016)
17510-K0R-V00,Bình xăng lớn SH 125/150 (2020-2026)
17510-K12-900,Bình xăng lớn lead 125cc 2013-2016
17510-K12-V00,bình (Thùng) xăng lớn lead 125cc 2017-2018
17510-K12-V80,bình (Thùng) xăng lớn lead 125cc 2019-2020 có móc
17510-K1F-V00,Bình xăng (bình nhiên liệu) lớn Air 2020-2021
17510-K1N-V00,bình xăng lớn SH Mode 2020-2025
17510-K29-900,bình xăng lớn sh mode 2013-2019
17510-K2S-V00,"Bình xăng lớn vario 160, click 160 (2022-2026)"
17510-K2T-V00,"Bình xăng lớn lead 125,4 van 2022-2026"
17510-K2Z-V00,Bình xăng lớn air( AB) 125/160 (2022-2025) 4 VAL
17510-K35-V00,"bình,Thùng xăng PCX 2015 - LED"
17510-K44-V00,bình xăng lớn Vision 2014-2020
17510-K56-V00,Bình xăng lớn WINNER(X) V1 V2 V3 V4
17510-K57-V00,"Bình xăng lớn Wave blade số, WA 2017"
17510-K66-V00,Bình xăng Air Blade 125 (2016-2019)
17510-K90-V00,Bình xăng lớn RSX Fi 2018-2023
17510-KPH-305,"Bình xăng lớn future Neo,Fu X, Neo Fi"
17510-KTL-640,"Bình xăng, Thùng xăng lớn Wave A / S / RS 100(2005-2009)"
17510-KVB-930,bình xăng lớn Click 110 (2005-2007)
17510-KVG-950,Bình xăng lớn air Blade( AB) 2007-2008
17510-KVG-A30,Bình xăng Airblade Air Blade Fi (2009 - 2010)
17510-KVG-V40,Bình xăng lớn air 110 (béo) 2011-2012
17510-KWB-920,"Bình xăng lớn Wave S110, Wave RSX110 (2009-2013)"
17510-KWW-A80,Bình xăng lớn Wave RSX110 (2012-2014)
17510-KYZ-V20,bình xăng lớn future 125 fi (2012-2013)
17510-KYZ-V60,bình xăng lớn future 125 (2012-2015)
17510-KYZ-V70,bình xăng lớn future 125 fi  (2016-2026)
17516-GFM-970,0
17518-GGL-J00,0
17531-K27-V01,dây bơm xăng air blade 125 (2013-2015)
17531-K66-V01,dây bơm xăng air blade 125 (2016-2019)
17570-K12-901,dây bơm xăng lead 125cc 2013-2019
17570-K44-V01,"dây bơm xăng,ống dẫn xăng vision 2014-2020"
17572-GHB-601,0
17572-KWB-600,0
17575-K01-900ZA,0
17575-K2C-V00,0
17575-K2S-V00,0
17575-K44-V00,0
17575-K77-V00ZA,0
17576-K77-V00ZA,0
17620-K01-902," Nắp bình xăng Sh Mode 125, SH 125 150, Vision 110, Future Led, Future Mập 125, Wave RSX 110"
17620-K66-V01,"Nắp bình xăng Nắp bình xăng AB 125(2016-2019)Lead 125, Pcx 125 Sh 125"
17620-KVG-V21,nắp bình xăng Nắp bình xăng Air Blade 110 FI  (2009-2011)
17620-KVV-900,"Nắp bình xăng Dream, Wave Alpha, Wave S110, Wave RSX 110, Future 1, Fu 2, Fu Neo, Fu X, Fu mập 2012-2015"
17631-KEV-900,"Ron ( gioăng cao su) nắp bình xăng Dream, Wave Alpha, Wave S110, Wave RSX 110, Future 1, Fu 2, Fu Neo, Fu X, Fu mập 2012-2016"
17910-GFM-971,"Dây ga Lead 110cc, SCR 110cc (2008-2012)"
17910-GN5-900,"Dây ga spe dream, dream thái (1997-2013)"
17910-K01-901,Dây ga SH 125/150 (2012-2016)
17910-K03-N31,"Dây ga A Wave RSX 110 Fi, Wave 110 RSX (2014-2024)"
17910-K12-932,Dây ga A Lead 125cc (2013-2016)
17910-K12-V01,Dây ga A Lead 125cc (2017-2021)
17910-K1F-V01,Dây ga A Air blade 125/150 (2020-2026+)
17910-K27-V01,dây ga air blade  125 (2013-2015)
17910-K27-V50,dây ga air blade  125 (2013-2015)
17910-K29-901,dây ga SH mode 125 (2013-2019)
17910-K2C-V01,Dây ga A Vision 110 (2021-2026+)
17910-K35-V01,dây ga A Pcx 125 (2014-2017)
17910-K44-D01,Dây ga A Vision 110 ( 2014-2020)
17910-K44-V01,Dây ga A Vision 110 ( 2014-2020)
17910-K56-N10,"Dây ga A Winner, V1, winner X .V2, V3, V4"
17910-K57-V01,Dây ga Wave Blade số 2014-2026+
17910-K66-V01,dây ga A Air blade 125 (2016-2019)
17910-K73-V41,"Dây ga Future 125 Fi (Future LED) , wave 125 thái (2018-2026+)"
17910-K77-V01,Dây ga A Sh 125/150i (2017-2019)
17910-K89-V01,Dây ga Wave (A) 110 (2017-2025)
17910-KFL-890,dây ga Future 1 (1999-2005)
17910-KFV-790,Dây ga spe dream 100cc (2001-2007)
17910-KPH-701,"Dây ga future X, Future neo , Fu Neo Fi"
17910-KPH-B30,"Dây ga future X, Future neo , Fu Neo Fi, Future 2"
17910-KRS-900,dây ga Wave alpha nhỏ 2001-2005
17910-KTL-740,dây ga Wave S100 / RS 100 / RSX 100/ wave A 100 (2006-2016)
17910-KTM-971,"Dây ga future X, Future neo, Future 2"
17910-KVB-851,Dây ga Click 110 (2005-2012)
17910-KVB-T01,"Dây ga Air blade 110 FI, AB mập (2009 - 2010)"
17910-KVG-900,Dây ga Air Blade 110 (2007-2008)
17910-KVG-V41,"Dây ga Air blade 110 FI, AB mập (2011 - 2012)"
17910-KWN-901,Dây ga Pcx 125  (2010 - 2013)
17910-KWW-B22,"Dây ga Wave S110, Wave RSX110 (2009-2013)"
17910-KWW-B81,"Dây ga Wave S110, Wave RSX110 (2009-2013)"
17910-KYZ-711,"Dây ga future 125 fi, fu mập, Fu X Fi (2012-2017)"
17910-KYZ-901,"Dây ga future 125 , fu mập, Fu X cơ, bình xăng con (2012-2017)"
17910-KZL-E01,dây ga vision 110cc(2011-2013)
17920-K03-N31,"Dây ga B Wave RSX 110 Fi, Wave 110 RSX (2014-2024)"
17920-K12-V01,Dây ga B Lead 125cc (2017-2021)
17920-K2C-V01,Dây ga A Vision 110 (2021-2026+)
17920-K35-V01,dây ga B Pcx 125 (2014-2017)
17920-K44-D01,Dây ga B Vision 110 ( 2014-2020)
17920-K44-V01,Dây ga B Vision 110 ( 2014-2020)
17920-K56-N10,"Dây ga A Winner, V1, winner X .V2, V3, V4"
17920-K66-V01,dây ga A Air blade 125 (2016-2019)
17920-K73-V41,"Dây ga Future 125 Fi (Future LED) , wave 125 thái (2018-2026+)"
17950-KFL-890,"dây e , dây le future 1 (1999-2005)"
17950-KFL-D00,"dây E, dây le Wave S100 / RS 100 / RSX 100/ wave A 100 (2006-2016)"
17950-KFV-790,"dây E, dây le spe dream 100cc (2001-2007)"
17950-KRS-900,"dây E, dây le Wave alpha nhỏ 2001-2005"
17950-KTM-840,"dây E, dây le future X, Future neo, neo Fi, Future 2"
17950-KWW-A00,"dây E, dây le Wave S110, Wave RSX110 (2009-2013)"
18240-GN5-900,Bát cổ Bô super dream Vát đầu( xéo) 1997-2013
18240-KEV-900,Bát cổ Bô Wave nhỏ 100 Đời đầu (Nhỏ) 2001-2003
18240-KFL-890,Bát cổ Bô future 1 (1999-2004)
18240-KRS-W00,Bát cổ Bô  Wave 100 Đời đầu   2004-2005
18240-KTL-640,Bát cổ Bô (A) / RS /WS 100 (2006-2011) 
18240-KTM-980,Bát cổ Bô  Future Neo 2005-2009
18291-GE2-921,"ron cổ bô Wave alpha, dream 100,  Wave, future 110, Future 125, MSX 125, Winner 150"
18291-KVB-900,"ron cổ bô  Air Blade (từ đời 110,125, 150), Click 110, Vario, SH (125/150), Vision, PCX, Lead."
18293-KSB-900,"cao su bắt bô Air Blade (110, 125,150,160cc), Click 110, Lead 125, Vision, SH Mode, SH 125/150, PCX, Vario"
18300-K03-M30,"Bô xe, ống xả ,Wave RsX 110 fi (2014-2021)"
18300-K56-V50,"Bô xe, ống xả ,Winner X ,V2,V3,V4 (2019-2021)"
18300-K90-VC1,"Bô xe, ống xả ,Wave RSX 110cc Fi (2019-2026+)"
18300-K90-VM0,"Bô xe, ống xả ,Wave RSX 110cc Fi (2019-2026+)"
18300-KVG-950,"Bô xe, ống xả ,air blade 110cc, Fi (2007-2010)"
18300-KVG-V40,#N/A
18306-K59-A70ZA,Chụp đuôi pô xe Vario xám bạc 125/150 (2018 -2022)
18316-KVB-900,0
18318-GGE-900,"bát bô xe, tấm chắn nhiệt ống xả lead 110 A (2008-2012)"
18318-K01-900,"bát bô xe, tấm chắn nhiệt ống xả A Đen Sh 125/150 (2012-2019)"
18318-K0R-V00,"bát bô xe, tấm chắn nhiệt ống xả A đen Sh 125/150 (2020-2026)"
18318-K12-900,"bát bô xe, tấm chắn nhiệt ống xả Lead 125 (2013-2016) đen"
18318-K12-V00ZA,"bát bô xe, tấm chắn nhiệt ống xả Lead 125 (2017-2021) Bạc"
18318-K1F-V00,"bát bô xe, tấm chắn nhiệt ống xả air blade 125/150 (2020-2021)đen"
18318-K1N-V00ZA,"bát bô xe, tấm chắn nhiệt ống xả Sh mode 125 (2021-2024) Bạc"
18318-K1N-V00ZB,"bát bô xe, tấm chắn nhiệt ống xả Sh mode 125 (2021-2024) đen nhám"
18318-K27-V00,"bát bô xe, tấm chắn nhiệt ống xả  air 125 (2013-2015)"
18318-K29-900ZA,"bát bô xe, tấm chắn nhiệt ống xả Sh mode 125 (2013-2019) Bạc"
18318-K2C-V00,"bát bô xe, tấm chắn nhiệt ống xả Vision (2020-2026+)"
18318-K2S-N00,"bát bô xe, tấm chắn nhiệt ống xả vario 160 (2022-2026)"
18318-K2T-V00ZA,"bát bô xe, tấm chắn nhiệt ống xả lead 125-4 val (2022-2025) bạc"
18318-K2T-V00ZB,"bát bô xe, tấm chắn nhiệt ống xả lead 125-4 val (2022-2025) đen nhám"
18318-K2Z-V00,"bát bô xe, tấm chắn nhiệt ống xả air blade 125/160 ( 2022-2025)"
18318-K35-V00,"bát bô xe, tấm chắn nhiệt ống xả pcx 125 (2014-2017)"
18318-K44-V00,"bát bô xe, tấm chắn nhiệt ống xả Vision (2014-2020)"
18318-K66-V00,"bát bô xe, tấm chắn nhiệt ống xả air blade 125( 2016-2019)"
18318-K77-V00,"bát bô xe, tấm chắn nhiệt ống xả B Đen  Sh 125/150 (2017-2019)"
18318-K97-T00ZA,"bát bô xe, tấm chắn nhiệt ống xả pcx 125 (2018-2020) bạc"
18318-KRJ-900,#N/A
18318-KVB-900,"bát bô xe, tấm chắn nhiệt ống xả A Đen click (2005-2012) "
18318-KVG-950,"bát bô xe, tấm chắn nhiệt ống xả air blade 110, Fi( 2007-2010)"
18318-KVG-V40,"bát bô xe, tấm chắn nhiệt ống xả air blade110 Fi đầu bò ( 2011-2012)"
18318-KWN-900,"bát bô xe, tấm chắn nhiệt ống xả pcx 125 (2010-2013)"
18318-KZL-930,"bát bô xe, tấm chắn nhiệt ống xả Vision (2011-2013)"
18319-GFM-970,"bát bô xe, tấm chắn nhiệt ống xả lead 110 B màu bạc (2008-2012)"
18319-K01-900,"bát bô xe, tấm chắn nhiệt ống xả B Bạc Sh 125/150 (2012-2019)"
18319-K0R-V00,"bát bô xe, tấm chắn nhiệt ống xả B bạc Sh 125/150 (2020-2026)"
18319-K77-V00,"bát bô xe, tấm chắn nhiệt ống xả B Bạc  Sh 125/150 (2017-2019)"
18319-KVB-900,"bát bô xe, tấm chắn nhiệt ống xả A bạc click (2005-2012) "
18327-K2P-V60,"Chụp Đuôi bô Winner X V3, V4 Đen (2022-2025)"
18327-K56-V00,Chụp Đuôi bô Winner 150 (bạc) (2016-2018)
18327-K56-V50,Chụp Đuôi bô Winner X V2  Bạc (2019-2021)
18327-K56-V60,#N/A
18327-K77-V00,Chụp đích bô Sh 125/150 (2017-2019)
18350-GBG-B20,"Bô xe, ống xả super dream Vát đầu( xéo) 1997-2013"
18350-K07-940,Bô Xe ( ống xả) RSX 110 (2012-2013)
18350-K57-V00,Bô Xe ( ống xả) wave blade 110 (2014-2026+)
18350-K89-V00,Bô Xe ( ống xả) wave (a) 110 (2017-2023)
18350-KFL-890,Bô Xe ( ống xả) future 1 (1999-2004)
18350-KFV-830,"Bô xe, ống xả super dream  đầu bằng 2004-2007"
18350-KRS-900,"bô xe, Ống Xả Wave nhỏ 100 Đời đầu (Nhỏ) 2001-2003"
18350-KRS-W00,"Bô xe, Ống Xả lớn Wave 100 Đời đầu   2004-2005"
18350-KTL-640,Bô Wave Alpha (A) / RS /WS 100 (2006-2008) không bát bắt vỉ chắn nhiệt
18350-KTM-970,"Bô xe, Ống Xả  Future Neo 2005-2009"
18350-KVR-V10,Bô Wave RS /WS 100 (2006-2016) có bát bắt vỉ chắn nhiệt
18350-KVR-V80,"Bô, ống xả Wave RSX 100cc (đời 2008 - 2009)"
18350-KVV-900,"Bô xe, Ống xả xe Dream Việt 100cc đầu Tròn có tai (2010-2012)"
18350-KWW-B80,"Bô xe, ống xả, ,Wave S 110 ,Wave RS 110 (2009-2012), Rsx Không Fi (2014-2026+)"
18350-KWW-E20,"Bô xe, ống xả, ,Wave S 110 ,Wave RS 110 (2011-2013)"
18350-KWW-V00,"Bô xe, ống xả, ,Wave RsX 110 (2009-2010)"
18350-KWY-A30,"Bô xe, ống xả vát đầu đen ,Wave (a) 100 (2013-2016)"
18350-KYZ-V00,"bô xe, ống xả  future 125 không fi (2013-2017)"
18350-KZV-V30,"Bô xe, Ống xả xe Dream 110cc  (2014-2017)"
18351-KFL-900,0
18355-K03-N30,"bát bô, vỉ bô, che bô RSX 110 Fi(2014-2025)"
18355-K07-940,"bát bô trước(A), vỉ bô nhỏ Rsx 110 (2012-2013)"
18355-K09-840,"Bát bô, che bô Super Dream 110cc (đời xe từ năm 2013 đến 2017)"
18355-K57-V00,"Bát bô, che bô wave blade 110cc(2014-2025)"
18355-K73-V40,"Bát bô,che bô Future 125 Fi ,Future LED (đời 2018 - 2026+)"
18355-K89-V00,"bát bô , vỉ bô , che bô w@,Wave Alpha 110cc (2017-2025)"
18355-K90-VM0,"Bát bô vỉ pô, ốp bô, che bô Wave RSX FI 110 đời mới ( năm 2024 đến 2026+)"
18355-KPH-700,"Bát bô, che bô Future Neo , Neo GT, Neo Fi (2005 - 2009),Future X 125 (đời 2010 - 2011)"
18355-KVR-V10,"bát bô, Vỉ bô Wave RS 100, Wave S 100 ,Wave Alpha 100 (2006 đến 2016)"
18355-KVR-V80,"Bát bô vỉ pô, ốp bô, che bô rsx 100 (2008-2010)"
18355-KVV-900,"vỉ pô, ốp bô, che bô Super Dream 100cc đời cuối ( 2009 đến 2013)"
18355-KWW-B20,"vỉ pô, ốp bô, che bô Wave S 110, Wave RS 110, Wave RSX 110 (2009- 2010)"
18355-KWW-V00,"vỉ pô, ốp bô, che bô (A) Wave S 110, Wave RS 110, Wave RSX 110cc (2010 - 2014)"
18355-KYZ-900,"Bát bô, che bô Future Neo 125i (2012 - 2017)"
18356-K2P-V60,"Bát bô, che bô Winner X V3,V4  Đen (2022-2025)"
18356-K56-N10,"Bát bô, che bô Winner 150 đen (2016-2018)"
18356-K56-V50,"Bát bô, che bô Winner X V2  Bạc (2019-2021)"
18356-K56-V60,"Bát bô, che bô Winner X V2 Đen  (2019-2021)"
18357-K07-940,"bát bô trước(B), vỉ bô B Lớn Rsx 110 (2012-2013)"
18357-KWW-V00,"Vỉ pô, ốp bô, che bô (B) Sau Wave S 110, Wave RS 110, Wave RSX 110 (2010 - 2014)"
18370-KZV-V30,0
18640-KVB-900,0
18640-KWB-920,"ống cấp khí Wave 110 (từ đời 2017 đến nay), Wave S110, Wave RS 110, Wave RSX 110,Blade 110"
18640-KYZ-900,"ống cấp dẫn khí  future 125 , Future mập "
19010-K27-V51,0
19010-K56-N01,"Két nước làm mát (Két giải nhiệt) Winner, V1, V2,V3,V4 (2016-2025), Sonic 150"
19010-KVG-951,"két nước, két tản nhiệt air blade 110 (2007-2008)"
19010-KZR-601,Két nước air blade 125 (2012-2014) Pcx 125/150 (2012-2014)
19045-KVG-951,Nắp két nước air blade 110 (2007-2008)
19100-K0R-V00,"Két nước, két tản nhiệt Sh 125/150/160cc (2020-2026+)"
19100-K66-V00,"két nước air Blade 125 (2015-2019), air blade 150 (2020-2021)"
19100-KZR-601,"két nước air Blade 125 (2013-2015), pcx 125 (2012-2014), vario 125, click 125"
19101-GFM-970,"bình nước mát, bình nước dung dịch làm mát  lead 110 (2008-2012)"
19101-K01-900,"bình nước mát , bình nước phụ Sh 125/150i ( 2012-2019)"
19101-K2T-V00,#N/A
19101-KVB-900,"bình nước mát , bình nước dự trữ Click 110( 2005-2012)"
19101-KVG-900,"bình nước mát, bình nước dung dịch làm mát air blade 110 (2007-2008)"
19101-KVG-A30,"bình nước mát, bình nước dung dịch làm mát air blade 110 Fi (2009-2010)"
19101-KVG-V40,"bình nước mát, bình nước dung dịch làm mát air blade 110 Fi đầu bò (2011-2012)"
19104-K29-900,"Nắp bình chứa dung dịch, nắp bình nước phụ Sh mode 125"
19104-MB0-700,"Nắp bình chứa dung dịch, nắp bình nước phụ lead 110 (2008-2012)"
19109-KBP-900,"Nắp bình chứa dung dịch air blade,click, vario, PCX 125/150, Sh Mode, SH 125/150."
19110-K56-N10," bình chứa dung dịch, bình nước phụ Winner 150 (2016-2018)"
19110-K56-V50,"bình chứa dung dịch, bình nước phụ Winner 150 (2019-2025)"
19111-K27-V00,bình nước mát air 125 (2013-2015)
19111-K29-900,bình nước mát sh mode125 (2013-2020)
19111-K66-V00,"Bình chứa dung dịch, bình nước phụ AB 125/150 (2016-2019)"
19111-KWN-900,"Bình chứa dung dịch, bình nước phụ PCX125 (2010-2013)"
19150-K01-900,"nắp quạt gió,nắp chụp két tản nhiệt Sh 125/150 (2012-2016)"
19150-K0R-V00,"nắp quạt gió,nắp chụp két tản nhiệt Sh 125/150/160i (2020-2026)"
19150-K1N-V00,0
19150-K27-V00,"nắp quạt gió air blade 125 ,Sh mode 125 (2013-2015), lead 125 (2013-2016)"
19150-K27-V50,"Nắp quạt gió Air blade 125 (2014-2015), Lead 125 (2017-2019)"
19150-K2T-V00,0
19150-K66-V00,"nắp quạt gió,nắp chụp két tản nhiệ blade 125 (2016-2020)"
19150-K77-V00,"nắp quạt gió,nắp chụp két tản nhiệt Sh 125/150 (2017-2019)"
19150-K97-T00,0
19150-KWN-781,#N/A
19151-GFM-970,"nắp quạt gió,nắp chụp két tản nhiệ Lead 110 (2008-2012), Scr 110"
19151-KVB-901,"nắp quạt gió,nắp chụp két tản nhiệ Click 110( 2005-2012)"
19151-KVG-900,"nắp quạt gió,nắp chụp két tản nhiệ air blade 110 (2007-2008)"
19151-KVG-A01,"nắp quạt gió,nắp chụp két tản nhiệt air blade 110 Fi (2009-2010)"
19151-KVG-V40,"nắp quạt gió,nắp chụp két tản nhiệt air blade 110 Fi đầu bò (2011-2012)"
19200-K0R-V00,Bơm nước làm mát  Sh 125/150/160 (2020-2026)
19200-K1N-V00,Bơm nước làm mát  Sh mode 125 (2021-2026+)
19200-KWN-901,"cụm bơm nước( nguyên bộ) Pcx(2011-2020), air blade125(2013-2019) lead 125(2013-2021) vario, click thái"
19210-K66-V00,"cụm bơm nước( nửa bộ) Pcx(2011-2020), air blade125(2013-2019) lead 125(2013-2021) vario, click thái"
19215-KVB-T00,0
19216-GFM-970,gioăng cuộn điện lead 110 (2008-2012)
19216-KVB-900,"gioăng cuộn điện Click 110 , Air Blade 110 ( 2006 đến 2012)."
19217-MAL-300,0
19217-MZ0-760,0
19226-GFM-970,gioăng bơm nước lead 110 (2008-2012)
19226-K56-N00,#N/A
19226-KVB-900,"gioăng bơm nước Click 110 , Air Blade 110 ( 2006 đến 2012)."
19226-KWN-900,0
19227-K0R-V01,0
19240-KVB-S50,0
19241-K56-N00,0
19242-K56-N00,0
19300-K35-V01,0
19501-KVB-900,0
19502-KVB-900,0
19504-KVB-900,0
19507-GFM-900,"ống 3 chạc, đầu nối 3 chạc  lead 110 (2008-2012)"
19507-KVB-900,"ống 3 chạc, đầu nối 3 chạc  Click 110 , Air Blade 110 ( 2006 - 2012)."
19510-GFM-970,"Quạt gió nhựa, Cánh quạt làm mát  Lead 110 (2008-2012)"
19510-K01-900,"Quạt gió nhựa, Cánh quạt làm mát  SH 125/150 (2012-2016)"
19510-K1F-V00,"Quạt gió nhựa AB 125cc, lead 125-4 val, SH mode 125-4 val (2022-2026+) , Sh 125/150/160(2020-2026)"
19510-K2C-V00,"Quạt gió nhựa, Cánh quạt làm mát  vision 110 (2021-2026+)"
19510-K44-V00,"Quạt gió nhựa, Cánh quạt làm mát  vision 110 (2014-2020)"
19510-KVB-900,"Quạt gió nhựa, Cánh quạt làm mát Click 110 , Air Blade 110 ( 2006 - 2012)"
19510-KWN-900,#N/A
19510-KYT-900,"Quạt gió nhựa, Cánh quạt làm mát  vision 110 (2011-2013)"
19510-KZR-700,"Quạt gió nhựa air blade 125 (2013-2019),sh mode 125( 2013-2019), vario 125, click 125"
19610-K2C-V00,"Chụp quạt gió, nắp chắn quạt Vision (2021-2026+)"
19610-K44-V00,"Chụp quạt gió, nắp chắn quạt Vision (2014-2020)"
19610-KZL-930,"Chụp quạt gió, nắp chắn quạt Vision (2011-2013"
19621-K2C-V00,#N/A
19621-KZL-930,#N/A
19640-K2S-N00,0
19641-K1F-V00,"Ốp lốc nồi, mủ chụp lốc lồi, Nhựa nhám ốp nắp nồi Air Blade 125/150 (2020-2022)"
19641-K2C-V00,"Ốp lốc nồi, mủ chụp lốc lồi, Nhựa nhám ốp nắp nồi Vision 110 (2021-2026+)"
19642-K44-V00,"Ốp lốc nồi, mủ chụp lốc lồi, Nhựa nhám ốp nắp nồi Vision 110 (2014-2020)"
19642-K66-V00,"Ốp lốc nồi, mủ chụp lốc lồi, Nhựa nhám ốp nắp nồi Air Blade 125 (2016-2019)"
19642-KZR-600,"Ốp lốc nồi, mủ chụp lốc lồi, Nhựa nhám ốp nắp nồi Air Blade 125 (2013-2015)"
21395-GC1-E61,0
21395-K12-900,"Ron( gioăng) hộp số , Ron láp Lead 125 (2013-2025)"
21395-K1F-V01,"Ron( gioăng) hộp số , Ron láp Air(AB 125) 2020-2022"
21395-K2C-V01,"Ron( gioăng) hộp số , Ron láp Vision 110 (2021-2026+)"
21395-K44-V80,"Ron( gioăng) hộp số , Ron láp Vision 110 (2014-2020)"
21395-KVB-901,"gioăng hộp số Click 110 , Air Blade 110 ( 2006 - 2012)"
21395-KWN-900,"gioăng hộp số Click 110 , Pcx 125 ( 2010 - 2012)"
21395-KZR-600,"Ron hộp số ,Ron láp Air Blade 125, Vario 125, Sh Mode 125, SH 125i/150i, PCX"
22011-K0J-N00,"Bộ kẹp trượt, cao su kẹp trượt nồi  Vision (2022-2026+)"
22011-K1N-V01,"Bộ kẹp trượt AB 125cc, lead 125-4 val, SH mode 125-4 val (2022-2026+) vario 160, click 160"
22011-KVB-T00,"Bộ kẹp trượt, cao su kẹp trượt nồi air blade 110,vision 110,lead 110, click 110 (2005-2013)"
22011-KWN-900,"Bộ kẹp trượt Pcx 125/150 (2010-2020), (AB) 125/150, lead 125, vario 125/150, click 125/150 (2013-20220),Sh 125/150/160(2017-2025), Sh mode (2013-2019)"
22100-GFM-900,"chuông nồi, nồi ly hợp Air blade 110, lead 110, click 110 (2005-2012)"
22100-K09-L01,"bộ nồi, Bộ ly hợp , chuông côn sau(4 lá) Wave S110, RS110, Rsx110, Wave 110, blade 110, dream 110"
22100-K0W-NA0,0
22100-K27-V01,"chuông nồi ,nồi ly hợp air blade (AB) 125cc, lead 125, sh mode 125 (2013-2021)"
22100-K2S-T01,"chuông nồi ,nồi ly hợp air blade (AB) 125/160, click 160, vario 160 (2022-2026)"
22100-KFM-900,"Bộ nồi sau Wave alpha 100cc(2001-2005), sper dream 100,Wave S100 ,RS 100 "
22100-KPH-880,vỏ nồi sau fu neo ( chuồng heo ) 
22100-KWN-900,"chuông nồi, nồi ly hợp Air blade 125,sh mnode 125, lead 125, pcx 125/150(2012-2019), vario,click 125/150 "
22100-KYZ-901,Vỏ nồi sau fu 125 ( chưa có bố )
22102-GFM-970,0
22102-K01-900,"Cánh quạt nồi trước, Đĩa ép sơ cấp , Pcx 125/150 (2012-2019)"
22102-K0J-N00,"Cánh quạt nồi trước, Đĩa ép sơ cấp , Vision 110 (2021-2026+)"
22102-K0R-V00,"Cánh quạt nồi trước, Đĩa ép sơ cấp , SH 125/150/160 (2020-2026)"
22102-K2S-N00,"cánh quạt nồi ,Đĩa ép sơ cấp Air Blade 160, Vario 160 (2022-2026+)"
22102-K35-V00,"cánh quạt nồi, Đĩa ép sơ cấp Pcx 125/150 (2014-2017), vario 150, click 150 (2015-2017)"
22102-K44-V00,"Cánh quạt nồi trước, Đĩa ép sơ cấp , Vision 110 (2014-2020)"
22102-K97-T01,"Cánh quạt nồi Pcx 150 (2018-2020), Sh mode 125-4 Val (2020-2026),Led 125, Vario 160 (2022-2026) "
22102-KVY-900,"cánh quạt nồi sắt (66 răng),Đĩa ép sơ cấ Air blade 110, (ab)110 Fi, đầu bò, click 110 (2005-2012) "
22102-KWZ-900,"cánh quạt nồi, Đĩa ép sơ cấp  Rsx 110 Fi AT 2010-2011"
22102-KZL-930,"cánh quạt sắt,Đĩa ép sơ cấp 66 răng (ab)110 Fi, Vision 2011-2013, Lead 110 (2008-2012)"
22102-KZR-600,"cánh quạt nồi,Đĩa ép sơ cấp air blade 125 , sh mode 125, Lead 125 (2013-2021), Pcx 125/150, vario 125/150"
22105-GGE-900,"Lõi trượt nồi trước, ắc nồi lead 110 (2008-2012)"
22105-K01-900,"Lõi trượt nồi trước, ắc nồi  Sh 125/150 (2012-2019)"
22105-K0J-N00,"Lõi trượt nồi trước, ắc nồi Vision 110 (2021-2026+)"
22105-K0R-V00,"Lõi trượt nồi trước, ắc nồi  Sh 125/150/160  (2020-2026)"
22105-K1N-V00,"Lõi trượt nồi trước, ắc nồi. Sh Mode, AB 125/160, Lead 125, vario 160, click 160 (2022-2026) 4 val"
22105-K44-V00,"Lõi trượt nồi trước, ắc nồi Vision 110 (2014-2020)"
22105-K97-T00,#N/A
22105-KVB-900,"Lõi trượt nồi trước, ắc nồi  Click 110 , Air Blade 110 ( 2005 - 2008)"
22105-KVY-900,"Lõi trượt nồi trước, ắc nồi  Air Blade 110 Fi ( 2011 - 2012), Vision (2011-2013)"
22105-KWN-900,"Lõi trượt nồi trước, ắc nồi Air blade125/150, lead 125, sh mode 125, SH 125/150 (2013-2021)"
22110-GFM-960," má puly ,bát đựng bi côn Lead 110,Click 110 , Air Blade 110 ( 2005 - 2012)"
22110-K01-900," má puly , Chén đựng bi côn Sh 125/150 (2012-2019)"
22110-K09-L01,vỏ nồi sau ws 110 4 lá ( chuồng heo ) 
22110-K0J-N00," má puly , Chén đựng bi côn Vision 110 (2021-2026+)"
22110-K0R-V00," má puly , Chén đựng bi côn Sh 125/150/160 (2020-2026)"
22110-K1F-V00," má puly , Chén đựng bi côn Sh 125/150/160 (2020-2026)"
22110-K1G-V00,"má puly,Chén đựng bi côn  Air blade 125/150 (2020-2026)"
22110-K1N-V00,"má puly ,Chén đựng bi côn Sh mode 125 (2021-2026)"
22110-K2S-N00,"má puly,Chén đựng bi côn air(ab) 160, vario 160, click 160 (2022-2026+)"
22110-K2T-V00,"má puly,Chén đựng bi côn  Lead 125 (2023-2026+) đời 4 van"
22110-K35-V00,"má puly,Chén đựng bi côn  pcx (2014-2017), sh mode125, Lead 125, Air AB 125 (2013-2020)"
22110-K3A-V00,"Má puly ,Chén đựng bi côn  Air Blade 125, Lead 125 (2022-2026+) 4 val"
22110-K44-V00," má puly , Chén đựng bi côn Vision 110 (2014-2020)"
22110-K96-V00,#N/A
22110-K97-T00,"má puly,Chén đựng bi côn  Pcx 150 (2018-2020), Sh mode125 (2020-2026), Vario, click  150 (2018-2021)"
22110-KVB-900,"má puly, Chén đựng bi côni  Click 110 , Air Blade 110 /FI ( 2005 - 2012)"
22110-KWB-601,vỏ nồi sau ws 110 3 lá ( chuồng heo ) 
22110-KWZ-900,#N/A
22110-KZR-601,"má puly,Chén đựng bi côn  pcx (2014-2017), sh mode125, Lead 125, Air AB 125 (2013-2020)"
22113-KVY-900,0
22120-KPG-T00,0
22121-K09-L01,0
22121-K56-N02,0
22121-KFM-900,tổ ong w
22121-KPH-900,0
22121-KWB-601,0
22123-K01-610,0
22123-K02-900,0
22123-K0J-N00,"Bi nồi, bi văng nồi trước Vision110, Scoopy 110 (2021-2026+)"
22123-K0R-V00," Bi nồi, bộ bi văng nồi trước , Chén đựng bi côn Sh 125/150/160 (2020-2026)"
22123-K0S-V00,#N/A
22123-K12-930,0
22123-K12-V00,"Bi Nồi,bộ bi văng nồi trước Lead 125 (2018-2021)"
22123-K1N-V00,"bi nồi ,bộ bi văng nồi trước Sh Mode 125 (2022- 2026+)"
22123-K2Z-V00,"Bi Nồi, bộ bi văng nồi trước AIR blade 160 (2022-2026)"
22123-K35-V20,0
22123-K44-V00,"bi nồi,bộ bi văng nồi trước Vision 110 (2014 -2020)"
22123-K44-V80,"bi nồi,bộ bi văng nồi trước Vision 110 (2014 -2020)"
22123-KVB-900,"Bi Nồi, bộ bi văng nồi trước Click 110, Air blade 110/ 110 Fi (2005-2012)"
22123-KWN-640,"má puly,Chén đựng bi côn  Pcx 125/150 (2014-2017), sh mode 125,Vario 125, Air AB 125 (2013-2019)"
22123-KWN-710,"má puly,Chén đựng bi côn  Pcx 125/150 (2012-2017), sh mode 125,Vario 125, Air AB 125 (2013-2019), lead 125 (2013-2015)"
22123-KWN-900,"má puly,Chén đựng bi côn  Pcx 125/150 (2012-2014), sh mode 125,Vario 125, Air blade 125 (2013-2015)"
22123-KWZ-305,#N/A
22131-GFM-970,#N/A
22131-K0J-N00,"bi nồi,Tấm chặn bi nồi trước Vision 110 (2021 -2026+)"
22131-K40-F00,"Giá Bi Nồi, Tấm chặn bi nồi trước AIR blade 160 (2022-2026)"
22131-KVB-900,"Giá Bi Nồi, Tấm chặn bi nồi trước Air blade 110, click 110  (2005-2012)"
22131-KWN-900,"Giá Bi Nồi, Tấm chặn bi nồi trước côn Pcx 125/150 (2012-2019) Sh mode 125, Air (AB) 125, lead 125 (2013-2019), Vario/Click 125 (2012-2021)"
22201-K09-L01," Bố nồi, lá côn, lá bố ly hợp nồi sau Rsx110 Fi, wave blade 110 (2014-2026+), Wave alpha 110 (2017-2026+), Dream 110"
22201-K56-N01," Bố nồi, lá côn, lá bố ly hợp nồi sau (5 lá) Winner 150 , Winner X , Sonic 150"
22201-KBW-900," Bố nồi, lá côn, Đĩa ma sát ly hợp (4 lá) wave alpha 100, RS 110, WS 100, dream 100 (1999-2010)"
22201-KPH-900," Bố nồi, lá côn, Đĩa ma sát ly hợp (4 lá) Future Neo 125/ Fi,Future X 125/ Fi ,Future II 125 "
22201-KWB-601,"Bố nồi, lá côn, Đĩa ma sát ly hợp (2 lá) Wave S110, RS110, Rsx110 (2009-2013)"
22201-KYZ-901,"Bố nồi, lá côn, Đĩa ma sát ly hợp (3 lá) Future 125/ Fi, Future mập, future Led FI (2009-2013)"
22204-KWB-601,"Bố nồi, lá côn, Đĩa ma sát ly hợp (1 lá) Wave S110, RS110, Rsx110 (2009-2013)"
22208-KYZ-901,"Bố nồi, lá côn, Đĩa ma sát ly hợp (1 lá) Future 125/ Fi, Future mập, future Led FI (2009-2013)"
22300-KZR-600,0
22311-KN4-680,"Lá sắt nồi, Đĩa sắt ly hợp, Wave alpha 100, wave Rs, wave s,sper dream,future 1 (1999-2008)"
22321-KE8-000,"Lá sắt nồi Future 2, Future Neo, Future X, Future Mập (125 FI), Future LED từ 2018-2026+"
22321-KWB-601,"Lá sắt nồi, Đĩa sắt ly hợp,  Wave 110: Wave RS 110, Wave RSX 110, Wave S 110 ( 2009-2026+)."
22321-KWW-741,"Lá sắt nồi, Đĩa sắt ly hợp,  Wave 110: Wave RS 110, Wave RSX 110, Wave S 110 ( 2009-2026+)."
22321-KWW-742,"Lá sắt nồi, Đĩa sắt ly hợp,  Winner 150 , Winner X , Sonic "
22350-115-020,"Đế 4 chân, Đĩa ép ly hợp Wave lapha 100, dream 100, future 110 (1997-2005)"
22350-GFM-890,"Đế 3 càng Air blade 110, lead 110 (2007-2012)"
22350-GFM-900,#N/A
22350-K27-V02,"Đế 3 càng,giá guốc văng thứ cấp  Blade 125, Vario, Click, PCX và ADV (2013-2015)"
22350-K2F-N11,"Đế 3 càng,giá guốc văng thứ cấp  Vision 110 (2021-2026+)"
22350-K44-V01,"Đế 3 càng,giá guốc văng thứ cấp  Vision 110 (2014-2020)"
22350-K56-N02,"đế nhôm nồi 4 chân, Đĩa sắt ly hợp,  Winner 150 , Winner X , Sonic "
22350-K66-V02,"Đế 3 càng,giá guốc văng thứ cấp  Blade 125 (2016-2019)"
22350-KPG-T00,0
22350-KPH-900,0
22350-KVB-900,0
22350-KWZ-900,0
22351-KWB-601,0
22361-K27-V02,#N/A
22361-K44-V01,tấm ép bố 3 càng 3 lỗ vision 110 (2014-2020)
22361-K44-V81,tấm ép bố 3 càng 3 lỗ vision 110 (2014-2020)
22361-KFM-900,"nắp 4 lỗ nồi, Đĩa nâng ly hợp Wave alpha 100, Wave Rs, Wave S,sper dream 100,future 110 (1999-2008)"
22361-KTM-950,"nắp 4 lỗ nồi, Đĩa nâng ly hợp Future 2, Future Neo, Future X, Future Mập (125 FI), Future LED từ 2018-2026+"
22361-KVB-900,"tấm ép bố 3 càng 3 lỗ air blade 110, click 110, lead 110 (2005-2012)"
22361-KWB-601,0
22401-GN5-910,"lò xo nồi, lò xo ly hợp  sper dream 100 (1997-2008)"
22401-K09-L01,"lò xo nồi, lò xo ly hợp   Wave 110,Wave Rs 110, Wave Rsx 110,Wave blade 110 số,Dream 110 ( 2017-2026+)."
22401-K56-N01,"lò xo nồi , lò xo ly hợp Winner 150 , Winner X , Sonic"
22401-KEV-900,"lò xo nồi, lò xo ly hợp  Wave alpha 100, wave zx (2001-2005)"
22401-KFL-850,"lò xo nồi, lò xo ly hợp  Future 110 (1999-2005)"
22401-KPH-900,"lò xo nồi, lò xo ly hợp  Future 2, future neo 125, futrue X, Fi (2007-2013)"
22401-KVB-900,"Lò xo 3 càng , lò xo li hợp Air blade 110, click 110, lead 110 (2005-2012), AB 125/150/160 (2013-2026+, Vision 110(2011-2026+"
22401-KWB-601,#N/A
22401-KYZ-901,"lò xo nồi ,Lò xo côn Future 2, Future Neo, Future X, Future Mập (125 FI), Future LED từ 2018-2026+"
22402-KWB-601,0
22534-K27-V00,#N/A
22534-K66-V00,#N/A
22535-K0R-V00,"Bố 3 càng,bộ guốc văng ly hợp  Sh 125,150,160 (2020-2026)"
22535-K12-V00,#N/A
22535-K1A-N10,"Bố 3 càng,bộ guốc văng ly hợp  Vision 110, Scopy 110 (2021-2026)"
22535-K1G-V00,"bố 3 càng, bộ guốc văng ly hợp air blade 150 (2020-2022) "
22535-K1N-V00,"bố 3 càng Sh mode 125,LEAD 125 vario 160,click 160, AB 125/160, (2022-2026+) 4 val"
22535-K2F-N00,"Bố 3 càng,bộ guốc văng ly hợp  Vision 110, Scopy 110 (2021-2026)"
22535-K2S-T00,"bố 3 càng Sh mode 125,LEAD 125 vario 160,click 160, AB 125/160, (2022-2026+) 4 val"
22535-K35-V00,"bố 3 càng pcx 125/150 (2014-2021), AB 125 (2016-2020), Lead 125, Sh mode 125 (2013-2020)"
22535-K44-V00,"bố 3 càng ,bộ guốc văng ly hợp Vision 110 (2014-2020)"
22535-K73-T30," bố 3 càng ,bộ guốc văng ly hợp Future Mập (125 FI), Future LED từ 2012-2026+"
22535-KFL-D00," bố 3 càng ,búa côn Wave alpha 100, Wave Rs 100, Wave S 100,sper dream 100 (1999-2008)"
22535-KPH-309,"bố 3 càng ,búa côn Future 2, Future Neo 125, Future X 125 (2005-2011)"
22535-KTF-980,bố 3 càng Sh 125/150 (2009-2019)
22535-KVB-900,"  bố 3 càng ,bộ guốc văng ly hợp Air blade 110, click 110, lead 110 (2005-2012)"
22535-KWB-305,"  bố 3 càng ,búa côn Wave 110, Wave RS 110, Wave RSX 110, Wave S 110 ( 2009-2016)."
2253A-K44-V00,"bố 3 càng ,búa côn Vision 110( 2014-2020)"
2253A-KPH-309,"Bộ bố 3 càng cả đế  Future 2, Future Neo 125, Future X 125 (2005-2011)"
22600-K09-L01," bố 3 càng  Wave 110,Wave Rs 110, Wave Rsx 110,Wave blade 110 số,Dream 110 ( 2017-2026+)."
22600-KFL-D00,"Bộ bố 3 càng cả đế  Wave alpha 100, Wave Rs 100, Wave S 100,sper dream 100 (1999-2008)"
22660-KFM-900,"Chuông (côn) nồi Wave alpha 100, Wave Rs 100, Wave S 100,sper dream 100 (1999-2008)"
22660-KWB-601,"Chuông (côn) nồi Wave 110, Wave RS 110, Wave RSX 110, Wave S 110 ( 2009-2016)"
22660-KYZ-901,"  Chuông (côn) nồi  Future X, Future Neo Fi,  Future Mập (125 FI), Future LED từ 2012-2026+"
22804-148-000,0
22804-GB2-000,"cao su 3 càng (bộ 3 cái) , cao su giảm chấn guốc văng Wave 100, Dream 100, Future 100, Air Blade, Click, Lead."
22804-KPH-880,"cao su 3 càng Future Neo, Wave Alpha 110, Wave RSX 110, air blade 110, lead 110"
22810-KTL-740,"Cần nâng ly hợp, ốc chỉnh côn nồi  Wave alpha 100, Wave Rs 100, Wave S 100,sper dream 100 (1999-2008)"
22820-KYZ-900,"Cần nâng ly hợp, ốc chỉnh côn nồi  Future X, Future Neo Fi,  Future Mập (125 FI), Future LED từ 2012-2026+"
22823-KFL-850,"muỗng nồi Wave alpha 100, Wave Rs 100, Wave S 100,sper dream 100, future 110 (1999-2008) "
22830-KYZ-900,#N/A
22840-KFL-850,"bi nồi ,3 bi chỉnh nồi Wave alpha 100, Wave Rs 100, Wave S 100,sper dream 100, future 110 (1999-2008)"
22860-HB3-000,"Cục chỉnh nồi, khay giữ bi nồi , Future Neo 125,Future 125/ Fi, Future mập, future Led FI "
22870-K56-N10,"dây côn nồi winner 150 (2016-2019), Winner X (2019-2026)"
23100-GFM-901,"dây co roa lead 110 (2008-2012), SCR 110"
23100-K01-901,dây curoa ( dây đai chuyển động) SH 125i (2012-2019) 
23100-K02-901,dây curoa ( dây đai chuyển động) SH 150i (2012-2019) 
23100-K0J-N01,dây coroa ( dây đai chuyển động) Vision 2022-2026
23100-K0R-V01,dây curoa ( dây đai chuyển động) SH 125i (2020-2026) 4 val
23100-K0S-V01,dây curoa ( dây đai chuyển động) SH 150i (2020-2026) 4 val
23100-K1N-V01,"dây co roa (curoa)  Lead 125, SH mode 125 (2022-2026) 4 val"
23100-K2S-N01,"dây coroa 2 mặt răng air blade 160- 4 val (2022-2026) , vario 160, click 160, adv 160 (2022-2026)"
23100-K35-V01,"dây curoa Pcx (2014-2017),  SH Mode 125 , air blade 125 (2015-2019)"
23100-K36-J01,"Dây Curoa Vario 150 / Click 150 (2015-2022) , Air blade 150(2020-2021), PCX (2014-2018)"
23100-K3A-V01,"Dây Coroa Air blade 4 VaL125/160 (2022-2026), lead 125- 2026"
23100-K44-V01,dây Dây curoa (Dây đai truyền động) vision 2014-2020
23100-K96-V01,"dây coroa PCX 150 (2017-2020),Adv 150"
23100-KGF-901,"dây co roa SH 125/150 (2008-2011) Dylan 150cc, Honda @ 150cc, Honda PS 150cc"
23100-KVB-901,dây co roa air blade (ab) 110 fi (2007-2012) click 110 (2005-2012)
23100-KWZ-901,dây Dây curoa (Dây đai truyền động) RSX AT
23100-KZL-931,dây Dây curoa (Dây đai truyền động) vision 2011-2013
23100-KZR-601,"dây co roa (curoa) Air Blade (AB)125, Lead 125, SH node 125 (2013-2019)"
23204-K27-V00,0
23205-K27-V00,0
23205-K44-V00,0
23205-K66-V00,0
23205-KVB-S50,0
2320A-GAH-305,MỠ BÒ ( 1 hộp 10 tuýp )
23210-KWZ-900,#N/A
23221-KPH-900,0
23221-KRS-830,0
23221-KRS-920,0
23221-KTS-900,0
23223-K27-V00,0
23224-K27-V00,0
23224-K35-V00,0
23224-K44-V00,0
23224-K77-V00,0
23224-KVB-900,0
23224-KVB-S50,0
23225-KSY-900,0
23226-KVB-900,0
23233-K01-900,"lò xo nồi lớn,trụ nồi sau SH 125i/150i (2012- 2019)"
23233-K0J-N01,Lò xo nồi lớn Vision 2021-2026
23233-K1N-V01,"Lò xo nồi lớn, má pu ly bị động Sh Mode 4 val 2021-2025"
23233-K35-V00,"Lò Xo nồi AB 125(2016-2021), Lead 125 (2017-2025) ,Vario 125,PCX 150"
23233-K3A-V01,Lò xo nồi lớn Air blade (AB) 4 val  2022-2026
23233-K44-V00,lò xo nồi lớn  vision 2014-2020
23233-KVB-900,"lò xo nồi lớn Air Blade 110, Click 110 và Lead 110"
23233-KWN-901,lò xo nồi lớn Pcx( đời đầu) 2010-2012
23233-KZR-600,"Lò xo lồi lớn, má puly chủ động Air Blade 125, Lead 125 "
23237-K35-V00,0
23238-GCC-000,#N/A
23238-KVB-900,0
23238-KWN-900,#N/A
23411-GFM-900,"bộ số, bộ láp (20 răng)  lead 110, SCR 110 (2008-2012)"
23411-K01-901,"bộ số, bộ láp (16 răng)  SH 125/150 (2012-2015)"
23411-K02-901,"bộ số, bộ láp (17 răng)  SH 125/150 (2016-2019)"
23411-K0R-V00,"bộ số, bộ láp (16 răng)  SH 125/150/160 (2020-2026)"
23411-K12-901,"bộ số, bộ láp (18 răng)  lead 125 (2013-2016)"
23411-K12-V00,"bộ số, bộ láp (21 răng)  lead 125 (2017-2021)"
23411-K2T-V00,"bộ số, bộ láp (21 răng)  lead 125 (2022-2026)"
23411-K46-N20,"bộ số, bộ láp (18 răng)  Vision 110 (2014-2020)"
23411-KVG-900,"bộ số, bộ láp (18 răng)  Air blade 110, click 110 (2005-2012)"
23411-KWN-900,"bộ số, bộ láp (17 răng) Pcx 125 (2010-2014)"
23411-KZL-930,"bộ số, bộ láp (18 răng)  Vision 110 (2011-2013)"
23411-KZR-601,"bộ số, bộ láp (18 răng)  Air blade 125, click 1125, vario 125 (2013-2015)"
23421-GFM-900,"bộ số, bộ láp (13 răng)  lead 110, SCR 110 (2008-2012)"
23421-K0R-V00,"bộ số, bộ láp (13 răng)  SH 125/150/160 (2020-2026)"
23421-K12-900,"bộ số, bộ láp (12 răng)  lead 125 (2013-2016)"
23421-K12-V00,"bộ số, bộ láp (12 răng)  lead 125 (2017-2021)"
23421-K1Z-J10,"bộ số, bộ láp (13 răng) air blade 160- 4 val (2022-2026) , vario 160, click 160, adv 160, Pcx 160 (2022-2026)"
23421-K2T-V00,"bộ số, bộ láp (13 răng)  lead 125 (2022-2026)"
23421-K44-V00,"bộ số, bộ láp (12 răng)  Vision 110 (2014-2020)"
23421-KVB-900,"bộ số, bộ láp (12 răng)  Air blade 110, click 110 (2005-2012)"
23421-KWN-710,"bộ số, bộ láp (13 răng) Pcx 125 (2010-2014), Sh mode 125 (2013-2019)"
23421-KZR-600,"bộ số, bộ láp (13 răng) Air Blade 125( 2013 - 2019),Vario 125/150 (đời 2015 - 2017)"
23422-GFM-900,"bộ số, bộ láp (50 răng)  lead 110, SCR 110 (2008-2012)"
23422-K01-900,"bộ số, bộ láp (54 răng)  SH 125/150 (2012-2015)"
23422-K0R-V00,"bộ số, bộ láp (50 răng)  SH 125/150/160 (2020-2026)"
23422-K12-900,"bộ số, bộ láp (52 răng)  lead 125 (2013-2016)"
23422-K12-V00,"bộ số, bộ láp (50 răng)  lead 125 (2017-2021)"
23422-K1Z-J10,"bộ số, bộ láp (51 răng) air blade 160- 4 val (2022-2026) , vario 160, click 160, adv 160, Pcx 160 (2022-2026)"
23422-K2T-V00,"bộ số, bộ láp (50 răng)  lead 125 (2022-2026)"
23422-K66-V00,"bộ số, bộ láp (53 răng)  Air blade 125 ( 2015 – 2020+), Air Blade 150, SH Mode ( 2013 – 2018), Vario 125 ( 2018 – 2023), SH 125/150 ( 2016 – 2019)"
23422-K77-V00,"bộ số, bộ láp (53 răng) SH 125 ( 2017 – 2019)"
23422-KVG-900,"bộ số, bộ láp (51 răng)  Air blade 110, click 110 (2005-2012)"
23422-KWN-900,"bộ số, bộ láp (53 răng) Air Blade 125 ( 2013- 2015), SH Mode 125, PCX 125, SH 125 và SH 150."
23430-GFM-900,"bộ số, bộ láp (49 răng)  lead 110, SCR 110 (2008-2012)"
23430-K0R-V00,"bộ số, bộ láp (44 răng)  SH 125/150/160 (2020-2026)"
23430-K12-900,"bộ số, bộ láp (45 răng)  lead 125 (2013-2016)"
23430-K27-V00,"bộ số, bộ láp (44 răng) Air Blade 125( 2013 - 2015)"
23430-K29-900,"bộ số, bộ láp (47 răng)  Sh mode 125 (2013-2019)"
23430-K2T-V00,"bộ số, bộ láp (49 răng)  lead 125 (2022-2026)"
23430-K44-V00,"bộ số, bộ láp (45 răng)  Vision 110 (2014-2020)"
23430-K66-V00,"bộ số, bộ láp (44 răng)  Air blade 125 ( 2015 – 2020+)"
23430-K77-V00,"bộ số, bộ láp (44 răng) SH 125 ( 2017 – 2019)"
23430-KVB-900,"bộ số, bộ láp (45 răng)  Air blade 110, click 110 (2005-2012), vision 110(2011-2013)"
23430-KVG-900,"bộ số, bộ láp (45 răng)  Air blade 110, click 110 (2005-2012), vision 110(2011-2013)"
23430-KZR-600,"bộ số, bộ láp (44 răng) Air Blade 125( 2013 - 2019),Vario 125 (đời 2015 - 2017), sh 125( 2012-2015)"
23471-KRS-830,0
23481-KRS-830,0
24610-GN5-900,"cốt cần số Super Dream 100, Wave Alpha nhỏ 100 , Wave A 100, Wave S 100, Wave RS 100, Future 110 (1997-2008)"
24610-KPH-900,"Trục sang số (Cốt cần số) Future II 125, Future Neo 125, FI,Future Mập , FI (đời từ 2012 - 2026) "
24610-KWB-600,"Honda Wave S 110cc, Wave RS 110cc và Wave RSX 110cc, Wave Alpha 110, Blade 110, Wave RSX Fi (2008-2026+)"
24641-041-000,0
24641-KBP-900,0
24701-GN5-930,0
24701-K03-N30,Cần số rsx 2014
24701-K56-V00,Cần số winner
24701-K56-V50,"Cần số winner V2, V3, V4 (2019-2025)"
24701-KEV-900,cần số w
24701-KFM-900,"cần số spe, dr"
24701-KTM-880,cần số neo
24701-KVR-V10,"cần số rs,ws,wa"
24701-KWW-621,cần số ws 110 bạc
24701-KWW-V51,cần số rsx 110 đen
24701-KYZ-900,cần số fu 125
28101-GB4-701,"sên đề spe,w"
28102-GB4-700,cao su sên đề lớn
28103-GB4-700,cao su sên đề nhỏ
28110-KRS-920,#N/A
28120-KRS-830,thớt đề w 
28120-KVB-901,nhông phóng đề air
28150-KVB-900,Nắp giữ bánh răng khởi động air
28265-KPH-900,#N/A
28300-K56-N00,giò đạp winner V1
28300-K89-V00,giò đạp w@ 2017
28300-K90-V00,giò đạp rsx 2015
28300-KEV-900,giò đạp w
28300-KPH-900,giò đạp fu neo
28300-KVB-900,giò đạp air
28300-KVR-600,"giò đạp w, ws 110 bạc"
28300-KVY-900,"giò đạp air 2011,vision"
28300-KWW-V00,giò đạp rsx 110 ĐEN
28300-KYZ-G00,giò đạp fu 125 
28300-KZR-700,giò đạp air 2013
28311-342-000,"cao su giò đạp w,fu,spe"
30400-K27-V01,ic air 2013
30400-K29-903,0
30400-K3A-V01,ic air 2022
30400-K44-V01,ic vision 2014 ( khóa thường ) 
30400-K44-V91,0
30400-K66-VE1,0
30400-K66-VG1,0
30400-K96-V01,0
30410-K89-V01,ic W@ 2017
30410-KFL-851,ic fu
30410-KRS-901,ic w
30410-KVB-953,ic click
30410-KVG-951,ic air
30410-KWW-B22,0
30410-KYZ-V02,0
30410-KZV-V31,ic spe mới
30500-KFL-891,mô bin sườn fu
30500-KRS-860,mô bin sườn w
30500-KTL-641,mô bin sườn rs
30500-KTM-971,mô bin sườn neo
30500-KVB-901,mô bin sườn clcik
30500-KVG-900,0
30500-KVV-902,mô bin sườn spe
30500-KWW-B21,mô bin sườn ws110
30500-KYZ-V01,0
30500-KYZ-V21,0
30510-GFM-901,"mô bin sườn lead,air fi"
30510-K03-M01,mô bin sườn rsx 2014
30510-K12-901,mô bin sườn lead 2013
30510-K27-V01,mô bin sườn air 2013
30510-K27-V51,0
30510-K2C-V01,mô bin sườn vision 2022
30510-K2T-V01,mô bin sườn lead 2023
30510-K44-V01,mô bin sườn vision 2014
30510-K44-V81,0
30510-K56-V01,mô bin sườn winner
30510-K57-V01,mô bin sườn w blade 
30510-K66-V01,mô bin sườn air 2016
30510-K66-VE1,mô bin sườn air 2018
30510-K73-V41,mô bin sườn fu led 
30510-KPH-701,0
30510-KVG-V21,mô bin sườn air fi
30510-KVG-V41,mô bin suo72na ir 2011
30510-KWN-711,mô bin sườn pcx
30510-KYZ-V71,0
30510-KZL-E71,mô bin suườn vision 
30700-GFM-902,"chụp bu gi w,spe,fu ( MÃ GFM )"
30700-K03-V01,chụp bu gi rsx 2014
30700-K0R-V01,Chụp bu gi Sh 2020
30700-K27-V01,Chụp bu gi Air 13
30700-K44-V81,Chụp bu gi Vision 2014
30700-K66-VE1,Chụp bu gi Air 16
30700-KRS-860,"chụp bu gi w,spe,fu ( MÃ KRS )"
30700-KVB-901,"chụp bu gi click,air"
30700-KVG-V41,#N/A
30700-KWW-B21,chụp bu gi ws 110 
30700-KY2-702,chụp bu gi winner
30700-KZL-931,chụp bu gi vision 
30700-KZR-602,"Chụp bu gi Lead 125-13, Sh Mode 13"
31110-K89-V01,vô lăng w@ 2017
31110-KRS-901,"vô lăng w ,spe,fu"
31110-KVB-951,0
31110-KVB-T01,vô lăng air fi 
31110-KWB-921,vô lăng ws 110 
31120-GFM-972,lửa lead 
31120-K03-H11,Lửa Rsx 2014
31120-K07-941,lửa rsx 2012
31120-K56-N11,lửa winner
31120-K57-V01,lửa W Blade
31120-K73-V41,Lửa Fu Led
31120-K89-V01,Lửa W@ 110
31120-KRS-860,lửa w
31120-KTL-641,"lửa rs, w ( mã rẻ ) "
31120-KTL-V01,0
31120-KTM-971,lửa fu neo
31120-KVB-951,lửa click
31120-KVG-951,lửa air
31120-KVG-A31,lửa air fi
31120-KVG-V41,lửa air 2011
31120-KVL-931,"lửa fu neo fi,fux"
31120-KWB-921,lửa ws110
31120-KYZ-711,Lửa fu 125 có FI ( 711 )
31120-KYZ-901,0
31120-KYZ-G01,Lửa Fu 125 có FI ( G01 )
31120-KZL-E01,Lửa Vision
31200-K56-N01,củ đề winner
31200-KPW-901,củ đề neo
31201-187-701,"than đề spe,w"
31201-KG8-004,than đề fu 1 
31201-KPT-A01,"than đề fu neo, winner"
31201-KPW-901,than đề fu neo
31210-K44-V01,Vô lăng vision 2014
31210-K90-VC1,#N/A
31210-KTL-780,củ đề w
31210-KVB-951,củ đề air
31210-KZR-601,Vô lăng Air 13
31210-KZV-T11,"Củ đề spe 110, ws 110"
31220-K01-901,lửa sh 2012
31220-K12-901,Lửa Lead 2013 ( K12-901 )
31220-K12-931,Lửa Lead 2015-2016 ( K12-931 )
31220-K12-V01,Lửa Lead 2018 ( K12-V01 )
31220-K27-V01,Lửa Air 2013 ( V01 )
31220-K29-911,#N/A
31220-K29-V81,Lửa SH Mode 2016 ( smarkey )
31220-K2C-V01,Lửa Vision 2022 ( K2C-V01 )
31220-K2T-V01,lửa LEAD 2023
31220-K44-V01,Lửa Vision 2014 (V01)
31220-K44-V81,Lửa Vision 2016 ( smarkey )
31220-K66-V01,Lửa Air 2016
31220-K77-V01,lửa sh 2017
31600-GFM-901,xạc lead
31600-K56-N01,"Xạc xe , tiết chế chỉnh lưu  Winner X-V2 (2019-2021)"
31600-K56-V01,xạc winner
31600-K73-M01,0
31600-K73-V41,0
31600-K90-V01,#N/A
31600-KPH-701,xạc fu neo fi
31600-KPW-901,xạc fu 2
31600-KRS-971,xạc w
31600-KTF-641,xạc sh ý 
31600-KTM-841,0
31600-KVB-951,#N/A
31600-KVB-N51,"xạc click,air,ws110"
31600-KVB-S51,xạc fu 125 fi
31600-KVB-T01,xạc air fi
31600-KWB-601,xạc fu x
31600-KYZ-G01,0
31600-KYZ-V02,xạc fu 125
31600-KZL-931,xạc air 2011
31600-KZL-E01,0
31600-KZV-V31,"xạc ws 110, spe 110, air ( mã rẻ ) "
31917-K0R-V01,bu gi sh 2020
31926-KPH-901,"bu gi rs,air ( chân dài ) "
32100-GGE-940,dây điện sườn lead
32100-GN5-901,0
32100-K01-610,dây điện sườn sh 2012
32100-K03-M00,dây điện sườn Rsx 2014 FI
32100-K03-M60,dây điện sườn Rsx 2014 Không Fi
32100-K07-940,dây điện sườn rsx 2012
32100-K12-900,dây điện sườn lead 2013
32100-K12-V10,0
32100-K1N-V10,dây điện sườn SH Mode 2022 (ABS)
32100-K27-V00,dây điền sườn air 2013
32100-K27-V10,dây điền sườn air 2013
32100-K29-900,dây điền sườn sh 2013
32100-K29-960,0
32100-K29-V80,0
32100-K29-VC0,0
32100-K2C-V00,0
32100-K2C-V10,0
32100-K44-V80,dây điện sườn vision 2014 khóa smarkey 
32100-K56-V01,dây điện sườn winner v1
32100-K56-V50,"dây điện sườn, Dây điện chính Winner X-V2, V3, V4 (2019-2025)"
32100-K57-A00,dây điện sườn w blade 
32100-K66-V00,dây điện sườn air 2016
32100-K66-V10,dây điện sườn air 2016
32100-K66-VE0,0
32100-K73-V00,dây điện sườn fu led 
32100-K89-V00,dây điện sườn w@ 2017
32100-K90-VC0,0
32100-K90-VM0,0
32100-KFV-950,dây điện sườn spe
32100-KRS-W20,dây điện sườn w
32100-KTL-640,"dây điện sườn rs,wa"
32100-KTM-970,dây điện sườn fu neo
32100-KVG-950,dây điện sườn air
32100-KVG-V20,dây điện sườn air fi
32100-KVG-V40,dây điện sườn air 2011
32100-KVL-930,0
32100-KWW-A91,0
32100-KWW-B20,dây điện sườn ws 110
32100-KYL-860,0
32100-KYZ-G00,0
32100-KYZ-V20,0
32100-KYZ-V90,0
32100-KZL-E00,dây điện sườn vision
32100-KZV-V30,dây điện sườn spe 110
32101-GW3-780,"than đề air,ws110"
32103-K03-M60,Nhánh dây điện nối ắc quy rsx 2014
32103-KTL-760,Nhánh dây điện nối ắc quy rs 
32103-KWW-B20,Nhánh dây điện nối ắc quy ws 110 
32104-K27-V00,0
32104-KVG-A30,Dây điện phụ động cơ air fi
32112-K29-900,#N/A
32112-KZR-600,0
32410-KTL-641,"dây củ đề w, rs "
33100-K0R-V01,#N/A
33100-K1N-V02,pha đèn sh mode 2022
33100-K2S-V01,0
33100-K35-V31,0
33100-K56-V01,pha đèn winner
33100-K56-V51,"Pha đèn, cụm đèn pha Winner X V2 Đen  (2019-2021)"
33100-K73-V41,Pha đèn Fu Led K73
33100-K77-V01,#N/A
33101-K2C-V01,pha đèn vision 2022
33101-K44-V81,Pha đèn Vsion 2014
33101-KFL-711,pha đèn fu trắng
33101-KFL-891,pha đèn fu vàng
33101-KFV-670,vành đèn spe lồi 2006
33101-KZL-841,pha đèn vision
33102-KZV-T00YK,0
33102-KZV-T00ZS,0
33110-K03-M61,pha đèn rsx110-2014
33110-K12-V01,pha đèn lead 2018
33110-K1F-V01,","
33110-K1G-V01,pha đèn air 125-2020
33110-K27-V01,pha đèn air 2013
33110-K27-V51,pha đèn air 2014
33110-K2Z-V01,pha đèn air 160-2023
33110-K3A-V01,pha đèn air 2023-150cc
33110-K57-V01,pha đèn w black
33110-K66-V02,pha đèn air 2016
33110-KRS-861,pha đèn w
33110-KTM-971,pha đèn fu neo
33110-KVB-951,pha đèn click
33110-KVG-951,pha đèn air
33110-KVG-V41,pha đèn air 2011
33110-KWN-981,pha đèn pcx
33110-KWW-B21,pha đèn ws 110
33118-K56-N10,0
33118-KTL-741,giá bắt đèn rs
33119-K56-N10,0
33120-GGE-901,pha đèn lead
33120-GN5-880,pha đèn dream
33120-K01-902,pha đèn sh 2012
33120-K07-941,pha đèn rsx 110-2012
33120-K12-901,pha đèn lead 2013
33120-K29-901,pha đèn sh mos 2013
33120-K89-V91,"pha đèn W@ 110, rs, fu x "
33120-KFV-791,pha đèn spe lồi 2006
33120-KFV-951,pha đèn spe
33120-KPH-651,pha đèn fu 2
33120-KTL-641,#N/A
33120-KYZ-V01,pha đèn fu 125
33120-KZV-V31,pha đèn spe mới 2014
33130-GGE-901,#N/A
33180-K0R-V01,#N/A
33210-KTF-981,pha đèn sh ý 
33400-GBG-B40,bộ xi nhan trước phải dream
33400-K0R-V01,xi nhan trước phải sh 2020
33400-K12-901,xi nhan trước phải lead 2013
33400-K12-V81,xi nhan trước phải lead 2018
33400-K2C-V11,xi nhan trước phải vision 2022 ( led ko khói )
33400-K2C-V31,xi nhan trước phải vision ( led xám khói )
33400-K2P-V61,"xi nhan trước phải winer X V3, V4"
33400-K77-V01,Xi nhan trước phải Sh 17
33400-K94-T01,xi nhan trước phải winner V2
33400-KFV-951,bộ xi nhan trước phải spe
33401-KZV-V31,chụp xi nhan trước phải spe 2014
33402-GBG-B40,chụp xi nhan trước phải dream
33402-GN5-901,chụp xi nhan trước phải spe
33402-K07-941,xi nhan trước phải rsx 110-2012
33402-KPH-651,chụp xi nhan trước phải fu 2
33402-KTL-641,chụp xi nhan trước phải rs
33402-KTL-V01,chụp xi nhan trước phải wa vàng
33402-KTM-970,chụp xi nhan trước phải neo
33402-KVB-951,chụp xi nhan trước phải click
33402-KVG-V41,xi nhan trước phải air 2011
33402-KVR-V91,chụp xi nhan trước phải rsx 100
33402-KYL-841,chụp xi nhan trước phải fu x
33403-KTL-641,đế xi nhan trước phải rs
33403-KTM-901,đế xi nhan trước phải fu 2
33403-KTM-970,đế xi nhan trước phải neo
33403-KVB-951,đế xi nhan trước phải click
33403-KYL-841,đế xi nhan trước phải fu x
33410-K03-M61,Xi nhan trước phải rsx 14 ko Fi
33410-K03-N31,Xi nhan trước phải rsx 14 Fi phun sương
33410-K1N-V01,đèn sương mù trước sh mode 2021
33410-K56-V01,xi nhan trước phải winner
33410-K73-V41,Xi nhan trước phải Fu Led
33410-KVR-V91,đế xi nhan trước phải rsx 100
33410-KYZ-V01,xi nhan trước phải fu 125
33410-KZV-V31,đế xi nhan trước phải spe 110 2014
33414-GN5-901,ốp nắp xi nhan trước phải spe
33420-K01-611,xi nhan trước phải sh 2012
33420-K29-901,xi nhan trước phải sh 2013
33420-K2C-V01,xi nhan trước phải vision 2022 ( ko bóng )
33420-K44-V81,xi nhan trước phải vision 2014
33420-KTF-981,xi nhan trước phải sh
33420-KZL-841,xi nhan trước phải vision 
33450-GBG-B40,bộ xi nhan trước trái dream
33450-K0R-V01,xi nhan trước trái sh 2020
33450-K12-901,bộ xi nhan trước trái lead 2013
33450-K12-V01,bộ xi nhan trước trái lead 2018
33450-K2C-V11,xi nhan trước trái vision 2022 ( led ko khói )
33450-K2C-V31,xi nhan trước trái vision 2022 ( led xám khói )
33450-K2P-V61,xi nhan trước trái winer X V3
33450-K77-V01,#N/A
33450-K94-T01,xi nhan trước trái winner V2
33450-KFV-951,bộ xi nhan trước trái spe
33451-KZV-V31,xi nhan trước trái spe 2014
33452-GBG-B40,xi nhan trước trái dream
33452-GN5-901,xi nhan trước trái spe
33452-K07-941,xi nhan trước trái rsx 110-2012
33452-KPH-651,xi nhan trước trái fu 2
33452-KTL-641,xi nhan trước trái rs
33452-KTL-V01,xi nhan trước trái wa vàng
33452-KTM-970,xi nhan trước trái fu neo
33452-KVB-951,xi nhan trước trái click
33452-KVG-V41,xi nhan trước trái air 2011
33452-KVR-V91,xi nhan trước trái rsx 100
33452-KYL-841,xi nhan trước trái fu x
33453-KTL-641,đế xi nhan trước trái rs
33453-KTM-901,đế xi nhan trước trái fu 2
33453-KTM-970,đế xi nhan trước trái neo
33453-KVB-951,đế xi nhan trước trái click
33453-KYL-841,đế xi nhan trước trái fu x
33460-K03-M61,Xi nhan trước trái rsx 14 ko Fi
33460-K03-N31,Xi nhan trước trái rsx 14 Fi phun sương
33460-K56-V01,xi nhan trước trái winner
33460-K73-V41,Xi nhan trước trái Fu Led
33460-KVR-V91,đế xi nhan trước trái rsx 100
33460-KYZ-V01,xi nhan trước trái fu 125
33460-KZV-V31,đế xi nhan trước trái spe 110-2014
33464-GS4-000,ốp nắp xi nhan trước trái spe
33470-K29-901,xi nhan trước trái sh 2013
33470-K2C-V01,xi nhan trước trái vision 2022 ( ko bóng )
33470-K44-V81,xi nhan trước trái vision 2014
33470-KTF-981,xi nhan trước trái sh
33470-KZL-841,xi nhan trước trái vision
33600-K56-V51,#N/A
33601-KWN-981,đuôi sau pcx
33602-GBG-B40,xi nhan sau phải dream
33602-GN5-901,xi nhan sau phải spe
33602-KVG-V41,xi nhan sau phải air 2011
33602-KWN-901,#N/A
33602-KZL-E01,xi nhan sau phải vision
33652-GBG-B40,xi nhan sau trái dream
33652-GN5-901,xi nhan sau trái spe
33652-KVG-V41,xi nhan sau trái air 2011
33652-KWN-901,#N/A
33652-KZL-E01,xi nhan sau trái vision
33700-K03-N31,đèn lái rsx 110-2014
33700-K12-901,đèn lái lead 2013
33700-K12-V01,Đèn lái Lead 2018
33700-K1F-V01,Đèn lái Air 2020-150
33700-K2C-V01,Đèn lái Vision 2022 ko khói
33700-K2C-V31,Đèn lái Vision 2022 có khói
33700-K44-V02,đèn lái vision 2014
33700-K56-V01,đèn lái winer
33700-K57-V02,đèn lái w blade
33700-K66-V01,đèn lái air 2016
33700-K73-V81,đèn lái fu led 
33700-K77-V01,#N/A
33700-K89-V02,đèn lái wa 2017
33700-KFL-711,đèn lái fu
33700-KFV-951,đèn lái spe
33700-KRS-861,đèn lái w 
33700-KTL-642,đuôi sau rs có chụp
33700-KTM-901,đèn lái fu 2
33700-KTM-971,"đèn lái fu neo,fu X"
33700-KVR-V91,đèn lái rsx 100
33700-KWW-B21,đèn lái ws 110
33700-KZL-E01,đèn lái vison
33700-KZV-V31,đèn lái spe 2014
33701-K03-N31,chụp lái rsx 110-2014
33701-K2S-V01,đèn lái click 160
33701-KEV-751,chụp lái w
33701-KFL-891,chụp lái fu
33701-KVR-V91,#N/A
33701-KWW-B21,chụp lái ws 110
33701-KYZ-901,xi nhan sau phải fu 125
33702-GBG-B40,chụp lái dream
33702-GN5-901,chụp lái spe
33702-K03-N31,xi nhan sau phải rsx 110-2014
33702-K56-V01,chụp lái winner
33702-K57-V01,xi nhan sau phải blade
33702-K73-V41,Chụp lái Fu Led K73 
33702-K89-V02,chụp lái wa 2017
33702-KEV-901,#N/A
33702-KTL-641,chụp lái rs
33702-KTM-901,chụp lái fu 2
33702-KTM-971,xi nhan sau phải neo
33702-KVG-951,xi nhan sau phải air
33702-KVR-V91,chụp lái rsx 100 trắng
33702-KWW-B21,xi nhan sau phải ws 110
33702-KYZ-901,xi nhan sau trái fu 125
33703-K89-V01,xi nhan sau phải wa 2017
33703-KFL-710,xi nhan sau phải fu trắng
33703-KFL-891,xi nhan sau phải fu vàng
33703-KFL-D21,xi nhan sau phải w
33703-KTL-642,xi nhan sau phải rs
33703-KTL-V01,xi nhan sau phải wa vàng
33703-KTM-901,xi nhan sau phải fu 2
33703-KTM-971,chụp lái neo
33703-KVG-951,chụp lái air
33703-KZL-E01,chụp lái vision
33704-KVG-951,0
33706-K56-V01,0
33708-K03-N30ZA,rùa rsx 110-2014 trắng
33708-K03-N30ZB,"Rùa sau, ốp đuôi sau RSX 110cc (2014-2015) đen-NHB25M"
33708-K03-N30ZE,rùa rsx 110-2014 đen nhám 
33708-K03-N30ZF,rùa rsx 110-2014 đỏ tươi 
33708-K03-N30ZG,rùa rsx 110-2014 xanh đá 
33708-KWW-600YE,"Mui rùa sau, nắp ốp đuôi sau, ốp đuôi trên đèn hậu  Wave  RS110 (2009-2013) đỏ tươi -R263*"
33708-KWW-600YH,"Mui rùa sau, nắp ốp đuôi sau, ốp đuôi trên đèn hậu Wave S110 (2013-2014) vàng đồng *Y208M*"
33708-KWW-600ZB,"Mui rùa sau, nắp ốp đuôi sau, ốp đuôi trên đèn hậu  Wave  RS110 (2009-2013) XANH -B203M*"
33708-KWW-600ZF,"Mui rùa sau, nắp ốp đuôi sau, ốp đuôi trên đèn hậu  Wave S110, RSX110(2009-2013) ĐỎ 340C*"
33708-KWW-600ZG,"Mui rùa sau, nắp ốp đuôi sau, ốp đuôi trên đèn hậu  Wave S110, RSX110,Wave RS110(2009-2013) ĐEN-A69P*"
33708-KWW-600ZH,"Mui rùa sau, ốp đuôi sau, ốp đuôi trên đèn hậu  Wave S110 (2009-2013) BẠC-411"
33708-KWW-600ZJ,"Mui rùa sau, ốp đuôi sau, ốp đuôi trên đèn hậu  Wave S110 (2009-2011) xanh mực-B373M*"
33708-KWW-600ZK,"Mui rùa sau, ốp đuôi sau, ốp đuôi trên đèn hậu  Wave S110, RSX110 (2009-2013) đỏ-313C"
33708-KWW-600ZP,"Mui rùa sau, ốp đuôi sau, ốp đuôi trên đèn hậu  Wave  RS110, Wave RSX110 (2009-2010) Xanh ngọc-B206M*"
33708-KWW-600ZT,"Mui rùa sau, ốp đuôi sau, ốp đuôi trên đèn hậu  Wave RSX110 (2009-2010) Trắng-A96P*"
33709-K03-N30ZA,ốp dưới đuôi rsx 110-2014
33710-GFM-890,đèn lái lead
33710-K01-902,đèn lái sh 2012
33710-K07-941,đèn lái rsx110- 2012
33710-K1N-V01,Đèn lái Sh mode 2022
33710-K27-V01,đèn lái air 2013
33710-K29-901,đèn lái sh mos
33710-K57-V02,chụp lái blade
33710-KTL-641,đuôi sau rs ( không chụp ) 
33710-KVB-951,đèn lái click
33710-KWN-981,#N/A
33710-KYZ-901,đèn lái fu 125
33711-K2C-V01,Chụp lái Vision 2022 trong
33711-K2C-V31,chụp lái vision 2022 khói
33720-K0R-V01,#N/A
33720-K1F-V01,0
33720-K27-V01,ốp đèn sau air 2013
33720-K44-V01,chụp lái vision 2014
33720-K56-V01,0
33720-K56-V51,bộ đèn soi biển số (đèn dè sau) Winner X-V2 (2019-2021)
33722-KWN-901,#N/A
33730-KVG-V41,đèn lái air 2011
33741-GBG-B40,mắt mèo phải spe
33741-GN5-761,phản quang đuôi sau w
33741-K29-901,0
33741-KAN-961,phản quang đuôi sau air
33742-GBG-B40,mắt mèo trái spe
33752-K03-N31,xi nhan sau trái rsx 110-2014
33752-K57-V01,xi nhan sau trái blade
33752-KTM-971,xi nhan sau trái fu neo
33752-KVG-951,xi nhan sau trái air
33752-KWW-B21,xi nhan sau trái ws 110
33753-K89-V01,xi nhan sau trái wa 2017
33753-KFL-710,#N/A
33753-KFL-891,xi nhan sau trái fu vàng
33753-KFL-D21,xi nhan sau trái w
33753-KTL-642,xi nhan sau trái rs
33753-KTL-V01,xi nhan sau trái wa vàng
33753-KTM-901,xi nhan sau trái fu 2
34901-K57-V01,bóng đèn rs
34901-KRS-901,bóng đèn trước w
34902-KZV-V31,0
34904-KZV-V31,0
34905-KAN-W01,0
34906-GB6-921,"bóng đèn sau w, rs, fu 1"
34908-GA7-701,#N/A
35010-K01-612,0
35010-K01-900,khóa máy sh 2012
35010-K03-M00,khóa máy rsx 110-2014 fi
35010-K03-M60,khóa máy rsx 110-2014 ko fi 
35010-K07-940,khóa máy rsx 110-2012
35010-K12-910,khóa máy lead 2013
35010-K12-931,0
35010-K12-932,0
35010-K12-V00,0
35010-K27-V00,khóa máy air 2013 ko dmos
35010-K27-V10,khóa máy air 2013 có dmos
35010-K27-V50,0
35010-K29-910,ổ khóa sh 2013 có dmos
35010-K29-J00,ổ khóa sh 2013 ko dmos
35010-K2C-V00,khóa máy vision 2022 ( khóa chìa )
35010-K44-V00,#N/A
35010-K44-V80,khóa máy vision 2014 (V80)
35010-K56-N10,bộ khóa winner ( có khóa yên )
35010-K57-V00,khóa máy w blade
35010-K73-V40,0
35010-K73-V41,0
35010-K89-V00,khóa máy w@ 2017
35010-K90-VC0,khóa máy rsx 2018 ( có dây giắc ) 
35010-K90-VM0,khóa máy rsx 2022 ( ko dây giắc ) 
35010-KFL-D00,khóa máy w 
35010-KTL-680,khóa máy w@ KTL-680
35010-KTM-950,khóa máy fu neo
35010-KVB-900,khóa máy click
35010-KVG-900,khóa máy air
35010-KVG-V40,#N/A
35010-KVL-V30,khóa máy fu neo
35010-KWN-710,khóa máy pcx
35010-KWW-A00,khóa máy rsx 110
35010-KWW-B20,khóa máy ws 110
35010-KYZ-V00,khóa máy fu 125
35010-KYZ-V20,khóa máy fu 125 fi
35010-KZL-E00,khóa máy vision
35010-KZV-V30,khóa máy spe 110-2014
35020-KFL-D01,cùm công tắc w
35100-K2C-V11,#N/A
35100-K2P-V61,0
35100-K2T-V01,0
35100-K56-V51,0
35101-K12-V11,0
35111-K0R-V02,#N/A
35121-K1F-V01,#N/A
35141-K1F-V01,0
35141-K2T-V01,0
35150-K27-V01,nút mở đèn air 2013
35150-K56-V01,nút mở đèn winner 
35150-K66-V01,nút mở đèn air 2016
35150-KPH-880,"nút mở đèn air,sh 2012,sh"
35150-KPW-901,"nút mở đèn wa,rs,click"
35150-KRS-860,cùm ga w
35150-KTM-970,"nút đề neo,lead ,FU1"
35150-KVV-901,cùm phải spe 
35150-KWW-A01,nút mở đèn ws110
35150-KYZ-V02,"nút mở đèn fu125, fuled, w@17, winner"
35160-GFM-971,"nút đề fu,lead"
35160-K12-V81,0
35160-K20-T21,"nút đề fu led,w@17,air16,winner V2"
35160-K27-V01,nút đề air 16
35160-KFG-003,nút đề sh
35160-KFL-711,#N/A
35160-KPH-971,#N/A
35160-KTM-971,"nút đề neo,fu x,click,rs"
35160-KVB-851,#N/A
35160-KWW-A01,#N/A
35160-KYZ-901,nút đề fu 125
35170-GFM-971,"nút pha cos lead,fu1"
35170-K01-902,nút pha cos sh 2012
35170-K27-V01,0
35170-K35-V01,0
35170-K46-N01,"nút pha cos fu led, winner v1"
35170-K56-V51,"nút pha cos, Công tắc pha cốt Winner X-V2 (2019-2021)"
35170-K59-A11,nút pha cos air 16
35170-K60-B01,nút pha cos air 16
35170-KFG-013,nút pha cos sh
35170-KPH-651,"nút pha cos rs,air,click"
35170-KPH-971,#N/A
35170-KTM-971,"nút pha cos neo,fu x"
35170-KVB-851,nút pha cos air
35170-KWW-A02,0
35170-KYZ-901,"nút pha cos fu 125, fu led"
35180-GFM-971,"nút còi lead ,fu( dùng chung GA7)"
35180-K03-N31,0
35180-K20-T21,"nút còi fu led, w@17, air16, winner V2"
35180-K27-V01,#N/A
35180-K47-N01,"nút còi air 20, air 16"
35180-KCW-J40,nút còi sh
35180-KTM-971,"nút còi neo,fu x"
35180-KVB-851,"nút còi air,click,wa"
35180-KWW-A01,"nút còi ws110,air2011,vision"
35180-KYZ-901,0
35190-K50-T01,0
35190-K66-V11,0
35190-KWN-901,0
35200-K03-N31,"nút xi nhan winner, w@ 17, air 16"
35200-K27-V01,0
35200-K35-V02,#N/A
35200-K66-V11,"nút xi nhan  air 16,air 20"
35200-KPH-971,"nút xi nhan  rs,fu 1"
35200-KTM-901,#N/A
35200-KTM-971,nút xi nhan  neo
35200-KVB-851,"nút xi nhan  air,wa"
35200-KVV-901,nút xi nhan  spe trái
35200-KWW-A01,"nút xi nhan  ws110,air 2011,vision"
35200-KYZ-901,"nút xi nhan fu 125, fu led"
35340-GZ9-003,0
35340-K01-D01,#N/A
35340-K27-V01,"stop tay lead 2013,air 2013"
35340-KGH-901,#N/A
35340-KPH-901,#N/A
35340-KWB-601,stop đĩa ws 110
35345-GFM-J11,0
35350-KRS-830,stop sau w
35700-K12-931,0
35700-K27-V01,#N/A
35700-K44-V01,#N/A
35700-K66-V01,công tắc đá chống tắt máy air 2016
35700-K66-VG1,0
35753-GK4-761,dây báo số dream
35759-KFM-902,dây báo số w
35759-KTL-741,dây báo số rs
35759-KTM-971,0
35759-KVL-V31,#N/A
35759-KVV-902,0
35759-KWW-B22,#N/A
35850-K56-N01,rơ le đề winner
37010-KPH-900,#N/A
37080-KPH-650,#N/A
37080-KVB-900,phao xăng clcik
37080-KVG-900,phao xăng air
37100-K12-901,đồng hồ lead 2013
37100-K12-V12,Đồng hồ Lead 125 ( 2017-2019 )
37100-K1F-V02,đồng hồ air 150-2020
37100-K1G-V02,đồng hồ air 125-2020
37100-K1N-V01,Đồng hồ SH mode 2023 (CBS)
37100-K1N-V11,Đồng hồ SH mode 2022 (ABS)
37100-K27-V01,đồng hồ air 2013
37100-K29-901,đồng hồ sh mos
37100-K29-911,0
37100-K29-962,0
37100-K29-J01,#N/A
37100-K2C-J01,0
37100-K2C-V01,Đồng hồ Visison 2022 ( ko smarkey )
37100-K2C-V11,Đồng hồ Vision 2022 ( có smarkey )
37100-K2C-V91,0
37100-K2P-V62,đồng hồ winner X V3 ( đời CBS )
37100-K2P-V72,0
37100-K2S-V01,0
37100-K2S-V11,0
37100-K2T-V01,Đồng hồ Lead 2022
37100-K2T-V11,Cụm đồng hồ tốc độ
37100-K3A-V02,0
37100-K56-V01,đồng hồ winner
37100-K56-V62,#N/A
37100-K66-V01,đồng hồ air 2016
37100-K66-VE1,Cụm đồng hồ công tơ mét
37100-K73-V41,Đồng hồ Fu Led ( 2018-2019) (V41)
37100-K73-V81,Đồng hồ Fu Led ( 2021-2023 )(V81)
37100-K77-V12,Đồng hồ Sh 17 (ABS) ( V12)
37100-KYZ-V02,0
37100-KYZ-V22,0
37110-K77-V01,#N/A
37111-K0R-V01,Kính đồng hồ Sh 2020
37112-K01-901,kính đồng hồ sh 2012
37112-K1N-V11,Kính đồng hồ Sh Mode 2022
37112-K29-901,kính đồng hồ sh 2013
37120-KTF-B21,kính đồng hồ sh
37200-GGE-941,đồng hồ lead 110
37200-K03-M01,0
37200-K03-M31,0
37200-K03-M61,0
37200-K03-M71,0
37200-K07-941,đồng hồ rsx110 -2012
37200-K44-V84,0
37200-K44-V94,đồng hồ vision 2019 có smartkey
37200-K57-A01,#N/A
37200-K57-A91,Đồng hồ W Blade nền đỏ zic zac ( A91 )
37200-K57-V01,#N/A
37200-K57-V11,0
37200-K57-V21,#N/A
37200-K89-V01,0
37200-K89-V91,đồng hồ W@2017
37200-K90-VC1,Đồng hồ RSX 2023 ( phanh đĩa )
37200-K90-VD1,#N/A
37200-KRS-860,đồng hồ w
37200-KTL-682,"đồng hồ rs,wa"
37200-KTM-970,đồng hồ FU NEO 
37200-KVB-971,đồng hồ click
37200-KVG-961,đồng hồ air
37200-KVG-V21,đồng hồ air fi
37200-KVG-V41,đồng hồ air 2011
37200-KVL-900,0
37200-KVL-931,đồng hồ neo fi
37200-KVR-V91,#N/A
37200-KVV-901,đồng hồ spe
37200-KWN-981,#N/A
37200-KWW-B11,đồng hồ ws 110
37200-KWW-B21,0
37200-KWW-E11,đồng hồ ws 110
37200-KWW-E21,0
37200-KWW-V01,đồng hồ ws 110
37200-KWY-A31,0
37200-KYL-871,0
37200-KZL-E01,đồng hồ vision
37200-KZV-V31,0
37210-KYZ-V01,0
37211-GFM-971,kính đồng hồ lead
37211-GN5-830,0
37211-GN5-901,kính đồng hồ kiểu DREAM thái
37211-K03-M61,kính đồng hồ RSX 2014
37211-K07-901,kính đồng hồ rsx 110-2012
37211-K12-901,kính đồng hồ lead 2013
37211-K1F-V01,0
37211-K1G-V01,0
37211-K27-V01,kính đồng hồ air 2013
37211-K2C-V01,Kính đồng hồ Vision 2022
37211-K35-V01,0
37211-K44-V01,kính đồng hồ vision 2014
37211-K66-V01,kính đồng hồ air 2016
37211-KFL-891,kính đồng hồ fu 1
37211-KPH-701,kính đồng hồ fu x
37211-KTL-681,kính đồng hồ wa 100
37211-KTL-691,kính đồng hồ rs
37211-KTM-970,kính đồng hồ neo
37211-KVB-951,kính đồng hồ click
37211-KVG-951,kính đồng hồ air
37211-KVG-V41,kính đồng hồ air 2011
37211-KVV-901,kính đồng hồ spe có logo
37211-KWN-901,kính đồng hồ pcx
37211-KWW-B21,kính đồng hồ ws110
37211-KYZ-901,"kính đồng hồ Fu 125, Fu Led"
37211-KZL-931,kính đồng hồ vision
37211-KZV-T01,kính đồng hồ spe 2014
37221-K57-V01,kính đồng hồ black
37221-KEV-901,kính đồng hồ w
37221-KPW-901,kính đồng hồ fu 2
37420-K01-902,xi nhan trước phải sh 2012
37470-K01-902,xi nhan trước trái sh 2012
37610-K2P-V61,kính đồng hồ winner X V3
37610-K45-N41,"Mặt kính đồng hồ ,Winner X-V2 (2019-2021)"
37610-K56-V01,kính đồng hồ winer
37610-K77-V01,Kính đồng hồ Sh 17
37620-K2C-V01,#N/A
37700-K66-V01,0
37800-K03-H01,Phao xăng Rsx 2014
37800-K27-V01,#N/A
37800-K2C-V01,#N/A
37800-K2T-V01,#N/A
37800-K57-V01,phao xăng w blade 
37800-KFL-891,phao xăng fu 1
37800-KFV-M21,phao xăng spe
37800-KPH-651,"phao xăng rs,fu neo"
37800-KRS-971,phao xăng w
37800-KTL-741,0
37800-KVG-A32,phao xăng air fi
37800-KVG-V41,phao xăn air 2011
37800-KWB-921,phao xăng ws110
37800-KWW-A81,phao xăng rsx 110 
37800-KYZ-901,phao xăng fu 125
38110-K73-V01,"kèn funeo,wave"
38110-KWW-B21,"kèn ws 110,vision 2014"
38501-KVZ-631,"rơ le nguồn sh os,air 2013,sh"
38501-KWW-B20,#N/A
38501-KWY-A31,rơ le đề w
38502-GGZ-J01,Rơle 5 chân GGZ
38502-K59-A11,rơ le đề 5 chân 
38502-KWN-901,Rơle công suất pcx
38770-K03-M01,#N/A
38770-K56-V51,Điều khiển phun xăng PGM/FI winner V2
38770-K90-V03,ic rsx 2020
38770-K90-VC1,#N/A
38770-KYZ-G01,0
40510-GBG-B20ZA,cacte trên spe
40510-K56-N10,"cacte winner V1, V2, V3, V4"
40510-KFL-890ZA,"cacte trên w,fu"
40510-KPH-900ZA,#N/A
40510-KPH-900ZB,cacte trên fu neo xám 
40510-KTL-640ZA,cacte trên rs bạc
40510-KTL-640ZB,"cacte trên ws, rs xám"
40510-KWW-600ZA,cacte trên ws 110 bạc
40510-KWW-600ZB,cacte trên ws110 đen
40510-KWW-600ZD,cacte trên ws110 xám
40510-KYZ-V00ZB,0
40510-KYZ-V00ZC,"Cacte trên Fu125, Fu Led Đen"
40510-KYZ-V10ZB,cacte trên fu 125 bạc
40510-KZV-V30ZA,#N/A
40520-GBG-B20ZB,cacte dưới spe
40520-KFL-890ZA,"cacte dưới w,fu"
40520-KPH-900ZA,#N/A
40520-KPH-900ZB,cacte dưới fu neo xám 
40520-KTL-640ZA,cacte dưới rs bạc
40520-KTL-640ZB,"cacte dưới ws, rs xám"
40520-KWW-B20ZA,cacte dưới ws110 bạc
40520-KWW-B20ZB,cacte dưới ws110 đen
40520-KWW-B20ZC,cacte dưới ws110 xám
40520-KYZ-V00ZB,cacte dưới fu 125 bạc
40520-KYZ-V00ZD,"Cacte dưới Fu125, Fu Led Đen"
40520-KZV-V30ZA,#N/A
40530-K56-N12,Sên tải Winner
40543-K2P-V60,bát tăng sên winner x v3 
40543-K56-N00,bát tăng sên winner v1 
40543-K56-V50,bát tăng sên winner V2
40543-KEV-900,bát tăng sên w phải nhỏ
40543-KPG-T00,bát tăng sên fu 125
40543-KWW-A00,bát tăng sên phải ws 110
40544-KEV-900,bát tăng sên w trái lớn
40545-001-000SS,nắp thăm sên/ cao su cacte  ( 1 bịt 10 cái )
40546-K15-900,Nắp đậy bát tăng sên winner
40546-K56-V50,Nắp đậy bát tăng sên winner x v2 
40546-KPG-T00,Nắp đậy bát tăng sên fu 125 
40591-GN5-730,cao su sên w
40591-KFL-890,cao su sên fu
40591-KFV-790,cao su sên spe
40591-KPH-900,cao su sên neo
40591-KTL-740,cao su sên rs
40591-KWW-600,cao su sên ws110
40591-KWW-640,cao su sên ws110 trắng
40591-KWW-V00,#N/A
40591-KYZ-V10,cao su sên fu 125
42301-GN5-730,"cốt đùm sau w,spe"
42301-K56-N00,cốt đùm sau winner
42301-KFL-890,#N/A
42301-KPG-900,"cốt đùm sau rs,fu neo"
42301-KWB-600,cốt đùm sau ws110
42303-GN5-830,"ống chỉ dĩa spe ,fu"
42303-K56-N10,0
42304-GN5-760,0
42312-KVG-900,0
42313-GBG-B20,"canh đùm sau w,spe,rs,fu"
42313-KGH-900,#N/A
42601-KVG-912ZA,#N/A
42601-KVG-B00ZA,#N/A
42610-GN5-760,"cùi dĩa w, spe ( GN5 )( mã rẻ)"
42615-K03-M30,#N/A
42615-K56-V00ZA,cùi dĩa winner 
42615-KFV-950,Bộ cùi dĩa w ( KFV )
42615-KPH-900,cùi dĩa fu neo 
42615-KWB-600,cùi dĩa ws 110 
42635-K03-H00ZA,"đùm sau w@110, ws 110, rsx 2014"
42635-KTL-640ZA,đùm sau rs
42635-KVV-900ZA,"đùm sau w,spe"
42635-KWB-600ZA,đùm sau ws 110
42650-K1G-V01ZA,0
42650-K27-V00ZB,mâm sau air 2013 bạc
42650-K29-900ZA,mâm sau sh mode 2013 bạc 
42650-K29-V80ZB,0
42650-K2C-V00ZA,mâm sau vision 2022 đen *NH303M*
42650-K2C-V00ZB,mâm sau vision 2022 bạc *NH146M*
42650-K44-V00ZA,#N/A
42650-K66-VE0ZA,0
42650-K66-VE0ZB,0
42650-K73-V10ZA,0
42650-KVG-V40ZA,0
42650-KYZ-G10ZA,0
42701-GBG-B20,"vành sau spe,w"
42701-KFL-890,vành sau fu 1
42701-KW7-902,Vành trước RS 1.40-17
42753-K12-901,0
42753-KBN-902,0
42753-KBS-901,0
43100-GBG-B20ZC,"má đùm sau w,spe,fu bạc"
43100-KPH-700ZA,"má đùm sau neo,ws110 bạc"
43100-KPH-700ZC,"má đùm sau neo,ws110 den"
43100-KPH-900ZA,má đùm sau fu 2
43100-KWW-640ZD,#N/A
43141-GBG-B20,"cốt má đùm w, spe, fu 1 "
43141-KTL-640,0
43141-KTM-850,0
43150-K2S-M11,0
43150-K56-N11,heo dầu sau winner
43150-K56-V51,heo dầu sau winner x
43150-KTW-901,heo dầu sau sh
43251-K01-900,đĩa thắng sau sh 2012
43251-K1Z-J11,0
43251-K2P-V61,"Đĩa Thắng Sau Winner X V3 2022, Winner X V2 2019"
43251-K56-V01,Đĩa phanh sau Winner
43410-086-720,"bát thắng sau spe,w,fu"
43410-KVB-900,#N/A
43431-GBG-B21,bát gắp spe 
43431-KPH-700,bát gắp rs
43431-KRS-900,bát gắp w
43431-KTM-970,bát gắp neo
43431-KWB-600,bát gắp ws110
43440-GGE-900,dây trợ lực phanh trước lead
43440-K12-901,dây trợ lực phanh trước lead 2013
43440-K29-901,0
43440-K35-V01,0
43440-K44-V01,0
43440-K44-V81,0
43440-K50-T01,0
43440-KVB-920,0
43440-KWN-711,0
43440-KWN-931,0
43440-KZL-E01,dây trợ lực phanh sau vision
43450-GGE-900,dây thắng lead
43450-K12-901,dây thắng lead 2013
43450-K12-902,0
43450-K1F-V01,dây thắng air 2020
43450-K1N-V01,Dây thắng sau Sh Mode 2020
43450-K1N-V11,Dây thắng Sh Mode 2022
43450-K27-V01,dây thắng air 2013
43450-K29-901,dây thắng sh mode 13
43450-K2C-V01,Dây thắng Vision 2022
43450-K35-V01,0
43450-K44-V01,dây thắng Vision 14
43450-K66-V01,dây thắng air 16
43450-KVB-920,#N/A
43450-KVG-910,dây thắng air
43450-KZL-E01,dây thắng sau vision 
43451-GBG-B20,đũa thắng spe
43451-KPH-900,đũa thắng neo
43451-KRS-900,đũa thắng w
43451-KTL-690,đũa thắng rs
43451-KWB-600,đũa thắng ws110
43451-KYZ-900,"đũa thắng fu 125, FU LED"
43459-GN5-760,0
43472-KVB-900,lò xo đạp thắng air
43510-K01-901,"tay dầu trên trái sh 2012,sh"
43510-K2S-N11,0
43510-K56-N11,ben đạp sau winner
43510-K56-V51,ben đạp sau winner X
43510-KTW-901,0
44301-GN5-900,#N/A
44301-K01-900,cốt đùm trước sh 2012
44301-K56-N10,cốt đùm trước winner
44301-KAN-T40,cốt đùm trước w
44301-KFM-900,cốt đùm trước spe
44301-KPH-970,cốt đùm trước neo
44301-KVG-950,cốt đùm trước air
44301-KWW-640,cốt đùm trước ws110
44311-GCC-930,#N/A
44311-GN5-760,"căn đùm trước w,spe"
44311-K56-N10,0
44311-KPH-900,canh đùm trước fu neo
44311-KVB-910,0
44312-KZR-600,0
44515-K56-V60,0
44620-KPH-650,"canh đùm trước rs,fu neo"
44620-KPH-950,0
44635-GBG-B40ZC,đùm trước w
44635-K03-H00ZA,0
44635-KPH-650ZA,0
44635-KRS-860ZA,đùm trước w
44635-KWW-B20ZA,đùm trước ws110 đùm
44635-KWW-B30ZA,đùm trước ws110 đĩa
44650-K12-900ZA,mâm trước lead 2013
44650-K1G-V01ZA,0
44650-K27-V00ZA,mâm trước air 2013 đen
44650-K27-V00ZB,mâm trước air 2013 bạc
44650-K29-900ZA,mâm trước sh 2013
44650-K2C-V00ZA,0
44650-K44-V00ZB,mâm trước vision 2014 đen
44650-K66-V00ZA,mâm trước air 2016 bạc
44650-K66-V00ZB,mâm trước air 2016 đen
44650-K73-V11ZA,0
44650-KTL-670ZA,"mâm trước rs,neo"
44650-KVG-B00ZA,mâm trước air fi 6 cánh
44650-KVG-V40ZA,mâm trước air 2011
44650-KYZ-G01ZA,0
44650-KYZ-G10ZA,0
44650-KYZ-V41ZA,0
44701-GBG-B20,"Vành trước spe,w - 1.20-17"
44701-KFL-890,Vành trước fu1-1.40-17
44753-KSB-901,0
44800-KAN-851,#N/A
44800-KPH-651,nhông đồng hồ rs
44800-KVB-910,nhông đồng hồ air
44800-KWB-600,nhông đồng hồ ws110
44800-KWW-650,"nhông đồng hồ Fu 125 ,rsx110-2012"
44806-GN5-901,#N/A
44806-KEV-900,#N/A
44806-KFM-901,0
44806-KGH-901,"nhông đồng hồ wa,rs mủ trắng"
44830-GGE-900,dây đồng hồ lead
44830-K90-V01,Dây đồng hồ Rsx 2018 ( K90 )
44830-KET-920,Dây đồng hồ ZX ( KET )
44830-KFL-890,dây đồng hồ fu 1
44830-KFM-900,dây đồng hồ w ( KFM )
44830-KPR-900,dây đồng hồ sh
44830-KRS-900,dây đồng hồ w đầu tròn
44830-KTL-690,dây đồng hồ rs ( KTL )
44830-KTM-970,dây đồng hồ neo
44830-KVB-750,"Dây đồng hồ Air, Vision 14"
44830-KVR-V10,dây đồng hồ ws ( KVR )
44830-KWW-640,dây đồng hồ ws110 ( 640 )
44830-KZL-E00,dây đồng hồ vision
45010-GBG-B20ZC,má đùm trước spe
45010-KRS-860ZA,má đùm trước w
45010-KWW-640ZA,má đùm trước ws110
45105-KW7-425,"bố thắng đĩa w, fu 1 "
45107-GE2-006,0
45121-KBA-901,#N/A
45126-K12-901,dây dẫn dầu lead 2013
45126-K56-N11,0
45126-KVB-911,dây dẫn dầu clcik
45126-KWW-A01,dây dẫn dầu ws110
45126-KZL-E01,dây dẫn dầu vision
45126-KZR-601,dây dẫn dầu vision 2014
45126-KZY-701,#N/A
45132-166-016SS,phốt heo dầu dài ( 1 bịt 10 cái )
45133-MA3-006SS,phốt heo dầu ngắn ( 1 bịt 10 cái )
45134-250-000,0
45145-121-710,lông đền mũi tên w
45150-K12-902,0
45150-K29-902,0
45150-K81-N01,heo dầu air 125 đen
45150-KTW-901,heo dầu trước sh
45150-KTZ-D01,heo dầu dưới lead
45150-KVB-T01,#N/A
45150-KVB-T02,heo dầu dưới air 11
45150-KVG-901,heo dầu dưới air
45150-KZL-A02,0
45156-KWW-A00,bát kẹp dây dầu a ws110
45157-KWW-A00,bát kẹp dây dầu b ws110
45250-KFL-D31,heo dầu dưới fu
45250-KWW-B12,heo dầu ws 110
45251-K2P-VF1,0
45251-K56-V01,đĩa thắng trước winner
45251-K56-V51,đĩa thắng trước winner X
45251-K90-V01,đĩa thắng trước rsx 2018
45251-KTM-751,#N/A
45251-KWW-B11,#N/A
45351-K01-900,Đĩa thắng trước sh 2012
45351-K0R-V11,Đĩa thắng trước Sh 2020
45351-K12-900,"Đĩa thắng trước lead 2013 ,lead"
45351-K12-V01,đĩa thắng trước lead 2018
45351-K1F-V01,đĩa thắng trước air 2020-150
45351-K1F-V11,đĩa thắng trước air 2020-125
45351-K1N-V01,đĩa thắng trước sh mode 2022
45351-K29-V81,đĩa thắng trước sh mode 2019
45351-K2S-V11,đĩa thắng trước vario 160
45351-K2Z-V01,đĩa thắng trước air 2023-160
45351-K44-J01,#N/A
45351-K66-VE1,#N/A
45351-K96-V01,0
45351-KVB-961,Đĩa thắng trước click
45351-KVG-951,#N/A
45410-GN5-900,"bát thắng trước w, spe, rs "
45435-121-010,lò xo cần phanh trước 
45440-K12-901,0
45440-KZL-E01,dây trợ lực phanh trước vision
45450-GBG-B20,dây thắng spe
45450-K57-V11,Dây thắng W Blade
45450-KPH-670,dây thắng rs
45450-KRS-900,dây thắng w
45450-KWW-B20,dây thắng ws110
45451-GN5-730,cao su dè w 
45500-GGE-901,tay dầu lead
45500-K1G-V01,tay dầu air 125-2020
45500-K27-631,tay dấu air 2013
45500-K2S-T01,tay dầu vario 160
45500-K44-V81,Tay dầu Vision 2014 (V81)
45500-K66-V01,tay dầu air 2016
45500-K66-VE1,0
45500-KVB-751,0
45500-KVG-911,tay dầu trên air
45510-K01-901,0
45510-K03-M01,0
45510-K03-M61,0
45510-K12-901,0
45510-K12-930,0
45510-K1F-V01,0
45510-K2S-N11,0
45510-K57-A01,"tay dầu wblade, ws 110 ( mã rẻ )"
45510-KFL-831,tay dầu trên fu
45510-KFL-D31,Tay dầu Wave ZX
45510-KVT-305,ben dầu trên sh mos 2013
45510-KWB-601,tay dầu trên ws110
45510-KZL-E01,ben dầu trên vision
45513-GW0-911,0
45530-471-831,pit tong tay dầu fu
45530-K03-M61,"Pit tong tay dầu vision 2022, winner, rsx 110"
45530-K59-A71,0
45530-KVS-M21,Pit tong tay dầu Fu Led
45530-KVY-911,pit tong tay dầu air 2011
45530-MA4-671,"Pit tong tay dầu Vision, Lead 13, Sh Ý"
45530-MN9-305,Pit tong tay dầu SH 125/150 (2009-2015)
46500-K07-940,0
46500-K56-N00,đạp thắng winer
46500-K56-V50,"đạp thắng winner V2, V3, V4"
46500-K57-V00,đạp thắng w blade
46500-K89-V50,đạp thắng W@ 2017
46500-KPH-B00,đạp thắng fu neo
46500-KVR-V10,"đạp thắng fu rs,ws,wa"
46500-KVV-900,đạp thắng spe
46500-KWB-920,đạp thắng ws110 bạc
46500-KWW-V00,đạp thắng rsx110 đen
46500-KYZ-900,đạp thắng fu 125
46513-KBP-900,lò xo đạp thắng w 
46514-086-720,lò xo đạp thắng spe 
50100-K29-910,sườn xe sh mode 2013 khóa chìa 
50100-K29-960,sườn xe sh mos smarkey
50100-K29-V80,0
50100-K44-V80,sườn xe vision 2014 khóa smarkey 
50100-K89-V00,sườn xe W@ 2017
50100-KFV-791ZB,sườn xe spe
50301-KCW-870,chén cổ lead
50302-KCW-870,chén cổ lead
50306-GFC-900,0
50306-GN5-900,0
50310-K77-V10,#N/A
50320-K56-N00,Hộp bình ắc quy winner 
50330-K56-N10,Nắp hộp bình ắc quy winner
50350-K29-900,Giá treo động cơ sh mode 2013
50350-K44-V00,Giá treo động cơ vision 2014
50352-K12-900,#N/A
50352-KVB-900,#N/A
50352-KZR-600,#N/A
50380-GN5-902,hộp đựng bình spe
50380-KEV-940,hộp bình ắc qui w 
50381-GN5-900,nắp đựng bình spe
50381-K1F-V00,0
50381-K66-V00,Hộp bình ắc quy air 2016
50381-KTM-970,Nắp hộp đựng bình ắcquy fu neo 
50400-K03-N30,quai yên rsx 110-2014
50400-K07-900ZE,quai yên rsx 110-2012
50400-K56-N10ZA,Quai yên Winner đen *NH303M*
50400-K56-N10ZB,Quai yên Winner Bạc *NH411M*
50400-K56-V50ZC,"quai yên winner V2, V3, V4 đen"
50400-K57-A00,Quai yên W Blade
50400-K89-V00,Quai yên W @ 110 ( K89 )
50400-KEV-900,quai yên w
50400-KFL-D20,quai yên w ZX
50400-KTL-740,"quai yên rs,wa,ws"
50400-KVR-600,quai yên rsx100
50400-KVV-910,quai yên spe có cao su
50400-KWW-620,quai yên ws110
50400-KWW-V00,quai yên rsx110 nhỏ
50410-KVV-910,quai yên spe không cao su
50410-KZV-V30,Quai yên spe 2014-110
50412-GBG-B20,Cao su quai yên spe
50414-GBG-B20,Kẹp cao su quai yên spe
50500-GGE-900,chống đứng lead
50500-K01-900,chống đứng sh 2012
50500-K0R-V00,chống đứng sh 2020
50500-K12-900,chống đứng lead 2013
50500-K1N-V00,chống đứng sh mode 2022
50500-K27-V00,chống đứng air 2013
50500-K29-900,chống đứng sh 2013
50500-K2C-V00,chống đứng vision 2022 (V00)
50500-K2C-V30,chống đứng vision 2022 (V30)
50500-K2S-V00,"Chống đứng vario 160, click 160"
50500-K2T-V00,chống đứng lead 2022
50500-K35-V00,chống đứng pcx 2014
50500-K44-V00,chống đứng vision 2014 (V00)
50500-K44-V80,chống đứng vision 14 (V80)
50500-K56-N10,"chống đứng winner V1, V2, V3, V4"
50500-K66-V00,"chống đứng air 2016 , air 2020"
50500-K77-V00,chống đứng sh 2017
50500-K89-V00,"chống đứng W@17, WS 110 ( mã rẻ )"
50500-KEV-900,chống đứng w
50500-KFV-790,chống đứng spe
50500-KTL-680,"chống đứng rs,wa"
50500-KTM-970,chống đứng fu neo 
50500-KVB-930,"chống đứng click, air"
50500-KVG-V20,chống đứng air fi
50500-KVG-V40,chống đứng air 2011
50500-KWN-710,chống đứng pcx
50500-KWN-901,#N/A
50500-KWW-B20,chống đứng ws110
50500-KWZ-900,#N/A
50500-KYZ-V00,Chống đứng Fu 125 (V00)
50500-KYZ-V10,chống đứng fu 125
50500-KZL-930,chống đứng vision
50503-K0J-N00,cốt chống đứng vision 2022
50503-K27-V00,cốt chống đứng air 2013
50503-KVB-900,"cốt chống đứng air,click"
50503-KVY-900,cốt chống đứng air fi
50503-KWN-900,"cốt chống đứng pcx, Sh 17, Sh mode 22"
50503-KYT-900,0
50503-KZL-930,cốt chống đứng vision
50512-087-820,"cốt chống đứng w,spe,fu"
50512-KPH-900,"cốt chống đứng rs,fu neo"
50512-KWW-620,cốt chống đứng ws110
50520-KVB-900,"lò xo chống đứng air, click"
50523-041-000,Cần móc chân chống đứng w
50523-KEV-880,Cần móc chân chống đứng fu
50523-KPH-900,Cần móc chân chống đứng fu neo 
50524-001-000,cao su chống đứng spe
50524-GBJ-680,"cao su chống đứng w,spe,fu"
50530-GGE-940,chôống bên lead 110
50530-K01-900,chống bên sh 2012
50530-K0J-N00,chống bên vision 2022 ( xài bánh 14 ) 
50530-K0R-V00,Chống bên Sh 2020
50530-K12-900,chống bên lead 2013
50530-K12-V00,chống bên lead 2018
50530-K1F-V00,Chống bên Air 2020
50530-K1N-V00,chống bên sh mode 2022
50530-K27-V00,chống bên air 2013
50530-K27-V60,chống nghiêng air 2013 đá chống tắt máy
50530-K29-900,chống bên sh 2013
50530-K2C-V30,chống bên vision 2022 ( xài bánh 16 ) 
50530-K2S-N00,chống bên vario 160
50530-K2T-V00,chống bên lead 2023
50530-K44-V00,chông bên vision 2014
50530-K56-N10,"chống bên winner V1, V2, V3, V4"
50530-K66-V10,chống bên air 2016
50530-K77-V00,Chống bên Sh 17
50530-KVB-N50,chống bên click
50530-KVG-A30,chống bên air fi
50530-KVG-V40,chống bên air 2011
50530-KWN-710,chống bên pcx
50530-KWN-900,#N/A
50530-KWW-B20,Chân chống bên
50530-KYZ-900,chống bên fu 125
50530-KZL-860,chống bên vision
50530-KZL-930,0
5053A-K44-V00,chống bên vision 2014 có lò xo
5053A-KFV-950,Bộ chân chống bên spe
5053A-KPH-E20,"Bộ chân chống bên neo,RS"
5053A-KWW-B20,chống bên ws 110 
5053A-KYZ-900,Bộ chân chống bên KYZ
50601-K56-V70ZB,0
50605-KPH-900,0
50605-KVR-600,bát nhôm sau phải rsx 100
50606-K56-N00,che ben đạp sau winner (MIẾNG SẮT)
50606-K56-N10,ốp gác chân phải winner (MIẾNG NHỰA)
50606-K56-V50ZA,0
50606-K56-V50ZC,0
50606-K56-V50ZD,0
50606-K56-V50ZH,0
50606-KVR-600,0
50606-KYZ-900,0
50607-K2P-V60,0
50607-K56-N10,Nắp hộp bình ắc quy winer
50607-K56-V50,0
50610-K03-M60,gác máy rsx 2014
50610-K57-V00,gác máy blade
50610-K89-V00,gác máy W@ 110-2017
50610-KPH-900,gác máy fu neo
50610-KVR-V10,"gác máy rs,wa"
50610-KVV-900,gác máy spe
50610-KWW-B80,gác máy ws110
50610-KYZ-900,gác máy fu 125
50611-K2C-V00,sàn rác Vision 2021
50611-K44-V00ZA,sàn rác vision 2014
50611-KZL-A00ZC,sàn rác vision
50612-MM5-000,"cần để chân trước phải Winner V2,V3, V4"
50619-K56-N00,0
50621-GGE-900,sàn rác lead
50622-KBA-900,0
50642-MM5-000,"Cần để chân trước trái Winner V2,V3, V4"
50650-K56-N00,0
50650-K56-V50,0
50660-K56-N00,0
50660-K56-V50,0
50661-GN8-920,cao su gác chân trước w
50661-K56-V00,cao su gác chân trước winner
50661-KEV-880,cao su gác chân trước fu
50661-KWB-600,cao su gác chân trước ws110
50661-KYJ-900,"Cao su gác chân trước winner V2, V3, V4"
50670-K56-N00,0
50701-K56-V70ZB,0
50705-KVR-V80,bát nhôm sau trái rsx 100
50706-K56-N10,ốp gác chân trái winner
50706-K56-V50ZA,0
50706-K56-V50ZC,0
50706-K56-V50ZE,0
50706-K56-V50ZJ,0
50706-KYZ-900,0
50707-K2P-V60,0
50707-K56-V50,0
50710-KET-600,cao su gác chân sau air
50710-KWB-600,cao su gác chân sau ws 110
50711-K15-900,#N/A
50713-KEV-900,bát bô phải w 
50714-KEV-900,bát bô trái w 
50715-GN5-730,bát nhôm sau phải spe
50715-K03-M60,bát nhôm phải rsx 110-2014
50715-K07-940,"bát nhôm sau phải blade, rsx 110-2012"
50715-K56-N10,0
50715-KEV-900,bát nhôm sau phải w
50715-KPH-700,bát nhôm sau phải fu neo
50715-KPH-900,bát nhôm sau phải fu 2
50715-KTL-740,"bát nhôm sau phải rs,wa,ws"
50715-KVG-900,bát nhôm sau phải air
50715-KVG-V40,bát nhôm sau phải air 2011
50715-KWW-B20,bát nhôm sau phải ws 110-bạc
50715-KWW-E00,0
50715-KWW-V00ZA,bát nhôm sau phải rsx 110-đen
50715-KYZ-V10,bát nhôm sau phải fu 125
50715-KZV-V30,bộ bát nhôm phải spe 2010
50716-GN5-730,bát nhôm sau trái spe
50716-K03-M60,bát nhôm trái rsx 110-2014
50716-K56-N00,0
50716-KEV-900,bát nhôm sau trái w
50716-KPH-700,bát nhôm sau trái fu neo
50716-KPH-900,bát nhôm sau trái fu 2
50716-KTL-740,"bát nhôm sau trái rs,wa,ws"
50716-KVG-900,bát nhôm sau trái air
50716-KVG-V40,0
50716-KWW-B20,0
50716-KWW-E00,"bát nhôm sau trái blade,ws 110-bạc"
50716-KWW-V00ZA,bát nhôm sau trái rsx 110-đen
50716-KYZ-V10,bát nhôm sau trái fu 125
50718-K27-V00,0
50718-KVG-V40,0
5071A-GN5-830,"bộ cao su gác chân sau w,spe,fu phải"
5071A-K07-940,#N/A
5071B-GN5-830,#N/A
5071B-K07-940,#N/A
50720-GFM-900,#N/A
50720-K12-900,cần để chân sau phải lead 2013
50720-K27-V00,cần để chân sau phải air 2013
50720-K2C-V00,Cần để chân sau phải
50720-K66-V00,"Cần để chân sau phải Air 16, Air 2020"
50720-KT7-761,"Cần để chân sau phải Winner V1, V2,V3, V4"
50720-KVG-V40,Cần để chân sau phải air 2011
50722-KTF-640ZA,gác chân sau sh bạc trái
50730-GFM-900,#N/A
50730-K01-900,"Cần để chân sau phải sh12, Sh20"
50730-K12-900,cần để chân sau trái lead 2013
50730-K27-V00,cần để chân sau trái air 2013
50730-K2C-V00,Cần để chân sau trái
50730-K66-V00,"Cần để chân sau trái Air 16, Air 2020"
50730-KT7-761,"Cần để chân sau trái Winner V1, V2, V3, V4"
50730-KVG-V40,0
50731-K1N-V00ZA,0
50731-K1N-V00ZB,0
50731-K97-T00ZA,0
50732-K97-T00ZA,0
50740-K01-900,"Cần để chân sau trái Sh12, Sh 20"
50741-K1N-V00ZA,0
50741-K1N-V00ZB,0
50741-K97-T00ZA,0
50742-K97-T00ZA,0
51400-GGE-901,phuộc trước phải lead
51400-K01-901,phuộc trước phải sh 2012
51400-K0R-V01,#N/A
51400-K12-901,phuộc trước phải lead 2013
51400-K16-911,phuộc trước phải vision 2014 ( đen )
51400-K1F-V01,"Phuộc trước phải Air 2020 ( ABS, CBS )"
51400-K1N-V41,0
51400-K27-V01,phuộc trước phải air 2013 bạc
51400-K27-V61,phuộc trước air 2014 phải đen
51400-K29-901,phuộc trước phải sh 2013
51400-K29-951,0
51400-K2C-V01,Phuộc trước phải Vision 22 bạc ( bánh 14 )(V01)
51400-K2C-V11,Phuộc trước phải Vision 22 đen ( bánh 14 )(V11)
51400-K2C-V31,Phuộc trước phải Vision 22 đen ( bánh 16 )(V31)
51400-K2P-V61,0
51400-K2P-V71,0
51400-K2S-N01,0
51400-K2T-V01,0
51400-K2T-V21,0
51400-K56-N11,phuộc trước phải winner
51400-K56-V51,phuộc trước phải winner V2 ( CBS ) đen
51400-K56-V61,phuộc trước phải winner V2 đồng
51400-K56-V71,phuộc trước phải winner V2 ( ABS ) đen
51400-K57-A01,phuộc trước phải wblade ( đĩa bằng ) bạc (A01)
51400-K57-A21,0
51400-K57-V01,phuộc trước phải wblade đĩa bạc (V01)
51400-K57-V11,phuộc trước phải wblade đùm ( bạc ) (V11)
51400-K66-V01,phuộc trước phải air 2016 bạc
51400-K66-V11,phuộc trước phải air 2016 đen
51400-K77-V01,#N/A
51400-K89-V01,Phuộc trước phải WA 110-2017 bạc (V01)
51400-K89-V51,Phuộc trước phải WA 110-2017 bạc (V51)
51400-K90-V01,0
51400-KEV-901,phuộc trước phải w
51400-KFL-891,phuộc trước phải fu
51400-KFV-831,phuộc trước phải spe
51400-KTF-891,phuộc trước phải sh
51400-KTL-641,"phuộc trước phải rs,ws"
51400-KTL-681,phuộc trước phải wa
51400-KTL-781,phuộc trước phải zx
51400-KTM-881,phuộc trước phải fu neo đĩa
51400-KTM-981,phuộc trước phải fu neo fi
51400-KVB-751,phuộc trước phải click ( 1 piston ) 
51400-KVB-911,phuộc trước phải click ( 2 piston ) 
51400-KVG-951,phuộc trước phải air 2007 bạc
51400-KVG-V01,phuộc trước phải air 2008 đen
51400-KVG-V21,phuộc trước phải air fi
51400-KVG-V41,phuộc trước phải air 2011
51400-KVR-V11,0
51400-KVR-V81,0
51400-KWN-711,phuộc trước pcx phải
51400-KWW-651,0
51400-KWW-B11,phuộc trước phải ws110 đĩa
51400-KWW-B21,phuộc trước phải ws110 đùm
51400-KWW-V01,phuộc trước phải rsx110-đen
51400-KYL-841,0
51400-KYZ-V01,phuộc trước phải fu 125
51400-KZL-E01,phuộc trước phải vision
51401-KEV-901,lò xo phuộc trước w
51401-KFV-M41,lò xo phuộc trước spe mới
51401-KTL-641,lò xo phuộc trước rs
51401-KWW-A01,lò xo phuộc trước rsx 110 
51401-KZR-601,lò xo phuộc trước air 2013
51410-K56-N11,ty phuộc trước winner
51410-KTL-641,ty phuộc trước rs
51410-KTM-881,ty phuộc trước fu neo
51410-KVB-901,ty phuộc trước click
51410-KWB-601,ty phuộc trước ws 110 ( ngắn )
51410-KWB-921,ty phuộc trước ws 110 ( dài ) 
51410-KWN-711,ty phuộc trước pcx 
51410-KWW-641,ty phuộc trước vision 2014
51410-KZL-A01,#N/A
51490-GAA-305,phốt phuộc lead
51490-KGH-901,phốt phuộc w 
51490-KL8-900,phốt phuộc sh
51490-KRM-852,"Phốt phuộc winner, winner V2, V3, V4"
51500-GGE-901,phuộc trước trái lead
51500-K01-901,phuộc trước trái sh 2012
51500-K0R-V01,#N/A
51500-K12-901,phuộc trước trái lead  2013
51500-K16-911,phuộc trước trái vision 2014 ( đen )
51500-K1F-V01,Phuộc trước trái air 2020 ( ABS )
51500-K1G-V01,Phuộc trước trái Air 2020 ( CBS )
51500-K1N-V41,0
51500-K27-V01,phuộc trước trái air 2013 bạc
51500-K27-V61,phuộc trước air 2014 trái đen
51500-K29-901,phuộc trước trái sh 2013
51500-K29-951,0
51500-K29-VC1,0
51500-K2C-V01,Phuộc trước trái Vision 22 bạc ( bánh 14 )(V01)
51500-K2C-V11,Phuộc trước trái Vision 22 đen ( bánh 14 )(V11)
51500-K2C-V31,Phuộc trước trái Vision 22 đen ( bánh 16 )(V31)
51500-K2P-V61,0
51500-K2P-V71,0
51500-K2S-N01,0
51500-K2T-V01,0
51500-K2T-V21,phuộc trước trái lead 2023
51500-K56-N11,phuộc trước trái winner
51500-K56-V51,"phuộc trước trái winner V2 ( ABS, CBS ) đen"
51500-K56-V61,phuộc trước trái winner V2 đồng
51500-K57-A01,phuộc trước trái wblade ( đĩa bằng ) bạc (A01)
51500-K57-A21,phuộc trước trái wblade đĩa ( đen )(A21)
51500-K57-V01,phuộc trước trái wblade đĩa bạc (V01)
51500-K57-V11,phuộc trước trái wblade đùm ( bạc ) (V11)
51500-K66-V01,phuộc trước trái air 2016 bạc
51500-K66-V11,phuộc trước trái air 2016 đen
51500-K66-VF1,0
51500-K73-T31,0
51500-K89-V01,Phuộc trước trái WA 110-2017 bạc (V01)
51500-K89-V51,Phuộc trước trái WA 110-2017 bạc (V51)
51500-K90-V01,0
51500-K97-T02,0
51500-KEV-901,phuộc trước trái w
51500-KFL-891,phuộc trước trái fu 1
51500-KFV-831,phuộc trước trái spe
51500-KTF-891,phuộc trước trái sh
51500-KTL-641,"phuộc trước trái rs,ws"
51500-KTL-681,phuộc trước trái wa đùm
51500-KTL-781,phuộc trước trái zx
51500-KTM-881,phuộc trước trái fu neo đĩa
51500-KTM-981,phuộc trước trái fu neo fi
51500-KVB-751,phuộc trước trái click ( 1 piston ) 
51500-KVB-911,phuộc trước trái click ( 2 piston ) 
51500-KVG-951,phuộc trước trái air 2007 bạc 
51500-KVG-V01,phuộc trước trái air 2008 đen
51500-KVG-V21,phuộc trước trái air fi
51500-KVG-V41,phuộc trước trái air 2011
51500-KVR-V11,0
51500-KVR-V81,0
51500-KWN-711,phuộc trước trái pcx
51500-KWW-B11,phuộc trước trái ws 110 đĩa 
51500-KWW-B21,phuộc trước trái ws110 đùm
51500-KWW-V01,phuộc trước trái rsx110-đen
51500-KYL-841,0
51500-KYZ-V01,phuộc trước trái fu 125 
51500-KZL-E01,phuộc trước trái vision
51500-KZR-701,phuộc trước trái vision 2014 ( bạc )
52100-GBG-B20ZF,gắp spe
52100-K01-900,gắp sh 2012
52100-K0R-V00,gáắp sh 2020
52100-K0R-V10,0
52100-K27-V00,gắp air 2013
52100-K77-V00,gáắp sh 2017
52100-KVG-900,"gắp air,air2011"
52101-KYZ-910,cố gắp fu 125 
52119-KVG-900,cục căn bô air
52147-K56-V50,0
52170-K56-N10,cao su sên winner
52200-K07-940ZA,gắp rsx110-2012 bạc
52200-K07-940ZB,gắp rsx110-2012 xám
52200-K56-V00ZA,gắp winner đen *NH1*
52200-K56-V50ZA,"Gắp winner V2, V3, V4 đen *NH1*"
52200-K73-VD0ZA,gắp fu led đen 
52200-K89-V00ZA,gắp W@ 2017 đen *NH1*
52200-K89-V00ZB,gắp W@ 2017 xám *NHA62M*
52200-KFL-890ZA,gắp fu 1 
52200-KPH-700ZB,gắp fu neo
52200-KPH-900ZA,gắp fu 2 
52200-KTL-640ZA,gắp rs bạc
52200-KTL-640ZB,"gắp ws, rs xám KTL"
52200-KWW-B60ZA,gắp ws110 bạc
52200-KWW-B60ZB,gắp ws110 đen
52200-KWW-B60ZC,gắp ws 110 xám 
52200-KYZ-V10ZA,gắp fu 125 bạc
52200-KYZ-V10ZB,gắp fu 125 xám *NHA62M*
52400-GGE-901,phuộc sau lead
52400-K01-901,phuộc sau sh 2012
52400-K07-701,phuộc sau rsx 12 đỏ
52400-K07-941,phuộc sau rsx 12 đen
52400-K12-901,phuộc sau lead 2013
52400-K1F-V01,Phuộc sau Air 2020
52400-K1N-V01,Phuộc sau Sh mode 2022 Đen
52400-K1N-V41,Phuộc sau Sh mode 2022 đỏ
52400-K27-631,phuộc sau air 2015 đỏ
52400-K27-V01,phuộc sau air 2013 bạc
52400-K27-V61,phuộc sau air 2014 đen
52400-K29-901,phuộc sau sh mos 2013 bạc
52400-K29-951,phuộc sau sh mos 2013 đỏ
52400-K2C-V01,phuộc sau vision 2022 đen 
52400-K2C-V31,phuộc sau vision 2022 đỏ
52400-K2S-N01,phuộc sau vario 160 đen
52400-K2S-V31,phuộc sau vario 160 đỏ
52400-K2Z-V01,phuộc sau air 160-2022
52400-K44-V31,phuộc sau vision 14 đỏ
52400-K56-N11,phuộc sau winner ( ĐEN )
52400-K56-V51,phuộc sau winner X ( đỏ )
52400-K59-A11,PHUỘC SAU VARIO
52400-K66-V01,phuộc sau air 2016 bạc
52400-K66-V11,phuộc sau air 16 đen
52400-K73-VD1,#N/A
52400-K77-V01,"Phuộc sau Sh 17, Sh 2020"
52400-K97-T01,phuộc sau pcx 2018
52400-KFL-891,phuộc sau fu 1 
52400-KFV-831,phuộc sau phải spe xi 
52400-KFV-M41,phuộc sau phải spe mủ đen
52400-KRS-861,phuộc sau w
52400-KTF-B21,phuộc sau sh
52400-KTL-641,phuộc sau rs vàng
52400-KTL-681,phuộc sau WA bạc (KTL)
52400-KTL-781,phuộc sau zx ( vàng )
52400-KVB-951,phuộc sau click
52400-KVG-951,phuộc sau air bạc
52400-KVG-V01,phuộc sau air fi đen
52400-KVG-V41,phuộc sau air 2011
52400-KVL-931,phuộc sau neo bạc
52400-KVL-V31,phuộc sau neo đen
52400-KVR-881,phuộc sau RS đen ( KVR )
52400-KWN-Y11,phuộc sau PCX 2014
52400-KWW-641,phuộc sau ws110 bạc
52400-KWW-B11,phuộc sau ws110 vàng
52400-KWW-B21,phuộc sau ws110 bạc
52400-KWW-V01,phuộc sau ws 110-đen
52400-KYL-841,phuộc sau fux
52400-KYZ-V01,"phuộc sau Fu 125, Fu Led ( xi )"
52400-KYZ-V61,"phuộc sau Fu 125, Fu Led ( bạc)"
52400-KZL-E01,"phuộc sau Vision, Vi 14 ( đen ) KZL"
52500-KFV-831,phuộc sau trái spe xi
52500-KFV-M41,phuộc sau trái spe mủ đen
53100-GBG-B20,ghi đông spe
53100-GGE-900,ghi đông lead 2009
53100-K03-M30,ghi đông rsx 110-2014 có fi đùm
53100-K03-M50,ghi đông rsx 2014 có fi đĩa
53100-K03-M60,ghi đông rsx 2014 ko fi đĩa
53100-K03-M70,ghi đông rsx 110-2014 đùm ko fi
53100-K07-940,ghi đông rsx 110 -2012
53100-K0R-V00,ghi đông sh 2020
53100-K12-900,ghi đông lead 2013
53100-K12-V00,ghi đông lead 2018
53100-K1F-V00,ghi đông air 2020-150
53100-K1G-V00,ghi đông air 2020-125
53100-K1N-V00,ghi đông sh mode 2022 (CBS)
53100-K1N-V10,ghi đông sh mode 2022 (ABS)
53100-K27-V00,ghi đông air 2013
53100-K29-900,ghi đông sh 2013
53100-K29-V80,ghi đông sh mode 19 smartkey
53100-K2C-V00,ghi đông vision 2022
53100-K2P-VE0,ghi đông winner x v3 
53100-K2S-N00,"ghi đông click 2022, vario 160"
53100-K2T-V00,ghi đông lead 2022
53100-K2Z-V00,ghi đông air 2022-160cc
53100-K3A-V00,ghi đông air 125-2022
53100-K44-V00,ghi đông vision 2014 khóa chìa 
53100-K44-V80,ghi đông vision 2014 khóa smarkey
53100-K56-N10,ghi đông winner
53100-K56-V50,"Ghi đông winner X-V2,V3,V4 (2019-2025)"
53100-K57-A00,ghi đông balde 2017 ( đĩa ko tay kéo e )
53100-K57-V00,ghi đông w blade đĩa
53100-K57-V10,ghi đông w blade đùm
53100-K59-A70,#N/A
53100-K66-V00,ghi đông air 16
53100-K73-V40,ghi đông fu led
53100-K77-V00,ghi đông sh 2017
53100-K89-V00,ghi đông W@ 110-2017
53100-KRS-W20,ghi đông w
53100-KTL-740,ghi đông wa đùm
53100-KTL-750,ghi đông rs đĩa
53100-KTM-970,ghi đông fu neo 
53100-KVG-910,ghi đông air
53100-KVG-V20,ghi đông air fi
53100-KVG-V40,ghi đông air 2011
53100-KVL-930,ghi đông fu neo fi ( ko tay kéo e )
53100-KWN-710,ghi đông pcx
53100-KWW-B80,ghi đông ws 110 đùm
53100-KWW-B90,ghi đông ws110 đĩa
53100-KWY-A40,ghi đông wa 2013
53100-KYL-860,ghi đông fu x đĩa
53100-KYZ-V00,ghi đông fu 125 ko FI
53100-KYZ-V20,ghi đông fu 125 fi
53100-KZL-E00,ghi đông vision
53102-GN5-900,cao su sọ khỉ spe 
53102-K12-910,cục gù lead 2013
53102-K2C-V00,cục gù vision 2022
53102-K57-V00,cục gù w blade 
53102-K66-V00,cục gù air 2016
53102-KVB-S00,cục gù vision 2014
53102-KVB-T00,cục gù air fi
53104-GN5-900ZM,bàn thờ trên spe đầu bằng 
53104-K29-900,cục gù sh mos
53104-KFV-790ZB,bàn thờ trên spe lồi 2006
53105-GN5-940ZA,bàn thờ dưới spe đầu bằng 
53105-KEV-901,cục gù w 
53105-KFV-790ZB,bàn thờ dưới spe lồi 2006
53105-KPH-690,#N/A
53105-KPH-950,cục gù fu neo 
53105-KWB-600,cục gù ws 110 
53115-K1F-V00ZC,Bợ cổ air 2020 đen bóng ánh xanh *NHB25M*
53115-K1F-V00ZD,Bợ cổ air 2020 đen nhám *NHA76M*
53115-K1F-V00ZE,#N/A
53115-K1F-V00ZF,Bợ cổ air 2020 bạc *NHC35M*
53115-K1F-V00ZG,Bợ cổ air 2020 xám *NHC04M*
53115-K27-V00ZA,ốp đồng hồ air 2013 xám
53115-K27-V00ZB,ốp đồng hồ air 2013 đồng
53115-K27-V00ZE,ốp đồng hồ air 2013 đỏ
53115-K27-V00ZJ,ốp đồng hồ air 2013 đồng nhạt *Y183M*
53115-K27-V00ZK,ốp đồng hồ air 2013 cam
53115-K27-V50ZE,ốp đồng hồ air 2014 đen
53115-K27-V50ZG,Bộ nắp ốp đồng hồ*NHA62M*
53115-K27-V50ZH,ốp đồng hồ air 2015 đen nhám cacbon
53115-K2Z-V00ZA,0
53115-K2Z-V00ZB,0
53115-K2Z-V00ZC,0
53115-K66-V00ZB,bợ cổ air 2016 cam
53115-K66-V00ZC,bợ cổ air 2016 đỏ
53115-K66-V00ZD,bợ cổ air 2016 mực
53115-K66-V00ZG,bợ cổ air 2016 trắng
53115-K66-V00ZH,bợ cổ air 2016 đen
53115-K66-V00ZJ,bợ cổ air 2016 xám *NHA62M*
53115-K66-V00ZK,bợ cổ air 2016 đồng
53115-K66-V00ZL,0
53115-K66-V00ZM,0
53115-K66-VG0ZB,0
53115-K66-VG0ZD,0
53115-K66-VG0ZE,0
53115-K66-VG0ZH,0
53120-GBG-B20,sọ khỉ spe
53120-KEV-900,sọ khỉ wave
53120-KPH-650,0
53120-KTM-840,0
53140-GBG-B20,bao tay phải spe
53140-GGE-900,bao tay phải lead
53140-K03-N30,"Bao tay phải Rsx 14, fu 2019"
53140-K12-V10ZA,Bao tay phải Lead 18 nâu *YR337R*
53140-K12-V10ZB,Bao tay phải Lead 18 đen *NH1*
53140-K1N-V00ZA,Bao tay phải SH mode 2022 nâu *YR337R*
53140-K1N-V00ZB,Bao tay phải SH Mode 2022 đen *NH1*
53140-K29-900,bao tay phải sh mos 2013
53140-K29-960ZA,Bao tay phải SH mode 13 nâu *YR337R*
53140-K2F-N00,0
53140-K35-V00,0
53140-K44-V00,"Bao tay phải Vi 14, Vi 2022"
53140-K56-N10,"bao tay phải winner, winner V2, V3, V4"
53140-K66-V00,bao tay phải air 2016
53140-K97-T00,0
53140-KET-900,bao tay phải w
53140-KPH-970,bao tay phải fu neo
53140-KRS-W00,0
53140-KVB-900,bao tay phải air
53140-KVB-T00,bao tay phải air fi
53140-KVV-900,0
53140-KVV-910,0
53140-KWN-900,bao tay phải pcx
53140-KWW-620,bao tay phải ws110
53150-K77-V00ZB,Bàn thờ Sh 17 mực *PB403P*
53150-K77-V00ZE,Bàn thờ Sh 17 đen bóng *NHB25M*
53150-K77-V00ZF,Bàn thờ Sh 17 nhớt *G209P*
53150-K77-V00ZG,Bàn thờ Sh 17 nho *R368C*
53150-K77-V00ZH,Bàn thờ Sh 17 bạc *NHB86M*
53150-K77-V00ZJ,Bàn thờ Sh 17 trắng *NHB35P*
53160-K0R-V00ZA,Bợ cổ Sh 2020
53160-K77-V00ZA,Bợ cổ Sh 17 *NH1*
53166-GGE-900,bao tay trái lead
53166-GN5-900,bao tay trái spe
53166-K07-900,"bao tay trái winner, winner V2, V3, V4"
53166-K12-V10ZA,Bao tay trái SH Mode 2022 nâu *YR337R*
53166-K12-V10ZB,Bao tay trái Lead 13 đen *NH1*
53166-K1N-V00ZA,Bao tay trái SH Mode 2022 nâu
53166-K1N-V00ZB,Bao tay trái SH Mode 2022 đen
53166-K29-900,"bao tay trái sh 2013, air 16"
53166-K29-960ZA,Bao tay trái SH Mode 13 nâu *YR337R*
53166-KET-900,bao tay trái w
53166-KFL-D20,bao tay trái fu neo
53166-KVB-900,bao tay trái air
53166-KVV-910,0
53166-KWB-600,"Bao tay trái ws 110,air fi,vi 14, vi 22, Rsx 14"
53166-KWN-900,bao tay trái pcx
53167-K03-N30,0
53167-K66-V00,0
53167-KFM-900,cùm ga trên rs 
53168-K03-N30,0
53168-K66-V00,#N/A
53168-KFM-902,cùm da dưới rs 
53171-KET-900,cùm tay thắng w
53172-KZL-E00,#N/A
53175-GFM-971,tay thắng phải lead
53175-GN5-890,tay thắng phải spe
53175-K04-931,"Tay thắng phải Sh 17, Sh 2020"
53175-K59-A71,#N/A
53175-K81-N51,"tay thắng phải Vi 22, air 125-2020"
53175-KET-900,tay thắng phải w
53175-KET-921,"tay thắng phải fu1,winer"
53175-KRS-690,tay thắng phải wa đùm
53175-KRS-970,tay thắng phải neo đùm
53175-KRS-T80,tay thắng phải rs đĩa
53175-KVB-921,tay thắng phải air ( bạc )
53175-KVG-A21,tay thắng phải Air đen
53175-KWN-901,tay thắng phải pcx
53175-KWW-B20,tay thắng phải ws110
53175-KWW-C00,"tay thắng phải RSX 12,WA 2014"
53175-KYZ-900,"tay thắng phải fu 125, air 150-2020, winner x"
53175-KYZ-T00,"tay thắng phải fu 125 đen , winner X-V2,V3,V4 (2019-2025)"
53175-KZL-E00,"tay thắng phải vision, lead 13, lead 18, lead 22"
53175-ML5-006,tay thắng phải sh
53178-GFM-900,tay thắng trái lead
53178-K04-931,"Tay thắng trái Sh 17, Sh 2020"
53178-K0W-N01,0
53178-K1F-V00,Tay thắng trái air 2020
53178-K2P-V60,0
53178-K2P-VE0,Tay côn Winner X V4 ( bạc )
53178-K35-V00,0
53178-KVB-920,"tay thắng trái air, VISION 2022 ( bạc )"
53178-KVG-A20,Tay thắng trái AIr đen
53178-KWC-900,tay côn winer
53178-KWN-930,tay thắng trái pcx
53178-KZL-940,"tay thắng trái vision, lead 13"
53178-MCT-006,tay thắng trái sh
53188-KVB-920,#N/A
53199-KVG-910,lò xo tay thắng air
53199-KZL-E00,lò xo tay thắng vision
53200-K44-V00ZA,"bàn thờ, ốp đầu, ốp đèn pha  Vision 110 (2014-2020) xám lông chuột YR320M"
53200-K44-V00ZD,"bàn thờ, ốp đầu, ốp đèn pha  Vision 110 (2014-2020) xanh mực( đậm)-390M"
53200-K44-V00ZE,"bàn thờ, ốp đầu, ốp đèn pha  Vision 110 (2014-2020) Trắng-35P"
53200-K44-V00ZF,"bàn thờ, ốp đầu, ốp đèn pha  Vision 110 (2014-2020) Đen bóng-25M"
53200-K44-V00ZG,"bàn thờ, ốp đầu, ốp đèn pha  Vision 110 (2014-2020) Đỏ Tươi-R340C"
53200-K44-V00ZH,"bàn thờ, ốp đầu, ốp đèn pha  Vision 110 (2014-2020) Bạc-411M"
53200-K44-V20ZK,"bàn thờ, ốp đầu, ốp đèn pha  Vision 110 (2014-2020) Đồng -R317"
53200-K44-V20ZQ,"bàn thờ, ốp đầu, ốp đèn pha  Vision 110 (2014-2020) Đỏ Đô đậm -R350"
53200-K44-V40ZB,"bàn thờ, ốp đầu, ốp đèn pha  Vision 110 (2014-2020) Đỏ Đô đậm -R350"
53200-K44-V40ZD,"bàn thờ, ốp đầu, ốp đèn pha  Vision 110 (2014-2020) Hồng -197M"
53200-K44-V40ZE,"bàn thờ, ốp đầu, ốp đèn pha  Vision 110 (2014-2020) xanh mực( đậm)-390M"
53200-K44-V40ZF,"bàn thờ, ốp đầu, ốp đèn pha  Vision 110 (2014-2020) Trắng-35P"
53200-K44-V40ZG,"bàn thờ, ốp đầu, ốp đèn pha  Vision 110 (2014-2020) Đen bóng-25M"
53200-K44-V40ZH,"bàn thờ, ốp đầu, ốp đèn pha  Vision 110 (2014-2020) KEM -229P"
53203-K07-940ZA,"ốp bàn thờ phải, nắp trên tay lái phải  RSX110 (2012-2013) Đồng -R317(kiểu siêu nhân, bọ ngựa)"
53203-K07-940ZB,"ốp bàn thờ phải, nắp trên tay lái phải RSX110 (2012-2013) Đỏ tươi -340C (kiểu siêu nhân, bọ ngựa)"
53203-K07-940ZC,"ốp bàn thờ phải, nắp trên tay lái phải RSX110 (2012-2013) Trắng -35P (kiểu siêu nhân, bọ ngựa)"
53203-K07-940ZD,"ốp bàn thờ phải, nắp trên tay lái phải RSX110 (2012-2013) ĐEN -69P (kiểu siêu nhân, bọ ngựa)"
53203-K07-940ZE,"ốp bàn thờ phải, nắp trên tay lái phải RSX110 (2012-2013) Xám Ghi -62M (kiểu siêu nhân, bọ ngựa)"
53203-K07-940ZF,"ốp bàn thờ phải, nắp trên tay lái phải RSX110 (2012-2013) ĐEN bóng -25M (kiểu siêu nhân, bọ ngựa)"
53203-K07-940ZH,"ốp bàn thờ phải, nắp trên tay lái phải RSX110 (2012-2013) XANH Ngọc -206M (kiểu siêu nhân, bọ ngựa)"
53203-K0R-V00,Viền Xi đèn sương mù Sh 125/150/160 (2020-2025)
53203-K12-V00ZA,"bàn thờ, ốp đầu trước, nắp trước tay lái xe Lead 125 (2017-2021) KEM- 229P"
53203-K12-V00ZC,"bàn thờ, ốp đầu trước, nắp trước tay lái xe Lead 125 (2017-2021) Đỏ Đô đậm- 368c"
53203-K12-V00ZD,"bàn thờ, ốp đầu trước, nắp trước tay lái xe Lead 125 (2017-2021) Xanh đen-403P"
53203-K12-V00ZE,"bàn thờ, ốp đầu trước, nắp trước tay lái xe Lead 125 (2017-2021) BẠC Nhám -18M"
53203-K12-V00ZF,"bàn thờ, ốp đầu trước, nắp trước tay lái xe Lead 125 (2017-2021) TRẮNG -96P"
53203-K12-V00ZG,"bàn thờ, ốp đầu trước, nắp trước tay lái xe Lead 125 (2017-2021) Xanh nhớt (lục) -209P"
53203-K12-V00ZH,"bàn thờ, ốp đầu trước, nắp trước tay lái xe Lead 125 (2017-2021) Đỏ Đô -350C"
53203-K12-V00ZJ,"bàn thờ, ốp đầu trước, nắp trước tay lái xe Lead 125 (2017-2021) Đen bóng -25M"
53203-K12-V00ZK,"bàn thờ, ốp đầu trước, nắp trước tay lái xe Lead 125 (2017-2021) Đen Nhám -76M"
53203-KVG-V40,kính chắn gió đồng hồ air blade béo 110 (2011-2012)
53203-KWW-A00YD,"bàn thờ trên,Ốp đầu đèn trước, Ốp trên tay lái TRẮNG Wave S110, RSX110,Wave RS110(2009-2013)-96P"
53203-KWW-A00YE,"bàn thờ trên,Ốp đầu đèn trước, Ốp trên tay lái ĐEN BÓNG Wave S110, RSX110,Wave RS110(2009-2013)-25M"
53203-KWW-A00YF,"bàn thờ trên,Ốp đầu đèn trước, Ốp trên tay lái ĐỒNG Wave S110, RSX110,Wave RS110(2009-2013)-208M"
53203-KWW-A00YK,"bàn thờ trên,Ốp đầu đèn trước, Ốp trên tay lái Wave RS110(2009-2013) Vàng-Y106*"
53203-KWW-A00YL,"bàn thờ trên,Ốp đầu đèn trước, Ốp trên tay lái Wave RS110(2009-2013) Đỏ tươi-R263*"
53203-KWW-A00YS,"bàn thờ trên,Ốp đầu đèn trước, Ốp trên tay lái TRẮNG Wave S110,Wave RS110(2009-2013)-35M"
53203-KWW-A00ZC,"bàn thờ trên,Ốp đầu đèn trước, Ốp trên tay lái Wave RS110(2009-2013) Xanh Da Trời -203M"
53203-KWW-A00ZP,"bàn thờ trên,Ốp đầu đèn trước, Ốp trên tay lái ĐỎ Wave S110,Wave RS110(2009-2013)-340C"
53203-KWW-A00ZR,"bàn thờ trên,Ốp đầu đèn trước, Ốp trên tay lái BẠC Wave S110 (2009-2011)-411M"
53203-KWW-A00ZS,"bàn thờ trên,Ốp đầu đèn trước, Ốp trên tay lái Wave S110(2009-2011) Xanh mực-373M"
53203-KWW-A00ZT,"bàn thờ trên,Ốp đầu đèn trước, Ốp trên tay lái ĐỎ Wave S110, RSX110,Wave RS110(2009-2013)-313C"
53203-KWW-A00ZY,"bàn thờ trên,Ốp đầu đèn trước, Ốp trên tay lái  Wave RS110 ,Wave RSX 110(2009-2013) XANH Ngọc-206M"
53203-KYL-840ZA,"ốp bàn thờ phải, Nắp trên tay lái phải Future X, Future X FI (2010-2011) XÁM ghi-62M"
53203-KYL-840ZB,"ốp bàn thờ phải, Nắp trên tay lái phải Future X, Future X FI (2010-2011) TRẮNG-96P"
53203-KYL-840ZC,"ốp bàn thờ phải, Nắp trên tay lái phải Future X, Future X FI (2010-2011) ĐỎ -340*"
53203-KYL-840ZD,"ốp bàn thờ phải, Nắp trên tay lái phải Future X, Future X FI (2010-2011) XANH Ngọc-206M"
53203-KYL-840ZE,"ốp bàn thờ phải, Nắp trên tay lái phải Future X, Future X FI (2010-2011) ĐEN Bóng-25M"
53203-KYL-840ZF,"ốp bàn thờ phải, Nắp trên tay lái phải Future X, Future X FI (2010-2011) BẠC-24M"
53204-K07-940ZA,"ốp bàn thờ phải, nắp trên tay lái Trái  RSX110 (2012-2013)  Đồng -R317 (kiểu siêu nhân, bọ ngựa)"
53204-K07-940ZB,"ốp bàn thờ phải, nắp trên tay lái Trái  RSX110 (2012-2013) Đỏ tươi -340C (kiểu siêu nhân, bọ ngựa)"
53204-K07-940ZC,"ốp bàn thờ phải, nắp trên tay lái Trái  RSX110 (2012-2013) Trắng -35P (kiểu siêu nhân, bọ ngựa)"
53204-K07-940ZD,"ốp bàn thờ phải, nắp trên tay lái Trái RSX110 (2012-2013) ĐEN -69P (kiểu siêu nhân, bọ ngựa)"
53204-K07-940ZE,"ốp bàn thờ phải, nắp trên tay lái Trái RSX110 (2012-2013) Xám Ghi -62M (kiểu siêu nhân, bọ ngựa)"
53204-K07-940ZH,"ốp bàn thờ phải, nắp trên tay lái Trái RSX110 (2012-2013) XANH Ngọc -206M (kiểu siêu nhân, bọ ngựa)"
53204-K0R-V00ZA,"Mão Chắn Gió,Nắp Ốp Đồng Hồ, SH 125/150/160 (2020-2025) ĐEN - NH1"
53204-K1F-V00,"Mão Chắn Gió,Nắp Ốp Đồng Hồ, Air blade (AB) 125/150 (2020-2023) ĐEN Khói "
53204-K1F-V10,"Mão Chắn Gió,Nắp Ốp Đồng Hồ, Air Blade 150/160cc( 2020-2026) ĐEN khói"
53204-K1G-V00,"Mão Chắn Gió,Nắp Ốp Đồng Hồ, Air Blade 125 ( 2020-2025) ĐEN bóng"
53204-K29-900ZH,"bàn thờ, nắp trước tay lái SH Mode 125 (đời 2013 - 2019) TRẮNG- B35*"
53204-K29-910ZH,"bàn thờ, nắp trước tay lái SH Mode 125 (đời 2013 - 2019) XANH ngọc( cốm)- Y150*"
53204-K29-930ZJ,"bàn thờ, nắp trước tay lái SH Mode 125 (đời 2013 - 2019) Đỏ Đô -350C"
53204-K29-930ZK,"bàn thờ, nắp trước tay lái SH Mode 125 (đời 2013 - 2019) Đỏ tươi -340C*"
53204-K29-930ZN,"bàn thờ, nắp trước tay lái SH Mode 125 (đời 2013 - 2019) BẠC Nhám -18M"
53204-K29-930ZQ,"bàn thờ, nắp trước tay lái SH Mode 125 (đời 2013 - 2019) Đỏ Đô đậm- 368C"
53204-K29-930ZR,"bàn thờ, nắp trước tay lái SH Mode 125 (đời 2013 - 2019) XANH Ngọc Nhạt- 408P"
53204-K66-V00ZB,"Nắp ốp đồng hồ,viền trên đồng  Air Blade 125 (2016-2019) Đen bóng *NHB25M*"
53204-K66-V00ZC,"ốp đồng hồ, viền trên đồng hồ  Air blade 125 (2016-2019) Bạc nhám *NHB18M*"
53204-K66-V00ZD,"ốp đồng hồ, viền trên đồng hồ  Air blade 125 (2016-2019) Đen Nhám -76M*"
53204-K66-V00ZE,"ốp đồng hồ, viền trên đồng hồ  Air blade 125 (2016-2019) VÀNG Đồng -221M"
53204-K66-V00ZF,"ốp đồng hồ, viền trên đồng hồ  Air blade 125 (2016-2019) XÁM ghi (chì)- 83M"
53204-K66-V00ZG,"Nắp ốp đồng hồ,viền trên đồng  Air Blade 125 (2016-2019) ĐỎ *340C*"
53204-KVG-V40ZA,"nắp ốp đồng hồ ,Ốp viền đồng hồ Air Blade 110 (Béo) (2011-2012) Màu Đỏ - 340C"
53204-KVG-V40ZB,"nắp ốp đồng hồ ,Ốp viền đồng hồ Air Blade 110 (Béo) (2011-2012) Màu BẠC - 24M"
53204-KVG-V40ZD,"nắp ốp đồng hồ ,Ốp viền đồng hồ Air Blade 110 (Béo) (2011-2012) Màu ĐỒNG - 208M"
53204-KYL-840ZA,"ốp bàn thờ Trái, Nắp trên tay lái phải Future X, Future X FI (2010-2011) XANH Ngọc-206M"
53204-KYL-840ZB,"ốp bàn thờ Trái, Nắp trên tay lái phải Future X, Future X FI (2010-2011) XÁM ghi-62M"
53204-KYL-840ZC,"ốp bàn thờ Trái, Nắp trên tay lái phải Future X, Future X FI (2010-2011) ĐỎ -340*"
53204-KYL-840ZD,"ốp bàn thờ Trái, Nắp trên tay lái phải Future X, Future X FI (2010-2011) TRẮNG -69P*"
53204-KYL-840ZE,"ốp bàn thờ Trái, Nắp trên tay lái phải Future X, Future X FI (2010-2011) ĐEN Bóng-25M"
53204-KYL-840ZF,"ốp bàn thờ Trái, Nắp trên tay lái phải Future X, Future X FI (2010-2011) BẠC-24M"
53205-K01-900ZA,"bàn thờ, nắp trước tay lái SH 125/150 (2012-2016) Màu NÂU- 303M"
53205-K01-900ZC,"bàn thờ, nắp trước tay lái SH 125/150 (2012-2016) ĐỎ Đô- 350C"
53205-K01-900ZD,"bàn thờ, nắp trước tay lái SH 125/150 (2012-2016) TRẮNG - 35P"
53205-K01-900ZE,"bàn thờ, nắp trước tay lái SH 125/150 (2012-2016) ĐEN Bóng - 25M"
53205-K01-900ZK,"bàn thờ, nắp trước tay lái SH 125/150 (2012-2016) XÁM Chì- 320M"
53205-K01-900ZM,"bàn thờ, nắp trước tay lái SH 125/150 (2012-2016) ĐỎ - 340C"
53205-K01-900ZN,"bàn thờ, nắp trước tay lái SH 125/150 (2012-2016) XANH Mực- 390M"
53205-K03-M60ZA,"bàn thờ, nắp trước tay lái RSX 110cc (2014-2019) Đồng phanh Đĩa -208M"
53205-K03-M60ZB,"bàn thờ, nắp trước tay lái RSX 110cc (2014-2019) CAM phanh Đĩa -322C"
53205-K03-M60ZC,"bàn thờ, nắp trước tay lái RSX 110cc (2014-2019) ĐỎ phanh Đĩa -340C"
53205-K03-M60ZD,"bàn thờ, nắp trước tay lái RSX 110cc (2014-2019) TRẮNG phanh Đĩa -55P"
53205-K03-M60ZE,"bàn thờ, nắp trước tay lái RSX 110cc (2014-2015) ĐEN phanh Đĩa -NHB25*"
53205-K03-M70ZA,"bàn thờ, nắp trước tay lái RSX 110cc (2014-2019) Đồng phanh Đùm -208M"
53205-K03-M70ZB,"bàn thờ, nắp trước tay lái RSX 110cc (2014-2019) CAM phanh Đùm -322C"
53205-K03-M70ZC,"bàn thờ, nắp trước tay lái RSX 110cc (2014-2019) ĐỎ phanh Đùm -340C"
53205-K03-M70ZD,"bàn thờ, nắp trước tay lái RSX 110cc (2014-2019) TRẮNG phanh Đùm -55P"
53205-K03-M70ZE,"bàn thờ, nắp trước tay lái RSX 110cc (2014-2019) ĐEN phan Đùm -25M"
53205-K03-M70ZM,"bàn thờ, nắp trước tay lái RSX 110cc (2014-2019) ĐỎ phan Đùm -389*"
53205-K07-940,"bàn thờ, nắp trước tay lái RSX 110cc (2012-2013) ĐEN Nhám (kiểu siêu nhân, bọ ngựa)"
53205-K0R-V00ZA,"bàn thờ, nắp trước tay lái, SH 125/150/160 (2020-2025) Đỏ Đô - 368C"
53205-K0R-V00ZD,"bàn thờ, nắp trước tay lái, SH 125/150/160 (2020-2025) TRẮNG - 35P"
53205-K0R-V00ZE,"bàn thờ, nắp trước tay lái, SH 125/150/160 (2020-2025) Đen Bóng - 25M"
53205-K0R-V00ZF,"bàn thờ, nắp trước tay lái, SH 125/150/160 (2020-2026) Đen Nhám - 76M"
53205-K0R-V00ZG,"bàn thờ, nắp trước tay lái, SH 125/150/160 (2020-2026) XÁM Xi măng - C60P"
53205-K12-900ZA,"bàn thờ, ốp đầu đèn pha, nắp trước tay lái xe Lead 125 (2013-2016) Vàng Đồng -208M"
53205-K12-900ZB,"bàn thờ, ốp đầu đèn pha, nắp trước tay lái xe Lead 125 (2013-2016) NÂU -303M"
53205-K12-900ZC,"bàn thờ, ốp đầu đèn pha, nắp trước tay lái xe Lead 125 (2013-2016) Vàng Kem -299P"
53205-K12-900ZD,"bàn thờ, ốp đầu đèn pha, nắp trước tay lái xe Lead 125 (2013-2016)  Đỏ Đô -350C"
53205-K12-900ZF,"bàn thờ, ốp đầu đèn pha, nắp trước tay lái xe Lead 125 (2013-2016) XANH Mực- 390M"
53205-K12-900ZG,"bàn thờ, ốp đầu đèn pha, nắp trước tay lái xe Lead 125 (2013-2016) TRẮNG - 35P"
53205-K12-900ZH,"bàn thờ, ốp đầu đèn pha, nắp trước tay lái xe Lead 125 (2013-2016) Đen Bóng - 25M*"
53205-K12-900ZJ,"bàn thờ, ốp đầu đèn pha, nắp trước tay lái xe Lead 125 (2013-2016) Màu BẠC - 24M*"
53205-K12-900ZL,"bàn thờ, ốp đầu đèn pha, nắp trước tay lái xe Lead 125 (2013-2016)  XÁM Ghi-B50M*"
53205-K12-900ZR,"bàn thờ, ốp đầu đèn pha, nắp trước tay lái xe Lead 125 (2013-2016) Xanh đen-403P"
53205-K12-900ZS,"bàn thờ, ốp đầu đèn pha, nắp trước tay lái xe Lead 125 (2013-2016) BẠC Nhám -B18M*"
53205-K12-V00ZE,"bàn thờ, ốp đầu đèn pha, nắp trước tay lái xe Lead 125 (2017-2021) Xanh đen-403P"
53205-K12-V00ZN,"bàn thờ, ốp đầu trước, nắp trước tay lái xe Lead 125 (2017-2021) Đen Nhám -76M"
53205-K12-V00ZQ,"bàn thờ, ốp đầu đèn pha, nắp trước tay lái xe Lead 125 (2017-2021) Xanh Mực-426P"
53205-K1F-V00ZA,"bàn thờ dưới, nắp trước tay lái xe Air blade (AB)125/150 (2020-2023) Đỏ Đô đậm -368C"
53205-K1F-V00ZB,"bàn thờ dưới, nắp trước tay lái xe Air blade (AB)125/150 (2020-2023) Xanh đậm(mực) -421M"
53205-K1F-V00ZC,"bàn thờ dưới, nắp trước tay lái xe Air blade (AB)125/150 (2020-2023) XÁM ghi -C04M"
53205-K1F-V00ZD,"bàn thờ dưới, nắp trước tay lái xe Air blade (AB)125/150 (2020-2023) Đen Bóng - 25M*"
53205-K1F-V00ZE,"bàn thờ dưới, nắp trước tay lái xe Air blade (AB)125/150 (2020-2023) Đen Nhám - 76M"
53205-K1F-V00ZF,"bàn thờ dưới, nắp trước tay lái xe Air blade (AB)125/150 (2020-2023) Đen Bóng - 25M*"
53205-K1F-V00ZG,"bàn thờ dưới, nắp trước tay lái xe Air blade (AB)125/150 (2020-2023) ĐỎ Tươi - 340C"
53205-K1F-V00ZH,"bàn thờ dưới, nắp trước tay lái xe Air blade (AB)125/150 (2020-2023)  XÁM lông chuột -262M"
53205-K1F-V00ZJ,"bàn thờ dưới, nắp trước tay lái xe Air blade (AB)125/150 (2020-2023)  Xanh Xám  -C34M"
53205-K1F-V00ZK,"bàn thờ dưới, nắp trước tay lái xe Air blade (AB)125/150 (2020-2023)  TRẮNG - 35P*"
53205-K1N-V00ZA,"bàn thờ ,Nắp trước tay lái , ốp đầu xe SH mode 125 (2021-2024) Đỏ đô- 350C"
53205-K1N-V00ZB,"bàn thờ ,Nắp trước tay lái , ốp đầu xe SH mode 125 (2021-2024) Xanh đen-410P"
53205-K1N-V00ZC,"bàn thờ ,Nắp trước tay lái , ốp đầu xe SH mode 125 (2021-2024) Vàng Nhạt -C46P"
53205-K1N-V00ZD,"bàn thờ ,Nắp trước tay lái , ốp đầu xe SH mode 125 (2021-2024) TRẮNG - 35P*"
53205-K1N-V00ZE,"bàn thờ ,Nắp trước tay lái , ốp đầu xe SH mode 125 (2021-2024) BẠC Nhám -B18M*"
53205-K1N-V00ZF,"bàn thờ ,Nắp trước tay lái , ốp đầu xe SH mode 125 (2021-2024) XÁM Xi măng - C60P"
53205-K1N-V00ZG,"bàn thờ ,Nắp trước tay lái , ốp đầu xe SH mode 125 (2021-2024) Đen Nhám -76M"
53205-K1N-V00ZH,"bàn thờ ,Nắp trước tay lái , ốp đầu xe SH mode 125 (2021-2024) Đò Đô đậm -368C"
53205-K1N-V00ZJ,"bàn thờ ,Nắp trước tay lái , ốp đầu xe SH mode 125 (2021-2024) Xanh đậm(mực) -421M"
53205-K1N-V00ZL,"bàn thờ ,Nắp trước tay lái , ốp đầu xe SH mode 125 (2021-2024) Đen Bóng - 25M*"
53205-K27-V00ZA,"bàn thờ ,Nắp trước tay lái , ốp đầu xe Air blade 125 (2013-2015) Đen Bóng - 25M*"
53205-K29-900ZA,"bàn thờ ,Nắp trước tay lái , ốp đầu xe SH mode 125 (2013-2020) Vàng KEM -299M*"
53205-K29-900ZC,"bàn thờ ,Nắp trước tay lái , ốp đầu xe SH mode 125 (2013-2020) ĐỎ Tươi - 340C"
53205-K29-900ZE,"bàn thờ ,Nắp trước tay lái , ốp đầu xe SH mode 125 (2013-2020) XANH Mực- 390M*"
53205-K29-900ZF,"bàn thờ ,Nắp trước tay lái , ốp đầu xe SH mode 125 (2013-2020) TRẮNG - B35P*"
53205-K29-900ZG,"bàn thờ ,Nắp trước tay lái , ốp đầu xe SH mode 125 (2013-2020) Đen Bóng - 25M*"
53205-K29-900ZJ,"bàn thờ ,Nắp trước tay lái , ốp đầu xe SH mode 125 (2013-2020) XÁM Chì- 320M*"
53205-K2C-V00ZA,"bàn thờ ,Nắp trước tay lái , ốp đầu xe Vision 110 (2021-2026+) Đỏ đô- 350C*"
53205-K2C-V00ZD,"bàn thờ ,Nắp trước tay lái , ốp đầu xe Vision 110 (2021-2026+)TRẮNG - B35P*"
53205-K2C-V00ZF,"bàn thờ ,Nắp trước tay lái , ốp đầu xe Vision 110 (2021-2026+) Đen Nhám -76M*"
53205-K2C-V00ZH,"bàn thờ ,Nắp trước tay lái , ốp đầu xe Vision 110 (2021-2026+) Xanh Xám nhám  -C34M"
53205-K2C-V00ZJ,"bàn thờ ,Nắp trước tay lái , Vision 110 (2021-2026+) Xanh mực nhám sáng *PB425M*"
53205-K2C-V00ZK,"bàn thờ ,Nắp trước tay lái , ốp đầu xe Vision 110 (2021-2026+) Xanh đậm(mực) -426P*"
53205-K2C-V90ZB,"bàn thờ ,Nắp trước tay lái , ốp đầu xe Vision 110 (2021-2026+) Xanh mực nhám đậm *PB434M*"
53205-K2C-V90ZD,"bàn thờ ,Nắp trước tay lái , ốp đầu xe Vision 110 (2021-2026+) Đen Bóng - 25M*"
53205-K2C-V90ZE,"bàn thờ ,Nắp trước tay lái , ốp đầu xe Vision 110 (2021-2026+) XÁM Xi măng - C60P*"
53205-K2C-V90ZF,"bàn thờ ,Nắp trước tay lái , ốp đầu xe Vision 110 (2021-2026+) Xanh xám nhám *NHC34M*"
53205-K2P-M00ZA,"bàn thờ ,Nắp trước tay lái , ốp đầu xe Winner X 150 V3 (2022-2023) Đen nhám- NH1*"
53205-K2P-VE0ZA,"bàn thờ ,Nắp trước tay lái , ốp đầu xe Winner X 150 V4(2024-2025) Đen nhám- NH1*"
53205-K2Z-V00ZA,"bàn thờ dưới, nắp trước tay lái xe Air blade (AB)125/160 (2022-2025) BẠC Nhám - C35*"
53205-K2Z-V00ZB,"bàn thờ dưới, nắp trước tay lái xe Air blade (AB)125/160 (2022-2025) Đen Bóng - 25M*"
53205-K2Z-V00ZC,"bàn thờ dưới, nắp trước tay lái xe Air blade (AB)125/160 (2022-2025) Đen Nhám -A76M*"
53205-K44-V00ZL,"bàn thờ, ốp đầu, ốp đèn pha  Vision 110 (2014-2020) Đen Nhám-76M*"
53205-K44-V00ZQ,"bàn thờ, ốp đầu, ốp đèn pha  Vision 110 (2014-2020) Xanh Nhớt-209P*"
53205-K44-V00ZR,"bàn thờ, ốp đầu, ốp đèn pha  Vision 110 (2014-2020) Xanh ĐÁ-420M*"
53205-K56-V00,"bàn thờ ,Nắp trước tay lái , ốp đầu xe Winner 150 V1 (2016-2019) Đen nhám- NH1*"
53205-K56-V50,"bàn thờ ,Nắp trước tay lái , ốp đầu xe Winner X 150 V2 (2019-2021) Đen nhám- NH1*"
53205-K57-A00ZA,"bàn thờ ,Nắp trước tay lái , ốp đầu xe Wave Blade 110 (2017-2025) Đỏ thắng đĩa -R340P*"
53205-K57-A00ZB,"bàn thờ ,Nắp trước tay lái , ốp đầu xe Wave Blade 110 (2017-2025) TRẮNG thắng đĩa -B55P*"
53205-K57-A00ZC,"bàn thờ ,Nắp trước tay lái , ốp đầu xe Wave Blade 110 (2017-2025) Đen bóng thắng đĩa -B25M*"
53205-K57-A00ZD,"bàn thờ ,Nắp trước tay lái , ốp đầu xe Wave Blade 110 (2017-2025) Xanh ngọc thắng đĩa -B189C*"
53205-K57-A00ZE,"bàn thờ ,Nắp trước tay lái , ốp đầu xe Wave Blade 110 (2017-2025) Đen Nhám -A76M*"
53205-K57-A10ZA,"bàn thờ ,Nắp trước tay lái , ốp đầu xe Wave Blade 110 (2017-2025) Đỏ thắng ĐÙM -R340P*"
53205-K57-A10ZB,"bàn thờ ,Nắp trước tay lái , ốp đầu xe Wave Blade 110 (2017-2025) Trắng thắng ĐÙM -B55P*"
53205-K57-A10ZC,"bàn thờ ,Nắp trước tay lái , ốp đầu xe Wave Blade 110 (2017-2025) Đen bóng thắng ĐÙM -B25M*"
53205-K57-A10ZD,"bàn thờ ,Nắp trước tay lái , ốp đầu xe Wave Blade 110 (2017-2025) Xanh ngọc thắng ĐÙM -B189C*"
53205-K57-A10ZF,#N/A
53205-K57-V00ZA,"bàn thờ ,Nắp trước tay lái , ốp đầu xe Wave Blade 110 (2014-2016) CAM  thắng đĩa -322C*"
53205-K57-V00ZE,"bàn thờ ,Nắp trước tay lái , ốp đầu xe Wave Blade 110 (2014-2016) Xám lông chuột thắng đĩa -62M*"
53205-K66-V00ZD,"bàn thờ ,Nắp trước tay lái , ốp đầu xe  Air blade 125 (2016-2019) Đen bóng- 25M*"
53205-K66-V00ZE,"bàn thờ ,Nắp trước tay lái , ốp đầu xe  Air blade 125 (2016-2019) Vàng Đồng- 221M*"
53205-K66-V00ZF,"bàn thờ ,Nắp trước tay lái , ốp đầu xe  Air blade 125 (2016-2019) Xám đậm- B83M*"
53205-K66-V00ZG,"bàn thờ ,Nắp trước tay lái , ốp đầu xe  Air blade 125 (2016-2019) Xám Nhạt- B56M*"
53205-K73-V40ZM,"bàn thờ ,Nắp trước tay lái , ốp đầu xe  Future 125 Fi, future Led (2020-2026) Đò Đô đậm -368C"
53205-K73-V40ZN,"bàn thờ ,Nắp trước tay lái , ốp đầu xe  Future 125 Fi, future Led (2020-2026) Xanh mực -421M"
53205-K77-V00ZB,"bàn thờ ,Nắp trước tay lái , ốp đầu xe SH 125/150 (2017-2019) Đen bóng- 25M*"
53205-K77-V00ZG,"bàn thờ ,Nắp trước tay lái , ốp đầu xe SH 125/150 (2017-2019) TRẮNG - B35P*"
53205-K77-V00ZJ,"bàn thờ ,Nắp trước tay lái , ốp đầu xe SH 125/150 (2017-2019) Đỏ Đô đậm -368C"
53205-K77-V00ZS,"bàn thờ ,Nắp trước tay lái , ốp đầu xe SH 125/150 (2017-2019) Đen nhám- NH76M*"
53205-K89-V00YA,"bàn thờ ,Nắp trước tay lái , ốp đầu xe Wave 110(2017-2023) Xám  -C26M*"
53205-K89-V00ZA,"bàn thờ ,Nắp trước tay lái , ốp đầu xe Wave 110(2017-2023) Đỏ Tươi  -R263*"
53205-K89-V00ZB,"bàn thờ ,Nắp trước tay lái , ốp đầu xe Wave 110(2017-2023) TRẮNG - B35P*"
53205-K89-V00ZC,"bàn thờ ,Nắp trước tay lái , ốp đầu xe Wave 110(2017-2023) Đen bóng- 25M*"
53205-K89-V00ZD,"bàn thờ ,Nắp trước tay lái , ốp đầu xe Wave 110(2017-2023) Xanh Bơ- 150P*"
53205-K89-V00ZE,"bàn thờ ,Nắp trước tay lái , ốp đầu xe Wave 110(2017-2023) Xanh Ngọc- 203M*"
53205-K89-V00ZM,"bàn thờ ,Nắp trước tay lái , ốp đầu xe Wave 110(2017-2023) CAM- 322C*"
53205-K89-V00ZN,"bàn thờ ,Nắp trước tay lái , ốp đầu xe Wave 110(2017-2023) Xanh mực -421M"
53205-K89-V00ZP,"bàn thờ ,Nắp trước tay lái , ốp đầu xe Wave 110(2017-2023) BẠC -H411*"
53205-K89-V00ZR,"bàn thờ ,Nắp trước tay lái , ốp đầu xe Wave 110(2017-2023) Xanh Nhớt -142*"
53205-K89-V00ZS,"bàn thờ ,Nắp trước tay lái , ốp đầu xe Wave 110(2017-2025) Đỏ -340C*"
53205-K89-V00ZT,"bàn thờ ,Nắp trước tay lái , ốp đầu xe Wave 110(2017-2026+) Xanh Ngọc -383M*"
53205-K89-V00ZU,"bàn thờ ,Nắp trước tay lái , ốp đầu xe Wave 110(2017-2026+) Đỏ -R389*"
53205-K89-V00ZV,"bàn thờ ,Nắp trước tay lái , ốp đầu xe Wave 110(2017-2026+) Đen Nhám -A76*"
53205-K89-V00ZW,"bàn thờ ,Nắp trước tay lái , ốp đầu xe Wave 110(2017-2026+) Vàng KEM -Y229P*"
53205-K89-V00ZX,"bàn thờ ,Nắp trước tay lái , ốp đầu xe Wave 110(2017-2026+) Xám xi măng -C60P*"
53205-K89-V00ZY,"bàn thờ ,Nắp trước tay lái , ốp đầu xe Wave 110(2017-2026+) Xanh thắng ĐÙM -343M"
53205-KFL-890ZA,"bàn thờ ,Nắp trước tay lái , ốp đầu xe Future 110(1999-2004) Xanh ngọc -154M*"
53205-KFL-890ZC,"bàn thờ ,Nắp trước tay lái , ốp đầu xe Future 110(1999-2004) Xám Ghi -183M*"
53205-KFL-890ZD,"bàn thờ ,Nắp trước tay lái , ốp đầu xe Future 110(1999-2004) Xanh Mực đậm -171MU*"
53205-KFL-890ZE,"bàn thờ ,Nắp trước tay lái , ốp đầu xe Future 110(1999-2004) Đỏ Tươi -R263*"
53205-KFL-890ZF,"bàn thờ ,Nắp trước tay lái , ốp đầu xe Future 110(1999-2004) Đỏ Đô -R203M*"
53205-KFL-890ZG,"bàn thờ ,Nắp trước tay lái , ốp đầu xe Future 110(1999-2004) Xanh nhớt( lục) -B142*"
53205-KFL-890ZJ,"bàn thờ ,Nắp trước tay lái , ốp đầu xe Future 110(1999-2004) Đỏ đen -R161P*"
53205-KFL-D21ZA,"bàn thờ ,Nắp trước tay lái ,Wave alpha nhỏ 100cc (2001-2005) Xanh nhớt( lục) -B142*"
53205-KFL-D21ZC,"bàn thờ ,Nắp trước tay lái ,Wave alpha nhỏ 100cc (2001-2005) BẠC -411M*"
53205-KFL-D21ZD,"bàn thờ ,Nắp trước tay lái ,Wave alpha nhỏ 100cc (2001-2005) Xanh Ngọc -B305P*"
53205-KFL-D21ZE,"bàn thờ ,Nắp trước tay lái ,Wave alpha nhỏ 100cc (2001-2005) Đỏ Tươi (cờ) -R263*"
53205-KFL-D21ZF,"bàn thờ ,Nắp trước tay lái ,Wave alpha nhỏ 100cc (2001-2005) Đỏ Đô sẫm -R203M*"
53205-KFL-D21ZK,"bàn thờ ,Nắp trước tay lái ,Wave alpha nhỏ 100cc (2001-2005) Xanh Mực đậm -B171MU*"
53205-KFL-D21ZL,"bàn thờ ,Nắp trước tay lái ,Wave alpha nhỏ 100cc (2001-2005) Xanh Nhạt Ghi -B141M*"
53205-KFL-D21ZP,"bàn thờ ,Nắp trước tay lái ,Wave alpha nhỏ 100cc (2001-2005) ĐEN -NH1*"
53205-KFL-D21ZQ,"bàn thờ ,Nắp trước tay lái ,Wave alpha nhỏ 100cc (2001-2005) VÀNG -Y106*"
53205-KFL-D21ZR,"bàn thờ ,Nắp trước tay lái ,Wave alpha nhỏ 100cc (2001-2005) NÂU -R150CU*"
53205-KFL-D31ZC,"bàn thờ,Nắp trước tay lái Wave ZX thắng đĩa (đời 2004-2006) màu Đỏ -R263*"
53205-KFL-D31ZV,"bàn thờ,Nắp trước tay lái Wave ZX thắng đĩa (đời 2004-2006) TRẮNG -193P*"
53205-KFL-D31ZW,"bàn thờ,Nắp trước tay lái Wave ZX thắng đĩa (đời 2004-2006) TÍM Cà -P138M*"
53205-KPH-B31YH,0
53205-KPH-B31ZN,"bàn thờ ,Nắp trước tay lái , ốp đầu xe Future II (125cc)(2004-2005) Xanh  -107M*"
53205-KPH-B31ZP,"bàn thờ ,Nắp trước tay lái , ốp đầu xe Future II (125cc)(2004-2005) Trắng  -193P*"
53205-KPH-B31ZQ,"bàn thờ ,Nắp trước tay lái , ốp đầu xe Future II (125cc)(2004-2005) TÍM Cà -138M*"
53205-KPH-B31ZR,"bàn thờ ,Nắp trước tay lái , ốp đầu xe Future II (125cc)(2004-2005) ĐỎ -161P*"
53205-KTL-640ZA,"bàn thờ ,Ốp đầu đèn trước, Ốp trên tay lái Wave RS100 (2005-2007) Xanh ngọc-132M*"
53205-KTL-640ZB,"bàn thờ ,Ốp đầu đèn trước, Ốp trên tay lái Wave RS100 (2005-2007) Tím sen-173M*"
53205-KTL-640ZC,"bàn thờ ,Ốp đầu đèn trước, Ốp trên tay lái Wave RS100 (2005-2007) Đỏ tươi-263M*"
53205-KTL-640ZD,"bàn thờ ,Ốp đầu đèn trước, Ốp trên tay lái Wave RS100 (2005-2007) CAM-272M*"
53205-KTL-640ZE,"bàn thờ ,Ốp đầu đèn trước, Ốp trên tay lái Wave RS100 (2005-2007) VÀNG-106*"
53205-KTL-640ZG,"bàn thờ ,Ốp đầu đèn trước, Ốp trên tay lái Wave RS V 100 (2006-2008) Xanh Sepsol-373M*"
53205-KTL-680ZB,0
53205-KTL-680ZF,"bàn thờ,Ốp đầu đèn trước Wave (A) cá 100 (2006-2008) Tím cà Đùm-138M*"
53205-KTL-680ZL,"bàn thờ,Ốp đầu đèn trước Wave (A) cá 100 (2006-2008) VÀNG Đùm-Y106*"
53205-KTL-V00YB,"bàn thờ,Ốp đầu đèn trước Wave (A) cá 100 (2008-2016) CAM  Đùm-322*"
53205-KTL-V00ZA,"bàn thờ,Ốp đầu đèn trước Wave (A) cá 100 (2008-2016) XANH Lá  Đùm-107M*"
53205-KTL-V00ZB,"bàn thờ,Ốp đầu đèn trước Wave (A) cá 100 (2008-2016) ĐEN Đùm-A69P*"
53205-KTL-V00ZC,"bàn thờ,Ốp đầu đèn trước Wave (A) cá 100 (2008-2016) BẠC  Đùm-411M*"
53205-KTL-V00ZD,"bàn thờ,Ốp đầu đèn trước Wave (A) cá 100 (2008-2016) XANH Mực đậm  Đùm-373M*"
53205-KTL-V00ZE,"bàn thờ,Ốp đầu đèn trước Wave (A) cá 100 (2008-2016) ĐỎ Đùm-R161M*"
53205-KTL-V00ZH,"bàn thờ,Ốp đầu đèn trước Wave (A) cá 100 (2008-2016) Tím Sen  Đùm-173M*"
53205-KTL-V00ZK,"bàn thờ,Ốp đầu đèn trước Wave (A) cá 100 (2008-2016) VÀNG Đùm-Y106*"
53205-KTL-V00ZM,"bàn thờ,Ốp đầu đèn trước Wave S 100 (2006-2008) ĐỎ Đùm-R313M*"
53205-KTL-V00ZN,"bàn thờ,Ốp đầu đèn trước Wave (A) cá 100 (2008-2016) ĐỎ Tươi Đùm-R263*"
53205-KTL-V00ZQ,"bàn thờ,Ốp đầu đèn trước Wave (A) cá 100 (2008-2009) XANH Ngọc Đùm-132M*"
53205-KTL-V00ZT,"bàn thờ,Ốp đầu đèn trước Wave (A) cá 100 (2011-2016) XANH Ngọc Đùm-203M*"
53205-KTL-V00ZU,"bàn thờ,Ốp đầu đèn trước Wave (A) cá 100 (2011-2016) ĐỒNG thắng Đùm-208M*"
53205-KTL-V00ZW,"bàn thờ,Ốp đầu đèn trước Wave (A) cá 100 (2011-2016) XÁM ghi Đùm-262M*"
53205-KTL-V00ZX,"bàn thờ,Ốp đầu đèn trước Wave (A) cá 100 (2011-2016) TRẮNG Đùm-NH55P*"
53205-KTM-860ZD,0
53205-KTM-860ZE,"bàn thờ,Ốp đầu đèn trước Future Neo 125 (2005-2008) BẠC Đùm-411M*"
53205-KTM-860ZH,"bàn thờ,Ốp đầu đèn trước Future Neo 125 (2005-2008) ĐỎ Đùm-R313C*"
53205-KTM-860ZJ,"bàn thờ,Ốp đầu đèn trước Future Neo 125 (2005-2008)  ĐEN Đùm-A69P*"
53205-KTM-860ZM,"bàn thờ,Ốp đầu đèn trước Future Neo 125 (2005-2008) Xanh Dương  Đùm-206M*"
53205-KTM-950YB,"bàn thờ,Ốp đầu đèn trước Future Neo 125 (2005-2008)  ĐEN thắng Đĩa-A69P*"
53205-KTM-950YC,"bàn thờ,Ốp đầu đèn trước Future Neo 125 (2005-2008) Xanh Mực đậm Đĩa -373M*"
53205-KTM-950YG,#N/A
53205-KTM-950ZC,"bàn thờ,Ốp đầu đèn trước Future Neo 125 (2005-2008) BẠC Đĩa-411M*"
53205-KTM-950ZP,"bàn thờ,Ốp đầu đèn trước Future Neo 125 (2005-2008) Xanh lá mạ Đĩa-194M*"
53205-KTM-950ZQ,"bàn thờ,Ốp đầu đèn trước Future Neo 125 (2005-2008) Xanh Mực Đĩa-194M*"
53205-KTM-950ZR,"bàn thờ,Ốp đầu đèn trước Future Neo 125 (2005-2008) ĐỎ thắng Đĩa-R313C*"
53205-KTM-980ZA,"bàn thờ,Ốp đầu đèn trước Future Neo GT 125 Fi (2006-2008)  ĐEN thắng Đĩa-A69P*"
53205-KTM-980ZB,"bàn thờ,Ốp đầu đèn trước Future Neo GT 125 Fi (2006-2008)  TRẮNG thắng Đĩa-193P*"
53205-KTM-980ZC,"bàn thờ,Ốp đầu đèn trước Future Neo GT 125 Fi (2006-2008)  ĐỎ thắng Đĩa-R313C*"
53205-KTM-980ZD,"bàn thờ,Ốp đầu đèn trước Future Neo  125 Fi (2006-2008)  TRẮNG thắng Đĩa-193P*"
53205-KTM-980ZF,"bàn thờ,Ốp đầu đèn trước Future Neo  125 Fi (2006-2008)  XANH Mực đậm Đĩa-373M*"
53205-KTM-980ZG,"bàn thờ,Ốp đầu đèn trước Future Neo 125 Fi (2006-2008)  ĐỎ thắng Đĩa-R313C*"
53205-KTM-980ZH,"bàn thờ,Ốp đầu đèn trước Future Neo  125 Fi (2006-2008)  XANH Mực tươi Đĩa-193P*"
53205-KVB-970ZB,"Bàn thờ, Nắp tay lái trước,ốp đầu trước CLICK 110 (2005-2012) ĐEN bóng- A69P*"
53205-KVB-970ZF,"Bàn thờ, Nắp tay lái trước,ốp đầu trước CLICK 110 (2005-2012) TRẮNG - A96P*"
53205-KVB-970ZG,"Bàn thờ, Nắp tay lái trước,ốp đầu trước CLICK 110 (2005-2012) ĐỎ - R313C*"
53205-KVG-910,"Bàn thờ, Nắp tay lái trước,ốp đầu trước Air blade110 (2007-2008) Đen Nhám - NH1*"
53205-KVG-V00ZA,"Bàn thờ, Nắp tay lái trước,ốp đầu trước Air blade 110(2007-2010) Xanh Mực -383M*"
53205-KVG-V00ZB,"Bàn thờ, Nắp tay lái trước,ốp đầu trước Air blade110, 110 Fi (2007-2010) TRẮNG - A96P*"
53205-KVG-V00ZC,"Bàn thờ, Nắp tay lái trước,ốp đầu trước Air blade (AB) 110, 110 Fi (2007-2010) ĐỎ - R313C*"
53205-KVG-V00ZE,"Bàn thờ, Nắp tay lái trước,ốp đầu trước Air blade110,110Fi (2007-2010) ĐEN bóng- A69P*"
53205-KVG-V00ZG,#N/A
53205-KVG-V40ZA,"Bàn thờ, Nắp tay lái trước,ốp đầu trước Air blade (AB)110Fi (2011-2012) ĐỒNG- 218M*"
53205-KVG-V40ZB,"Bàn thờ, Nắp tay lái trước,ốp đầu trước Air blade (AB)110Fi (2011-2012) XÁM - B50M*"
53205-KVG-V40ZC,"Bàn thờ, Nắp tay lái trước,ốp đầu trước Air blade (AB)110Fi (2011-2012) ĐỎ- R340C*"
53205-KVG-V40ZD,"Bàn thờ, Nắp tay lái trước,ốp đầu trước Air blade (AB)110Fi (2011-2012) RẮNG - B35P*"
53205-KVG-V40ZE,"Bàn thờ, Nắp tay lái trước,ốp đầu trước Air blade (AB)110Fi (2011-2012) ĐEN bóng- A69P*"
53205-KVR-920ZB,"bàn thờ ,Ốp đầu đèn trước,Wave RS 100,Wave S 100 (2007-2008) ĐEN-A69P*"
53205-KVR-920ZD,"bàn thờ ,Ốp đầu đèn trước,Wave RS 100,Wave S 100 (2007-2008) ĐỎ Tươi-R263*"
53205-KVR-920ZE,"bàn thờ ,Ốp đầu đèn trước,Wave RS 100,Wave S 100 (2007-2008) CAM -R272M*"
53205-KVR-920ZL,"bàn thờ ,Ốp đầu đèn trước,Wave RS 100,Wave S 100 (2007-2008) ĐỎ đô -R313*"
53205-KVR-V80ZA,"bàn thờ ,Ốp đầu đèn trước,Wave RSX 100 (2007-2008) ĐEN-A69P*( đời mắt phượng)"
53205-KWW-B20,"bàn thờ dưới,ốp đầu đèn trước Wave S110,Wave RS 110, Wave RSX 110 (2009-2013) Đen nhám"
53205-KWW-V00ZA,"bàn thờ dưới, nắp trước tay lái Wave S110,Wave RS 110, Wave RSX 110 (2009-2010) XÁM -262M*"
53205-KWW-V00ZB,"bàn thờ dưới, nắp trước tay lái Wave S110,Wave RS 110, Wave RSX 110 (2009-2010) BẠC -411M*"
53205-KWW-V00ZC,"bàn thờ dưới, nắp trước tay lái Wave S110,Wave RS 110, Wave RSX 110 (2009-2010) ĐỎ -313C*"
53205-KWW-V00ZD,"bàn thờ dưới, nắp trước tay lái Wave S110,Wave RS 110, Wave RSX 110 (2009-2013) BẠC -B24M*"
53205-KWW-V00ZE,"bàn thờ dưới, nắp trước tay lái Wave RSX 110 (2010-2012) ĐỎ -340C*"
53205-KWW-V00ZF,"bàn thờ dưới, nắp trước tay lái Wave RSX 110 (2010-2012) TRẮNG -A96P*"
53205-KWW-V00ZG,"bàn thờ dưới, nắp trước tay lái Wave RSX 110 (2010-2012) ĐEN -A69P*"
53205-KWW-V00ZH,"bàn thờ dưới, nắp trước tay lái Wave RSX 110 (2010-2012) Xanh ngọc-B206M*"
53205-KYL-840ZA,"bàn thờ,Nắp trước tay lái ,ốp đầu Future X, Future X FI (2010-2011) Đen bóng - NHA69P"
53205-KYZ-V00ZA,"bàn thờ,Nắp trước tay lái ,ốp đầu Future 125 Fi(2011-2015) Vàng Đồng -Y208M*"
53205-KYZ-V00ZB,"bàn thờ,Nắp trước tay lái ,ốp đầu Future 125 Fi(2011-2015) BẠC -411M*"
53205-KYZ-V00ZC,"bàn thờ,Nắp trước tay lái ,ốp đầu Future 125 Fi(2011-2015) Xám nhạt -A62M*"
53205-KYZ-V00ZJ,"bàn thờ,Nắp trước tay lái ,ốp đầu Future 125 Fi(2011-2015) Đỏ Đô -R350*"
53205-KYZ-V00ZK,"bàn thờ,Nắp trước tay lái ,ốp đầu Future 125 Fi(2011-2015) ĐỎ -340C*"
53205-KYZ-V00ZL,"bàn thờ,Nắp trước tay lái ,ốp đầu Future 125 Fi(2011-2015) ĐEN -A69P*"
53205-KYZ-V00ZM,"bàn thờ,Nắp trước tay lái ,ốp đầu Future 125 Fi(2011-2015) Xám Đậm -A12M*"
53205-KZL-E10ZA,"bàn thờ,Nắp trước tay lái ,ốp đầu Vision 110 (2011-2013) BẠC -411M*"
53205-KZL-E10ZB,"bàn thờ,Nắp trước tay lái ,ốp đầu Vision 110 (2011-2013) Đen bóng - NHA69P"
53205-KZL-E10ZC,"bàn thờ,Nắp trước tay lái ,ốp đầu Vision 110 (2011-2013) Xanh Mực -390M*"
53205-KZL-E10ZG,"bàn thờ,Nắp trước tay lái ,ốp đầu Vision 110 (2011-2013) Đỏ Đô -R350*"
53205-KZL-E10ZJ,"bàn thờ,Nắp trước tay lái ,ốp đầu Vision 110 (2011-2013) BẠC -411M*"
53205-KZL-E10ZK,"bàn thờ,Nắp trước tay lái ,ốp đầu Vision 110 (2011-2013) ĐỎ -340C*"
53205-KZL-E10ZL,"bàn thờ,Nắp trước tay lái ,ốp đầu Vision 110 (2011-2013) TRẮNG -Ah35P*"
53205-KZL-E10ZM,"bàn thờ,Nắp trước tay lái ,ốp đầu Vision 110 (2011-2013) Đen bóng - NHA69P"
53205-KZV-T00ZW,"bàn thờ trên,Nắp trước tay lái ,ốp đầu  Sper Dream 110 (2013-2017) Nâu Nho- *GY150P*"
53206-K01-900ZA,"Bợ cổ (gáy) ,Nắp sau tay lái SH 125/150 (2012-2016) Đen nhám"
53206-K07-940,"Bợ cổ (gáy) ,Nắp sau tay lái  RSX 110cc (2012-2013) ĐEN Nhám (kiểu siêu nhân, bọ ngựa)"
53206-K12-V00ZA,"Bợ cổ (gáy) ,Nắp sau tay lái Lead 125 (2017-2019) KEM nhạt - 299P*"
53206-K12-V00ZC,"Bợ cổ (gáy) ,Nắp sau tay lái Lead 125 (2017-2019) KEM đậm - 299P*"
53206-K12-V00ZD,"Bợ cổ (gáy) ,Nắp sau tay lái Lead 125 (2017-2019) Đỏ Đô nho- 368C*"
53206-K12-V00ZE,"Bợ cổ (gáy) ,Nắp sau tay lái Lead 125 (2013-2016) XANH Nhớt lục- 403M*"
53206-K12-V00ZH,"Bợ cổ (gáy) ,Nắp sau tay lái Lead 125 (2013-2016) ĐEN Bóng- 25M*"
53206-K12-V00ZJ,"Bợ cổ (gáy) ,Nắp sau tay lái Lead 125 (2017-2019) Bạc Nhám- B18M*"
53206-K12-V00ZK,"Bợ cổ (gáy) ,Nắp sau tay lái Lead 125 (2013-2016) TRẮNG - A96P*"
53206-K12-V00ZL,#N/A
53206-K12-V00ZM,"Bợ cổ (gáy) ,Nắp sau tay lái Lead 125 (2017-2019) Đỏ Đô nho- 350c*"
53206-K12-V00ZP,"Bợ cổ (gáy) ,Nắp sau tay lái Lead 125 (2017-2019) ĐEN Nhám - A76M*"
53206-K12-V00ZR,"Bợ cổ (gáy) ,Nắp sau tay lái Lead 125 (2017-2019) Xám Kem - C46P*"
53206-K12-V00ZS,"Bợ cổ (gáy) ,Nắp sau tay lái Lead 125 (2013-2016) TRẮNG Đục- 35P*"
53206-K1N-V00ZA,"Bợ cổ (gáy) ,Nắp sau tay lái SH Mode 125 (2021-2025) Nâu nhám- 286R*"
53206-K1N-V00ZB,"Bợ cổ (gáy) ,Nắp sau tay lái SH Mode 125 (2021-2025) ĐEN nhám- 286R*"
53206-K27-V00ZA,"Bợ cổ (gáy) ,Nắp sau tay lái Air blade(AB)125 (2013-2015) ĐEN bóng - B25M*"
53206-K27-V00ZC,"Bợ cổ (gáy) ,Nắp sau tay lái Air blade(AB)125 (2013-2015) ĐỒNG - Y221M*"
53206-K27-V00ZD,"Bợ cổ (gáy) ,Nắp sau tay lái Air blade(AB)125 (2013-2015) XÁM  - B56M*"
53206-K27-V00ZE,"Bợ cổ (gáy) ,Nắp sau tay lái Air blade(AB)125 (2013-2015) Đen Nhám - A76M*"
53206-K29-900ZA,"Bợ cổ (gáy) ,Nắp sau tay lái SH Mode 125 (2013-2019) Nâu nhám- 286R*"
53206-K29-900ZB,"Bợ cổ (gáy) ,Nắp sau tay lái SH Mode 125 (2013-2019) Đỏ nhám- 349R*"
53206-K29-900ZC,"Bợ cổ (gáy) ,Nắp sau tay lái SH Mode 125 (2013-2019) Đen nhám- NH1*"
53206-K29-960ZA,"Bợ cổ (gáy) ,Nắp sau tay lái SH Mode 125 (2013-2019) KEM - 299P*"
53206-K29-960ZB,"Bợ cổ (gáy) ,Nắp sau tay lái SH Mode 125 (2013-2019) Đỏ Đô nho- 368C*"
53206-K29-960ZD,"Bợ cổ (gáy) ,Nắp sau tay lái SH Mode 125 (2013-2019) XANH Mực- 390M"
53206-K29-960ZE,"Bợ cổ (gáy) ,Nắp sau tay lái SH Mode 125 (2013-2019) TRẮNG Đục- 35P*"
53206-K29-960ZF,"Bợ cổ (gáy) ,Nắp sau tay lái SH Mode 125 (2013-2019) ĐEN Bóng- 25M*"
53206-K29-960ZG,"Bợ cổ (gáy) ,Nắp sau tay lái SH Mode 125 (2013-2019) Bạc Nhám- B18M*"
53206-K29-960ZH,"Bợ cổ (gáy) ,Nắp sau tay lái SH Mode 125 (2013-2019) Xanh Cốm *GY150P*"
53206-K2P-V60,"Bợ cổ (gáy) ,Nắp sau tay lái Winner X-V3 (2022-2025) Đen nhám- NH1*"
53206-K2S-V10ZA,"Bợ cổ (gáy) ,Nắp sau tay lái Vario 160, click 160 (2022-2025) Đen nhám- NH1*"
53206-K56-V50ZA,"Bợ cổ (gáy) ,Nắp sau tay lái Winner X-V2 (2019-2021) Đen nhám- NH1*"
53206-K73-V40ZA,"Bợ cổ (gáy) ,Nắp sau tay lái Future 125 Fi (Future LED (2018-2026) Màu Nâu 5 Nút *YR303M*"
53206-K73-V40ZB,"Bợ cổ (gáy) ,Nắp sau tay lái Future 125 Fi (Future LED (2018-2026) Đỏ Đô Nho 5 Nút *R350C*"
53206-K73-V40ZC,"Bợ cổ (gáy) ,Nắp sau tay lái Future 125 Fi (Future LED (2018-2026) Đỏ tươi 5 Nút *R340c*"
53206-K73-V40ZD,"Bợ cổ (gáy) ,Nắp sau tay lái Future 125 Fi (Future LED (2018-2026) Xanh đá 5 Nút *389M*"
53206-K73-V40ZE,"Bợ cổ (gáy) ,Nắp sau tay lái Future 125 Fi (Future LED (2018-2026) ĐEN 5 Nút *B25M*"
53206-K73-V40ZF,"Bợ cổ (gáy) ,Nắp sau tay lái Future 125 Fi (Future LED (2018-2026) Đen Nhám 5 Nút *76M*"
53206-K73-V40ZG,"Bợ cổ (gáy) ,Nắp sau tay lái Future 125 Fi (Future LED (2018-2026) TRẮNG 5 Nút *B55P*"
53206-K73-V80ZA,"Bợ cổ (gáy) ,Nắp sau tay lái Future 125 Fi (Future LED (2018-2026) Đỏ Đô Nho 4 Nút *R350C*"
53206-K73-V80ZB,"Bợ cổ (gáy) ,Nắp sau tay lái Future 125 Fi (Future LED (2018-2026) Xanh đá 4 Nút *389M*"
53206-K73-V80ZC,"Bợ cổ (gáy) ,Nắp sau tay lái Future 125 Fi (Future LED (2018-2026) TRẮNG 4 Nút *193P*"
53206-K73-V80ZD,"Bợ cổ (gáy) ,Nắp sau tay lái Future 125 Fi (Future LED (2018-2026) ĐEN Bóng 4 Nút *B25M*"
53206-K73-V80ZE,"Bợ cổ (gáy) ,Nắp sau tay lái Future 125 Fi (Future LED (2018-2026) BẠC 4 Nút *B24M*"
53206-K73-V80ZF,"Bợ cổ (gáy) ,Nắp sau tay lái Future 125 Fi (Future LED (2018-2026) Đen Nhám 4 Nút *76M*"
53206-K89-H00ZA,"Bợ cổ (gáy) ,Nắp sau tay lái Wave 110(2021-2025) Đen nhám không nút mở Đèn -NH1*"
53206-K89-V00ZA,"Bợ cổ (gáy) ,Nắp sau tay lái Wave 110(2017-2020) Đen nhám CÓ nút mở Đèn -NH1*"
53206-KFL-851ZB,"Bợ cổ (gáy) ,Nắp sau tay lái Wave Nhỏ100 (2001-2005) Đen nhám -NH1*"
53206-KFL-890ZA,"Bợ cổ (gáy) ,Nắp sau tay lái xe Future 110(1999-2004) Xanh ngọc -154M*"
53206-KFL-890ZC,"Bợ cổ (gáy) ,Nắp sau tay lái xe Future 110(1999-2004) Xám Ghi -183M*"
53206-KFL-890ZD,"Bợ cổ (gáy) ,Nắp sau tay lái xe Future 110(1999-2004) Xanh Mực đậm -171MU*"
53206-KFL-890ZE,"Bợ cổ (gáy) ,Nắp sau tay lái xe Future 110(1999-2004) Đỏ Tươi -R263*"
53206-KFL-890ZF,"Bợ cổ (gáy) ,Nắp sau tay lái xe Future 110(1999-2004) Đỏ Đô -R203M*"
53206-KFL-890ZG,"Bợ cổ (gáy) ,Nắp sau tay lái xe Future 110(1999-2004) Xanh nhớt( lục) -B142*"
53206-KFL-890ZH,"Bợ cổ (gáy) ,Nắp sau tay lái  xe Future 110(1999-2004) Đỏ đen -R161P*"
53206-KTL-640,"Bợ cổ (gáy) ,Nắp sau tay lái Wave A 100, Wave RS 100,Wave S 100 (2005-2016) Đen nhám-NH1*"
53206-KTM-901,"Bợ cổ (gáy) ,Nắp sau tay lái Future II-125cc(2004-2005) Đen nhám-NH1*"
53206-KTM-970,"Bợ cổ (gáy) ,Nắp sau tay lái Future Neo 125cc(2005-2007) Đen nhám-NH1*"
53206-KVB-950ZA,"Bợ cổ (gáy) ,Nắp sau tay lái Click 110 (2005-2010) Đen nhám-NH1*"
53206-KVG-950,"Bợ cổ (gáy) ,Nắp sau tay lái Air blade (AB) 110, AB 110 Fi (2007-2010) Đen nhám-NH1*"
53206-KVG-V40ZA,"Bợ cổ (gáy) ,Nắp sau tay lái Air blade (AB) 110 Fi (2001-2012) ĐỒNG 3D -218M*"
53206-KVG-V40ZB,"Bợ cổ (gáy) ,Nắp sau tay lái Air blade (AB) 110 Fi (2001-2012) XÁM 3D -B56M*"
53206-KVG-V40ZC,"Bợ cổ (gáy) ,Nắp sau tay lái Air blade (AB) 110 Fi (2001-2012) ĐỎ -R34C*"
53206-KVG-V40ZD,"Bợ cổ (gáy) ,Nắp sau tay lái Air blade (AB) 110 Fi (2001-2012) TRẮNG -H35P*"
53206-KVG-V40ZE,"Bợ cổ (gáy) ,Nắp sau tay lái Air blade (AB) 110 Fi (2001-2012) ĐEN Bóng -nh25M*"
53206-KVL-930ZA,"Bợ cổ (gáy) ,Nắp sau tay lái Future Neo Fi 125cc(2008-2009) Đen Bóng-A69P*"
53206-KVL-930ZB,"Bợ cổ (gáy) ,Nắp sau tay lái Future Neo Fi 125cc(2008-2009) TRẮNG -A96P*"
53206-KVL-930ZC,"Bợ cổ (gáy) ,Nắp sau tay lái Future Neo Fi 125cc(2008-2009) Đỏ Tươi-R315P*"
53206-KVL-930ZD,"Bợ cổ (gáy) ,Nắp sau tay lái Future Neo Fi 125cc(2008-2009) Đỏ Đô-R313P*"
53206-KWW-E00,"Bợ cổ (gáy) ,Nắp sau tay lái Wave S110, Wave RS 110(2009-2013)  Đen Nhám"
53206-KWW-V00ZA,"Bợ cổ (gáy) ,Nắp sau tay lái Wave RSX 110(2009-2010) XÁM- 262M*"
53206-KWW-V00ZB,"Bợ cổ (gáy) ,Nắp sau tay lái Wave RSX 110(2009-2010) BẠC- 411M*"
53206-KWW-V00ZC,"Bợ cổ (gáy) ,Nắp sau tay lái Wave RSX 110(2009-2010) ĐỎ - 313C*"
53206-KWW-V00ZD,"Bợ cổ (gáy) ,Nắp sau tay lái Wave RSX 110(2010-2012) ĐỎ - 340C*"
53206-KWW-V00ZE,"Bợ cổ (gáy) ,Nắp sau tay lái Wave RSX 110(2010-2012) TRẮNG -A96P*"
53206-KWW-V00ZF,"Bợ cổ (gáy) ,Nắp sau tay lái Wave RSX 110(2010-2012) ĐEN Bóng - A69PC*"
53206-KWW-V00ZG,"Bợ cổ (gáy) ,Nắp sau tay lái Wave RSX 110(2010-2012) Xanh ngọc -B206M*"
53206-KYL-840,"Bợ cổ (gáy) ,Nắp sau tay lái Future X ,Future X FI (2010-2011) Đen Nhám"
53206-KYZ-V00ZA,"Bợ cổ (gáy) ,Nắp sau tay lái Future 125-125 FI , Future 125 mập (2012-2015) Vàng Đồng- 208M*"
53206-KYZ-V00ZB,"Bợ cổ (gáy) ,Nắp sau tay lái Future 125- 125 FI , Future 125 mập (2012-2015) BẠC - B24M*"
53206-KYZ-V00ZC,"Bợ cổ (gáy) ,Nắp sau tay lái Future 125- 125 FI , Future 125 mập (2012-2015) Xám Nhạt - A62M*"
53206-KYZ-V00ZE,"Bợ cổ (gáy) ,Nắp sau tay lái Future 125- 125 FI , Future 125 mập (2012-2015)  Đỏ Đô-R350P*"
53206-KYZ-V00ZF,"Bợ cổ (gáy) ,Nắp sau tay lái Future 125- 125 FI , Future 125 mập (2012-2015)ĐỎ -R34C*"
53206-KYZ-V00ZG,"Bợ cổ (gáy) ,Nắp sau tay lái Future 125- 125 FI , Future 125 mập (2012-2015) ĐEN Bóng -NH25M*"
53206-KYZ-V00ZH,"Bợ cổ (gáy) ,Nắp sau tay lái Future 125- 125 FI , Future 125 mập (2012-2015) Xám Đậm - B12M*"
53206-KYZ-V00ZJ,"Bợ cổ (gáy) ,Nắp sau tay lái Future 125- 125 FI , Future 125 mập (2012-2015)  Màu Nâu- *YR303M*"
53206-KYZ-V00ZK,"Bợ cổ (gáy) ,Nắp sau tay lái Future 125- 125 FI , Future 125 mập (2012-2015) Xám ĐÁ - B389M*"
53206-KZL-E00ZA,"Bợ cổ (gáy) ,Nắp sau tay lái VISION 110cc (2011-2013) BẠC - 411M*"
53206-KZL-E00ZB,"Bợ cổ (gáy) ,Nắp sau tay lái VISION 110cc (2011-2013) Màu Nâu- *YR303M*"
53206-KZL-E00ZC,"Bợ cổ (gáy) ,Nắp sau tay lái VISION 110cc (2011-2013) Đỏ Đô-R350P*"
53206-KZL-E00ZD,"Bợ cổ (gáy) ,Nắp sau tay lái VISION 110cc (2011-2013) ĐEN Bóng -NH69M*"
53206-KZL-E00ZE,"Bợ cổ (gáy) ,Nắp sau tay lái VISION 110cc (2011-2013) Xám Chì - A62M*"
53206-KZL-E00ZF,"Bợ cổ (gáy) ,Nắp sau tay lái VISION 110cc (2011-2013) XANH Mực- 390M"
53206-KZL-E00ZG,"Bợ cổ (gáy) ,Nắp sau tay lái VISION 110cc (2011-2013) TRẮNG - B35M*"
53206-KZL-E00ZH,"Bợ cổ (gáy) ,Nắp sau tay lái VISION 110cc (2011-2013)  ĐEN Bóng -NH25M*"
53206-KZV-T00YP,"Bàn thờ dưới,Nắp dưới tay lái, ốp sau dưới tay lái Super Dream 110 (2013-2014) ĐỎ -R350*"
53206-KZV-T00ZV,"Bàn thờ dưới,Nắp dưới tay lái, ốp sau dưới tay lái Super Dream 110 (2013-2014) NÂU -150CU*"
53207-K07-940,"viền bàn thờ , Tấm chắn đồng hồ Rsx 110 (2012-2013) (kiểu siêu nhân, bọ ngựa)"
53207-K0R-V00,#N/A
53207-K12-900ZA,"viền bàn thờ,trang trí nắp tay lái,viền đèn pha (Inox) Lead 125 (2013-2015) màu Bạc *NH-B24M*"
53207-K12-920,"viền bàn thờ,trang trí nắp tay lái,viền đèn pha (crom) Lead 125 (2013-2015) màu Bạc *NH-B24M*"
53207-K12-V00,"viền bàn thờ,trang trí nắp tay lái,viền đèn pha (Inox) Lead 125 (2018-2023) màu Bạc *NH-B24M*"
53207-K1F-V00ZA,"viền ( ốp) bàn thờ, trang trí nắp bàn thờ Air blade (AB)125/150/160(2020-2025) Đỏ Đô*R368C*"
53207-K1F-V00ZB,"viền ( ốp) bàn thờ, trang trí nắp bàn thờ Air blade (AB)125/150/160(2020-2025) tươi *R340C*"
53207-K1F-V00ZC,"viền ( ốp) bàn thờ, trang trí nắp bàn thờ Air blade (AB)125/150/160(2020-2025) mực*PB421M*"
53207-K1F-V00ZD,"viền ( ốp) bàn thờ, trang trí nắp bàn thờ Air blade (AB)125/150/160(2020-2025) xanh nhám*NHC34M*"
53207-K1F-V00ZE,"viền ( ốp) bàn thờ, trang trí nắp bàn thờ Air blade (AB)125/150/160(2020-2025) xám ghi *NHC04M*"
53207-K1F-V00ZF,"viền ( ốp) bàn thờ, trang trí nắp bàn thờ Air blade (AB)125/150/160(2020-2025)Đen Bóng *NHB25M*"
53207-K1F-V00ZG,"viền ( ốp) bàn thờ, trang trí nắp bàn thờ Air blade (AB)125/150/160(2020-2025) đen nhám *NHA76M*"
53207-K1F-V00ZH,"viền ( ốp) bàn thờ, trang trí nắp bàn thờ Air blade (AB)125/150/160(2020-2025) xanh dương*B189C*"
53207-K1F-V00ZJ,"viền ( ốp) bàn thờ, trang trí nắp bàn thờ Air blade (AB)125/150/160(2020-2025) xám nhạt*NH262M*"
53207-K1F-V00ZK,"viền ( ốp) bàn thờ, trang trí nắp bàn thờ Air blade (AB)125/150/160(2020-2025) trắng *NHB35P*"
53207-K1F-V00ZM,"viền ( ốp) bàn thờ, trang trí nắp bàn thờ Air blade (AB)125/150/160(2020-2025) xám xi măng *NHC60P*"
53207-K27-V00ZB,"viền ( ốp) bàn thờ, trang trí nắp bàn thờ Air blade (AB)125 (2013-2015) Vàng Đồng-Y208M"
53207-K27-V00ZE,"viền ( ốp) bàn thờ, trang trí nắp bàn thờ Air blade (AB)125 (2013-2015) ĐỎ-R340C"
53207-K27-V00ZF,"viền ( ốp) bàn thờ, trang trí nắp bàn thờ Air blade (AB)125 (2013-2015) BẠC-B24M"
53207-K27-V00ZH,"viền ( ốp) bàn thờ, trang trí nắp tay lái trước Air blade (AB)125 (2013-2015) Vàng nâu- *Y1"
53207-K27-V00ZJ,"viền ( ốp) bàn thờ, trang trí nắp tay lái trước Air blade (AB)125 (2013-2015) Cam- *R322"
53207-K27-V00ZK,"viền ( ốp) bàn thờ, trang trí nắp tay lái trước Air blade (AB)125 (2013-2015) XÁM chì- *62M*"
53207-K27-V00ZP,"viền ( ốp) bàn thờ, trang trí nắp tay lái trước Air blade (AB)125 (2013-2015) Đen Bóng *NHB25M*"
53207-K27-V00ZQ,"viền ( ốp) bàn thờ, trang trí nắp tay lái trước Air blade (AB)125 (2013-2015) Đen Nhám *NH1*"
53207-K29-900,"Nắp ốp viền đồng hồ , Xi đồng hồ SH Mode 125 (2013-2018)"
53207-K56-V00ZA,"ốp bàn thờ phải, Nắp trên tay lái  ,Tai thỏ bên phải Winner 150 V1(2016-2019) Đỏ- R340C "
53207-K56-V00ZB,"ốp bàn thờ phải, Nắp trên tay lái phải , Winner 150 V1(2016-2019) XANH Đá nhám- B406M* "
53207-K56-V00ZC,"ốp bàn thờ phải, Nắp trên tay lái phải ,Tai thỏ bên phải Winner 150 V1(2016-2019) Trắng-*NHB35P*"
53207-K56-V00ZD,"ốp bàn thờ phải, Nắp trên tay lái phải ,Tai thỏ bên phải Winner 150 V1(2016-2019) Đen Nhám *76M*"
53207-K56-V00ZE,"ốp bàn thờ phải, Nắp trên tay lái phải ,Tai thỏ bên phải Winner 150 V1(2016-2019) VÀNG -*Y106*"
53207-K56-V00ZF,"ốp bàn thờ phải, Nắp trên tay lái phải ,Tai thỏ bên phải Winner 150 V1(2016-2019) CAM -*Y322*"
53207-K56-V00ZG,"ốp bàn thờ phải, Nắp trên tay lái phải ,Tai thỏ bên phải Winner 150 V1(2016-2019) XANH Ngọc- B189M* "
53207-K56-V50ZA,"ốp bàn thờ phải, Nắp trên tay lái phải ,Tai thỏ bên phải Winner 150 X (2019-2021) Đỏ- R340C"
53207-K56-V50ZC,"ốp bàn thờ phải, Nắp trên tay lái phải ,Tai thỏ bên phải Winner 150 X (2019-2021) Xanh Đá nhám- B406M*"
53207-K56-V50ZE,"ốp bàn thờ phải, Nắp trên tay lái phải ,Tai thỏ bên phải Winner 150 X (2019-2021) Đen Nhám *76M* "
53207-K56-V50ZF,"ốp bàn thờ phải, Nắp trên tay lái phải ,Tai thỏ bên phải Winner 150 X (2019-2021) Bạc nhám- B189M* "
53207-K56-V50ZG,"ốp bàn thờ phải, Nắp trên tay lái phải ,Tai thỏ bên phải Winner 150 X-V2 (2019-2021) Đỏ Tươi - R389*"
53207-K56-V50ZH,"ốp bàn thờ phải, Nắp trên tay lái phải ,Tai thỏ bên phải Winner 150 X (2019-2021) BẠC Bóng -B24M* "
53207-K56-V50ZJ,"ốp bàn thờ phải, Nắp trên tay lái phải ,Tai thỏ bên phải Winner 150 X (2019-2021) XANH Đậm- B421M* "
53207-K56-V50ZK,"ốp bàn thờ phải, Nắp trên tay lái phải ,Tai thỏ bên phải Winner 150 X (2019-2021) Đen Bóng *NHB25M* "
53207-KPH-701ZA," viền đồng hồ, nắp ốp đồng hồ Future Neo 125 Fi (2006-2008) BẠC-411M*"
53207-KTM-970ZA," viền đồng hồ, nắp ốp đồng hồ Future Neo 125 (2005-2008) BẠC-411M*"
53207-KVG-900YB,#N/A
53207-KVG-900ZL,"viền ( ốp) bàn thờ, trang trí nắp tay lái trước Air blade (AB)110 Fi (2009-2010) Bạc- *24N*"
53207-KVG-900ZN,"viền ( ốp) bàn thờ, trang trí nắp tay lái trước Air blade (AB)110 Fi (2009-2010) Đen Bóng *NHA69P*"
53207-KVG-900ZS,"viền ( ốp) bàn thờ, trang trí nắp tay lái trước Air blade (AB)110 Fi (2009-2010) Trắng-*NHB96P*"
53207-KVG-900ZT,"viền ( ốp) bàn thờ, trang trí nắp tay lái trước Air blade (AB)110 Fi (2009-2010) Đỏ- R313C*"
53208-K01-900ZC,"ốp bợ cổ,viền đồng hồ,Trang trí ốp tay lái  SH 125/150 (2012-2015) Đỏ Đô- R350*"
53208-K01-900ZD,"ốp bợ cổ,viền đồng hồ,Trang trí ốp tay lái  SH 125/150 (2012-2015) Trắng - B35P*"
53208-K01-900ZE,"ốp bợ cổ,viền đồng hồ,Trang trí ốp tay lái  SH 125/150 (2012-2015) ĐEN- R350*"
53208-K0R-V00ZA,"Ốp bợ cổ,viền đồng hồ,Trang trí ốp tay lái  SH 125/150/160 (2020-2025) Đỏ Đô- R368C*"
53208-K0R-V00ZC,#N/A
53208-K0R-V00ZD,"Ốp bợ cổ,viền đồng hồ,Trang trí ốp tay lái  SH 125/150/160 (2020-2025) Trắng- RB35C*"
53208-K0R-V00ZE,"Ốp bợ cổ,viền đồng hồ,Trang trí ốp tay lái  SH 125/150/160 (2020-2025) Đen Bóng *NHA69P*"
53208-K0R-V00ZF,"Ốp bợ cổ,viền đồng hồ,Trang trí ốp tay lái  SH 125/150/160 (2020-2026)  Đen Nhám *76M*"
53208-K0R-V00ZR,"Ốp bợ cổ,viền đồng hồ,Trang trí ốp tay lái  SH 125/150/160 (2020-2026) Xám Xi măng *C60P*"
53208-K0R-V00ZT,"Ốp bợ cổ,viền đồng hồ,Trang trí ốp tay lái  SH 125/150/160 (2020-2025) Đỏ Đô Đậm *C60P*"
53208-K12-900ZA,"viền đồng hồ, Nắp ốp đồng hồ tốc độ Lead 125 (2013-2015) Bạc-B24M"
53208-K1N-V00,"Vành đèn pha , viền đèn mạ Xi SH Mode 125 (2020-2025)"
53208-K29-900,"Vành đèn pha , viền đèn mạ Xi SH Mode 125 (2013-2018)"
53208-K2S-N00ZJ,"nắp trên tay lái phải ,ốp đầu phải , tai thỏ phải Vario 160 (2022-2026) Xanh dương Nhám-B421M*"
53208-K2S-N00ZK,"nắp trên tay lái phải ,ốp đầu phải , tai thỏ phải Vario 160 (2022-2026)  Đen Bóng *NHB25M* "
53208-K2S-V10ZA,"nắp trên tay lái phải ,ốp đầu phải , tai thỏ phải Vario 160 (2022-2026) ĐỎ nhám- R406M* "
53208-K2S-V10ZB,"nắp trên tay lái phải ,ốp đầu phải , tai thỏ phải Vario 160 (2022-2026) Xám Xi măng *C60P*"
53208-K77-V00ZB,"ốp bợ cổ,viền đồng hồ,Trang trí ốp tay lái  SH 125/150 (2017-2019) XANH đậm- B403P*"
53208-K77-V00ZE,"ốp bợ cổ,viền đồng hồ,Trang trí ốp tay lái  SH 125/150 (2017-2019) ĐEN bóng- B25M*"
53208-K77-V00ZG,"ốp bợ cổ,viền đồng hồ,Trang trí ốp tay lái  SH 125/150 (2017-2019) Đỏ Đô- R368C*"
53208-K77-V00ZH,"ốp bợ cổ,viền đồng hồ,Trang trí ốp tay lái  SH 125/150 (2017-2019) Bạc Bóng- *B86M*"
53208-K77-V00ZJ,"ốp bợ cổ,viền đồng hồ,Trang trí ốp tay lái  SH 125/150 (2017-2019) Trắng- B35P*"
53208-K77-V00ZW,"ốp bợ cổ,viền đồng hồ,Trang trí ốp tay lái  SH 125/150 (2017-2019)  Đen Nhám *76M*"
53209-GAH-000,"kẹp đèn Wave nhỏ 100, future 110 (1999-2005)"
53209-K07-940ZA,"viền đồng hồ, nắp ốp đồng hồ  Rsx 110(2012-2013) BẠC -B24M*(kiểu siêu nhân, bọ ngựa)"
53209-K07-940ZC,"viền đồng hồ, nắp ốp đồng hồ  Rsx 110(2012-2013) ĐỎ -R340C*(kiểu siêu nhân, bọ ngựa)"
53209-K07-940ZF,"viền đồng hồ, nắp ốp đồng hồ  Rsx 110(2012-2013) XÁM ghi -A62M*(kiểu siêu nhân, bọ ngựa)"
53209-K07-940ZG,"viền đồng hồ, nắp ốp đồng hồ  Rsx 110(2012-2013) XANH -B206M*(kiểu siêu nhân, bọ ngựa)"
53209-K1N-V00ZA,"ốp bợ cổ ,ốp sau tay lái SH mode 125 (2021-2025) Đỏ Đô nho-R350C*"
53209-K1N-V00ZB,"ốp bợ cổ ,ốp sau tay lái SH mode 125 (2021-2025) Xanh đen B410P*"
53209-K1N-V00ZD,"ốp bợ cổ ,ốp sau tay lái SH mode 125 (2021-2025) Trắng- B35P*"
53209-K1N-V00ZE,"ốp bợ cổ ,ốp sau tay lái SH mode 125 (2021-2025) ĐEN bóng- B25M*"
53209-K1N-V00ZF,"ốp bợ cổ ,ốp sau tay lái SH mode 125 (2021-2025) Bạc nhám -B18M*"
53209-K1N-V00ZG,"ốp bợ cổ ,ốp sau tay lái SH mode 125 (2021-2025) Xám Xi măng *C60P*"
53209-K1N-V00ZH,"ốp bợ cổ ,ốp sau tay lái SH mode 125 (2021-2025) Đen Nhám *76M*"
53209-K1N-V00ZJ,"ốp bợ cổ ,ốp sau tay lái SH mode 125 (2021-2025) Đỏ Đô- R368C*"
53209-K2S-N00ZJ,"nắp trên tay lái trái ,ốp đầu trái , tai thỏ trái Vario 160 (2022-2026) Xanh dương Nhám-B421M*"
53209-K2S-N00ZK,"nắp trên tay lái trái ,ốp đầu trái , tai thỏ trái Vario 160 (2022-2026)  Đen Bóng *NHB25M* "
53209-K2S-V10ZA,"nắp trên tay lái trái ,ốp đầu trái , tai thỏ trái Vario 160 (2022-2026) ĐỎ nhám- R406M* "
53209-K2S-V10ZB,"nắp trên tay lái trái ,ốp đầu trái , tai thỏ trái Vario 160 (2022-2026) Xám Xi măng *C60P*"
53209-K56-V50,Giã giữ ( Đế giữ) đồng hồ tốc độ winner X (2020-2025)
53209-K77-V00ZA,"Chắn gió bàn thờ,nắp ốp đồng hồ ,mão Sh 125/150 (2017-2019) Đen bóng *NH1*"
53209-K77-V00ZC,"Chắn gió bàn thờ,nắp ốp đồng hồ ,mão Sh 125/150 (2017-2019) đen nhám *NHA76M*"
53210-GGE-900ZA,"Bàn thờ trước ,Bộ nắp trước tay lái  Lead 110, SCR 110 (2008-2012) ĐEN Bóng-NHA69P"
53210-GGE-900ZB,"Bàn thờ trước ,Bộ nắp trước tay lái  Lead 110, SCR 110 (2008-2012) Trắng - A96P*"
53210-GGE-900ZC,"Bàn thờ trước ,Bộ nắp trước tay lái  Lead 110, SCR 110 (2008-2012) Đỏ- R313C*"
53210-GGE-900ZD,"Bàn thờ trước ,Bộ nắp trước tay lái  Lead 110, SCR 110 (2008-2012)  BẠC -411M*"
53210-GGE-900ZF,"Bàn thờ trước ,Bộ nắp trước tay lái  Lead 110, SCR 110 (2008-2012) Vàng KEM- 229P*"
53210-GGE-900ZH,"Bàn thờ trước ,Bộ nắp trước tay lái  Lead 110, SCR 110 (2008-2012) Đỏ- R340C*"
53210-GGE-900ZJ,"Bàn thờ trước ,Bộ nắp trước tay lái  Lead 110, SCR 110 (2008-2012) NÂU- 303M*"
53210-GGE-900ZK,"Bàn thờ trước ,Bộ nắp trước tay lái  Lead 110, SCR 110 (2008-2012) Vàng ĐỒNG- Y208M*"
53210-GGE-900ZL,"Bàn thờ trước ,Bộ nắp trước tay lái  Lead 110, SCR 110 (2008-2012) Trắng đục- B35P*"
53210-GGE-A10ZE,#N/A
53210-GGE-A10ZF,"Bàn thờ trước ,Bộ nắp trước tay lái  Lead 110, SCR 110 (2008-2012) Đỏ Đô nho-R350C*"
53210-K0R-VA0ZB,"Chắn gió bàn thờ,nắp ốp đồng hồ ,mão SH 125/150/160 (2020-2026) Đen bóng *NH1*"
53210-K12-900ZA,#N/A
53210-K27-630ZB,"bàn thờ,Bộ ốp trước tay lái Air Blade 125 (2013-2015) Đen Nhám cabon-A76M*"
53210-K27-630ZC,#N/A
53210-K27-630ZD,#N/A
53210-K27-630ZE,"bàn thờ ,Bộ ốp trước tay lái Air Blade 125 (2013-2015) Đen bóng -B25M*"
53210-K27-V50ZA,#N/A
53210-K2C-V00ZA,"Bợ cổ ( gáy),nắp ốp sau tay lái Vision 110 (2021-2026+) Đỏ Đô nho-R350C*"
53210-K2C-V00ZD,"Bợ cổ ( gáy),nắp ốp sau tay lái Vision 110 (2021-2026+)  Trắng- B35P*"
53210-K2C-V00ZF,"Bợ cổ ( gáy),nắp ốp sau tay lái Vision 110 (2021-2026+) Đen Nhám-A76M*"
53210-K2C-V00ZH,"Bợ cổ ( gáy),nắp ốp sau tay lái Vision 110 (2021-2026+) xanh xám nhám *NHC34M*"
53210-K2C-V00ZJ,"Bợ cổ ( gáy),nắp ốp sau tay lái Vision 110 (2021-2026+) Xanh mực nhám *PB425M*"
53210-K2C-V00ZK,"Bợ cổ ( gáy),nắp ốp sau tay lái Vision 110 (2021-2026+)Xanh mực bóng *PB426P*"
53210-K2C-V90ZB,"Bợ cổ ( gáy),nắp ốp sau tay lái Vision 110 (2021-2026+) Đen nhám hoa văn "
53210-K2C-VF0ZC,"Bợ cổ ( gáy),nắp ốp sau tay lái Vision 110 (2021-2026+) Xám xi măng *NHC60P*"
53210-K2C-VF0ZJ,"Bợ cổ ( gáy),nắp ốp sau tay lái Vision 110 (2021-2026+) Đen Bóng *NH1*"
53210-K44-V00ZA,"Bợ cổ ( gáy),nắp ốp sau tay lái Vision 110 (2014-2020) XÁM Nhạt -R320M*"
53210-K44-V00ZD,"Bợ cổ ( gáy),nắp ốp sau tay lái Vision 110 (2014-2020) Xanh đậm mực- B390M*"
53210-K44-V00ZE,"Bợ cổ ( gáy),nắp ốp sau tay lái Vision 110 (2014-2020) Trắng- B35P*"
53210-K44-V00ZF,"Bợ cổ ( gáy),nắp ốp sau tay lái Vision 110 (2014-2020) Đen bóng-25M"
53210-K44-V00ZG,"Bợ cổ ( gáy),nắp ốp sau tay lái Vision 110 (2014-2020) Đỏ- R340C*"
53210-K44-V00ZH,"Bợ cổ ( gáy),nắp ốp sau tay lái Vision 110 (2014-2020) BẠC -411M*"
53210-K44-V20ZB,"Bợ cổ ( gáy),nắp ốp sau tay lái Vision 110 (2014-2020) ĐỒNG- Y317M*"
53210-K44-V20ZC,"Bợ cổ ( gáy),nắp ốp sau tay lái Vision 110 (2014-2020) Đỏ Đô nho-R350C*"
53210-K44-V20ZD,"Bợ cổ ( gáy),nắp ốp sau tay lái Vision 110 (2014-2020) Đỏ- R340C*"
53210-K44-V20ZE,"Bợ cổ ( gáy),nắp ốp sau tay lái Vision 110 (2014-2020) Xanh đậm mực- B390M*"
53210-K44-V20ZG,"Bợ cổ ( gáy),nắp ốp sau tay lái Vision 110 (2014-2020) Trắng- B35P*"
53210-K44-V20ZK,"Bợ cổ ( gáy),nắp ốp sau tay lái Vision 110 (2014-2020) Vàng KEM- 229P*"
53210-K44-V20ZN,"Bợ cổ ( gáy),nắp ốp sau tay lái Vision 110 (2014-2020) Trắng- B55P*"
53210-K44-V20ZP,"Bợ cổ ( gáy),nắp ốp sau tay lái Vision 110 (2014-2020) Xanh Nhớt lục- G209P*"
53210-K44-V20ZQ,"Bợ cổ ( gáy),nắp ốp sau tay lái Vision 110 (2014-2020) XÁM Đậm -C23M*"
53210-K44-V20ZR,"Bợ cổ ( gáy),nắp ốp sau tay lái Vision 110 (2014-2020) Xanh Đá - B420M*"
53210-K73-V40ZA,"Bàn thờ,Ốp đầu đèn, lắp trước tay lái  Future 125 Led (2018-2026+) NÂU -*PB303M*"
53210-K73-V40ZB,"Bàn thờ,Ốp đầu đèn, lắp trước tay lái  Future 125 Led (2018-2026+) Đỏ Đô nho *R350C*"
53210-K73-V40ZC,"Bàn thờ,Ốp đầu đèn, lắp trước tay lái  Future 125 Led (2018-2026+) Đỏ tươi *R340C*"
53210-K73-V40ZD,"Bàn thờ,Ốp đầu đèn, lắp trước tay lái  Future 125 Led (2018-2026+) Xanh đá *PB389M*"
53210-K73-V40ZE,"Bàn thờ,Ốp đầu đèn, lắp trước tay lái  Future 125 Led (2018-2026+) Đen Bóng *NHB25M*"
53210-K73-V40ZF,"Bàn thờ,Ốp đầu đèn, lắp trước tay lái  Future 125 Led (2018-2026+) Đen Nhám *NHA76M*"
53210-K73-V40ZG,"Bàn thờ,Ốp đầu đèn, lắp trước tay lái  Future 125 Led (2018-2026+) Xám Chì *A62M*"
53210-K73-V40ZH,"Bàn thờ,Ốp đầu đèn, lắp trước tay lái  Future 125 Led (2018-2026+) Trắng ngọc- B55P*"
53210-K73-V40ZJ,"Bàn thờ,Ốp đầu đèn, lắp trước tay lái  Future 125 Led (2018-2026+) Trắng đục - NH193P*"
53210-K73-V40ZK,"Bàn thờ,Ốp đầu đèn, lắp trước tay lái  Future 125 Led (2018-2026+) BẠC -411M*"
53210-K73-V40ZL,"Bàn thờ,Ốp đầu đèn, lắp trước tay lái  Future 125 Led (2018-2026+) Xanh Nhám -C34*"
53210-KCW-870,"Đạn cổ trên (22 Viên ) lead 110, SCR 110 (2008-2012)"
53210-KRS-970ZA,"Bợ cổ (gáy) ,Nắp sau tay lái Wave Nhỏ100, Wave ZX (2001-2005) Đen nhám Có tem -NH1*"
53210-KVG-V20ZC,#N/A
53210-KVR-C00,#N/A
53210-KYZ-V20ZE,"Bàn thờ,Ốp đầu đèn, lắp trước tay lái  Future 125, Fi, FU mập (2012-2016) Đỏ Đô nho *R350C*"
53210-KYZ-V20ZF,"Bàn thờ,Ốp đầu đèn, lắp trước tay lái  Future 125, Fi, FU mập (2012-2016) Đỏ tươi *R340C*"
53210-KYZ-V20ZG,"Bàn thờ,Ốp đầu đèn, lắp trước tay lái  Future 125, Fi, FU mập (2012-2016) Đen Bóng *NHB25M*"
53210-KYZ-V20ZJ,"Bàn thờ,Ốp đầu đèn, lắp trước tay lái  Future 125, Fi, FU mập (2016-2018) NÂU -*PB303M*"
53210-KYZ-V20ZK,"Bàn thờ,Ốp đầu đèn, lắp trước tay lái  Future 125, Fi, FU mập (2016-2018)  Xanh đá *PB389M*"
53210-KZL-E00ZF,"bàn thờ,Nắp trước tay lái ,ốp đầu Vision 110 (2011-2013) Xanh Ngọc -B206M*"
53211-K77-V00ZA,"Ốp bàn thờ phải,Chụp nắp tay lái trước phải SH 125/150 (2017-2019) Đen Nhám *NH1*"
53211-KCW-870,"chén cổ trên lead 110, SCR 110 (2008-2012)"
53212-K77-V00ZA,"Ốp bàn thờ trái,Chụp nắp tay lái trước trái SH 125/150 (2017-2019) Đen Nhám *NH1*"
53212-KCW-870,"chén cổ dưới lead 110, SCR 110 (2008-2012)"
53215-K12-940ZA,"Bợ cổ (gáy) ,Nắp sau tay lái Lead 125 (2013-2016) XANH Mực- 390M"
53215-K12-940ZB,"Bợ cổ (gáy) ,Nắp sau tay lái Lead 125 (2013-2016) TRẮNG- 35P*"
53215-K12-940ZC,"Bợ cổ (gáy) ,Nắp sau tay lái Lead 125 (2013-2016) ĐEN Bóng- 25M*"
53215-K12-940ZD,"Bợ cổ (gáy) ,Nắp sau tay lái Lead 125 (2013-2016) Bạc Bóng- 24M*"
53215-K12-940ZE,#N/A
53215-K12-940ZF,"Bợ cổ (gáy) ,Nắp sau tay lái Lead 125 (2013-2016) KEM- 299P*"
53215-K12-940ZG,"Bợ cổ (gáy) ,Nắp sau tay lái Lead 125 (2013-2016) Đỏ Đô- 350c*"
53215-K12-V00ZB,"viền đồng hồ,Nắp mặt đồng hồ Lead 125 (2018-2020) Bạc Bóng *NH411M*"
53215-K12-V00ZD,"viền đồng hồ,Nắp mặt đồng hồ Lead 125 (2018-2020) Đen nhám *NH76M*"
53215-K56-V00ZA,"ốp bàn thờ trái, Nắp trên tay lái trái ,Tai thỏ bên trái Winner 150 V1(2016-2019) Đỏ- R340C "
53215-K56-V00ZB,"ốp bàn thờ trái, Nắp trên tay lái trái ,Tai thỏ bên trái , Winner 150 V1(2016-2019) XANH Đá nhám- B406M* "
53215-K56-V00ZC,"ốp bàn thờ trái, Nắp trên tay lái trái ,Tai thỏ bên trái Winner 150 V1(2016-2019) Trắng-*NHB35P*"
53215-K56-V00ZD,"ốp bàn thờ trái, Nắp trên tay lái trái ,Tai thỏ bên trái Winner 150 V1(2016-2019) Đen Nhám *76M*"
53215-K56-V00ZE,"ốp bàn thờ trái, Nắp trên tay lái trái ,Tai thỏ bên trái Winner 150 V1(2016-2019) VÀNG -*Y106*"
53215-K56-V00ZF,"ốp bàn thờ trái, Nắp trên tay lái trái ,Tai thỏ bên trái Winner 150 V1(2016-2019) CAM -*Y322*"
53215-K56-V00ZG,"ốp bàn thờ trái, Nắp trên tay lái trái ,Tai thỏ bên trái Winner 150 V1(2016-2019) XANH Ngọc- B189M* "
53215-KCW-870,"Đạn cổ dưới (17 Viên ) lead 110, SCR 110 (2008-2012)"
53215-KFL-860,"Ron cao su Đệm xilanh hộp dầu phanh trên Future 110, wave ZX 100 (1999-2002)"
53215-KVR-C00,#N/A
53216-K56-V00ZB,"Bợ cổ, ốp sau tay lái  Winner 150 V1(2016-2019)) Đen nhám *NH76M*"
53216-K56-V20ZB,"Bợ cổ, ốp sau tay lái  Winner 150 V1(2016-2019)) Đỏ nhám *R371R*"
53219-K01-900,"Chảng 3, Cụm trục cổ lái, vai phuộc Sh125/150 (2012-2019)"
53219-K0R-V00,"Chảng 3, Cụm trục cổ lái, vai phuộc Sh125/150/160 (2020-2025)"
53219-K12-900,"Chảng 3, Cụm trục cổ lái, vai phuộc Lead 110 (2013-2015)"
53219-K27-V00,"Chảng 3, Cụm trục cổ lái, vai phuộc Air Blade (AB)125/150/160 (Từ2013-2026+)"
53219-K29-900,"Chảng 3, Cụm trục cổ lái, vai phuộc Sh Mode 125 (2013-2025) "
53219-K2C-V00,"Chảng 3, Cụm trục cổ lái, vai phuộc Vision 110 (2021-2026+)"
53219-K2S-V00,"Chảng 3, Cụm trục cổ lái, vai phuộc Vario 160. Click 160 (2022-2026+)"
53219-K44-V00,"Chảng 3, Cụm trục cổ lái, vai phuộc Vision 110 (2014-2020)"
53219-K56-V00,"Chảng 3, Cụm trục cổ lái, vai phuộc winner 150-V1, Winner X-V2,V3,V4 (2016-2026+)"
53219-KFV-790,"Chảng 3, Cụm trục cổ lái, vai phuộc Super Dream 100 (1999-2013)"
53219-KRS-860,"Chảng 3, Cụm trục cổ lái, vai phuộc Wave alpha 100 (2001-2005)"
53219-KTL-640,"Chảng 3, Cụm trục cổ lái, vai phuộc Wave A 100, Wave S 100, RS 100 (2006-2008)"
53219-KTL-680,"Chảng 3, Cụm trục cổ lái, vai phuộc Wave A 100 (2006-2015)"
53219-KTM-900,"Chảng 3, Cụm trục cổ lái, vai phuộc Future Neo 125, Future II, Futrure X (2005-2011)"
53219-KVB-960,#N/A
53219-KVG-950,#N/A
53219-KVG-V20,"Chảng 3, Cụm trục cổ lái, vai phuộc air blade (AB) Fi (2009-2010)"
53219-KWW-640,"Chảng 3, Cụm trục cổ lái,Wave RSX 110 ,Wave S110 ,Wave RS 110 (2009-2013)"
53219-KWW-B20,"Chảng 3, Cụm trục cổ lái  Wave alpha 110, Blade 110 (2017-2016+)"
53219-KYZ-V00,"Chảng 3, Cụm trục cổ lái, vai phuộc Future 125, Fu led (2012-2026+)"
53219-KZL-E00,"Chảng 3, Cụm trục cổ lái, vai phuộc Vision 110 (2011-2013)"
5321A-KVR-C00,Bộ chén cổ có Rế ( 6 Chi tiết) dùng cho tất cả các loại xe
53220-GN5-850,"Đai ốc cổ lái dream, wave nhỏ, wave A, RS, WS,Future neo 125, future 110, Future X, FU 125"
53225-K66-V00ZK,"ốp bàn thờ,Trang trí nắp trước tay lái , chữ V ốp trước  Air Blade 125 (2016-2019) ĐỎ-R340C"
53225-K66-V00ZL,"ốp bàn thờ,Trang trí nắp trước tay lái , chữ V ốp trước  Air Blade 125 (2016-2019) Đồng nhạt-Y224M"
53225-K66-V00ZM,"ốp bàn thờ,Trang trí nắp trước tay lái , chữ V ốp trước  Air Blade 125 (2016-2019) CAM-Y224M"
53225-K66-V00ZN,"ốp bàn thờ,Trang trí nắp trước tay lái , chữ V ốp trước  Air Blade 125 (2016-2019) Xanh mực-B390M"
53225-K66-V00ZP,"ốp bàn thờ,Trang trí nắp trước tay lái , chữ V ốp trước  Air Blade 125 (2016-2019) Trắng-*NHB35P*"
53225-K66-V00ZQ,"ốp bàn thờ,Trang trí nắp trước tay lái , chữ V ốp trước  Air Blade 125 (2016-2019) ĐEN Bóng- 25M*"
53225-K66-V00ZR,"ốp bàn thờ,Trang trí nắp trước tay lái , chữ V ốp trước  Air Blade 125 (2016-2019) Bạc Nhám- B18M*"
53225-K66-V00ZS,"ốp bàn thờ,Trang trí nắp trước tay lái , chữ V ốp trước  Air Blade 125 (2016-2019) Đen Nhám *76M*"
53225-K66-V00ZT,"ốp bàn thờ,Trang trí nắp trước tay lái , chữ V ốp trước  Air Blade 125 (2016-2019) Xám Chì *A62M*"
53225-K66-V00ZU,"ốp bàn thờ,Trang trí nắp trước tay lái , chữ V ốp trước  Air Blade 125 (2016-2019) Đồng sẫm *Y221M*"
53225-K66-V00ZV,"ốp bàn thờ,Trang trí nắp trước tay lái , chữ V ốp trước  Air Blade 125 (2016-2019) Xám nhạt *b86M*"
53225-K66-V00ZW,#N/A
53225-K66-V00ZX,#N/A
53225-K66-VG0ZA,"ốp bàn thờ,Trang trí nắp trước tay lái , chữ V ốp trước  Air Blade 125 (2016-2019) Đen Nhám *76M*"
53225-K66-VQ0ZB,"ốp bàn thờ,Trang trí nắp trước tay lái , chữ V ốp trước  Air Blade 125 (2016-2019) Đen Nhám *76M*"
53230-K27-V50ZA,#N/A
53240-K90-V00ZB," Bộ ốp tay lái, bàn thờ,Wave Rsx 110 (2016-2023) Đen đĩa *NHB25M*"
53240-K90-V00ZC," Bộ ốp tay lái, bàn thờ,Wave Rsx 110 (2016-2023) Đen Nhám đĩa *76M*"
53240-K90-V00ZD,"Bộ ốp tay lái, bàn thờ,Wave Rsx 110 (2016-2023) ĐỎ đĩa -R340C"
53240-K90-V00ZE," Bộ ốp tay lái, bàn thờ,Wave Rsx 110 (2016-2023) Trắng đĩa - B55P*"
53240-K90-V00ZJ,"Bộ ốp tay lái, bàn thờ,Wave Rsx 110 (2016-2023) Xám chì đĩa- B83M*"
53240-K90-V00ZK," Bộ ốp tay lái, bàn thờ,Wave Rsx 110 (2016-2023) Xanh ngọc đĩa- B189M*"
53240-K90-V00ZN," Bộ ốp tay lái, bàn thờ,Wave Rsx 110 (2016-2024) Xanh mực đậm đĩa - B189M*"
53240-K90-V10ZB,"Bộ ốp tay lái, bàn thờ,Wave Rsx 110 (2016-2019) Đen phanh Cơ *NHB25M*"
53240-K90-V10ZC," Bộ ốp tay lái, bàn thờ,Wave Rsx 110 (2016-2023) Đỏ phanh cơ-R340C"
53240-K90-V10ZD," Bộ ốp tay lái, bàn thờ,Wave Rsx 110 (2016-2023) Trắng phanh cơ- B55P*"
53240-K90-V10ZF,"Bộ ốp tay lái, bàn thờ,Wave Rsx 110 (2016-2023) Xám chì phanh cơ- B83M*"
53240-K90-V10ZG,"Bộ ốp tay lái, bàn thờ,Wave Rsx 110 (2016-2023) Xanh ngọc phanh cơ- B189M*"
53240-K90-V10ZH,"Bộ ốp tay lái, bàn thờ,Wave Rsx 110 (2016-2023) Đen Nhám cơ *76M*"
53250-GGE-900,"Bợ cổ, nắp sau tay lái  lead 110, SCR 110 (2008-2012)"
53250-K03-M60ZA,"bợ cổ , Gáy sau, nắp sau tay lái Rsx 110 (2014-2015) đen nhám"
53250-K57-A00ZA,"bợ cổ , Gáy sau, nắp sau tay lái Wave blade số 110 (2017-2026+) không dây E đen nhám"
53250-K57-V00ZA,"bợ cổ , Gáy sau, nắp sau tay lái Wave blade số 110 (2014-2016) Có dây E đen nhám"
53250-K90-VC0ZB,"bợ cổ , Gáy sau, nắp sau tay lái Wave Rsx 110 (2016-2023) "
53250-KVG-V00ZB,"viền ( ốp) bàn thờ, trang trí nắp tay lái trước Air blade 110, Fi Sepsol (2008-2010)"
53270-K2P-V60ZA,"Ốp đồng hồ,ốp trên tay lái Winner X- V3,V4 (2022-2025) Đỏ nhám*R406M*"
53270-K2P-V60ZB,"Ốp đồng hồ,ốp trên tay lái Winner X- V3,V4 (2022-2025) Đỏ tươi *R389*"
53270-K2P-V60ZC,"Ốp đồng hồ,ốp trên tay lái Winner X- V3,V4 (2022-2025) Xám *NHB56M*"
53270-K2P-V60ZD,"Ốp đồng hồ,ốp trên tay lái Winner X- V3,V4 (2022-2025) Trắng *NHB55P*"
53270-K2P-V60ZE,"Ốp đồng hồ,ốp trên tay lái Winner X- V3,V4 (2022-2025) Đen bóng *NHB25M*"
53270-K2P-V60ZF,"Ốp đồng hồ,ốp trên tay lái Winner X- V3,V4 (2022-2025) Bạc nhám *NHB18M*"
53270-K2P-V60ZG,"Ốp đồng hồ,ốp trên tay lái Winner X- V3,V4 (2022-2025) Đen nhám *NHA76M*"
53270-K2P-V60ZH,"Ốp đồng hồ,ốp trên tay lái Winner X- V3,V4 (2022-2025) Đen bóng *NH1*"
53270-K2S-N10ZA,"Ốp đồng hồ,ốp sau tay lái Vario 160 (2022-2026) Đen Nhám *NH1*"
53280-K2S-N00ZB,"bợ cổ , Gáy sau, nắp sau tay lái Vario 160 (2022-2026) Đen Nhám *NH1*"
53280-K73-V40,"Chắn gió bàn thờ,Mão chắn gió, ốp trên nắp trước tay Future Led , Future 125 (2018 - 2025)"
53280-KYZ-V01ZA,"Chắn gió bàn thờ,Mão chắn gió, ốp trên nắp trước tay Future mập,Future 125 (2012 - 2016)"
53290-K2S-V00ZA," Bàn thờ,Bộ nắp trước tay lái, Ốp đầu Vario 160 CBS (2022-2026)"
53290-K2S-V10ZA," Bàn thờ,Bộ nắp trước tay lái, Ốp đầu Vario 160 ABS (2022-2026)"
53306-K2P-M00,"Chắn gió bàn thờ,Mão chắn gió, ốp trên nắp trước tay Winner X- V3,V4 (2022-2025) Đen bóng"
53306-K56-V50,"Chắn gió bàn thờ,Mão chắn gió, ốp trên nắp trước tay Winner X- V2(2019-2021) Đen bóng"
61000-K1N-V00ZA,"Dè trước, bộ chắn bùn trước SH mode 125 (2021-2024) Vàng Nhạt -C46P"
61000-K1N-V00ZC,"Dè trước, bộ chắn bùn trước SH mode 125 (2021-2024) Đỏ đô- 350C"
61000-K1N-V10ZA,"Dè trước, bộ chắn bùn trước SH mode 125 (2021-2024) TRẮNG - 35P*"
61000-K1N-V10ZB,"Dè trước, bộ chắn bùn trước SH mode 125 (2021-2024) BẠC Nhám -B18M*"
61000-K1N-V10ZC,"Dè trước, bộ chắn bùn trước SH mode 125 (2021-2024) Vàng Nhạt -C46P"
61000-K1N-V10ZD,"Dè trước, bộ chắn bùn trước SH mode 125 (2021-2024) Xanh đen-410P"
61000-K1N-V10ZE,"Dè trước, bộ chắn bùn trước SH mode 125 (2021-2024) Đỏ Đô  -350C"
61000-K1N-V10ZF,"Dè trước, bộ chắn bùn trước SH mode 125 (2021-2024) Đen Bóng - 25M*"
61000-K1N-V60ZB,"Dè trước, bộ chắn bùn trước SH mode 125 (2021-2026) XÁM Xi măng - C60P"
61000-K1N-V70ZB,"Dè trước, bộ chắn bùn trước SH mode 125 (2021-2026) Đen Nhám -76M"
61000-K1N-VB0ZA,"Dè trước, bộ chắn bùn trước SH mode 125 (2021-2026) XÁM Xi măng - C60P"
61000-K1N-VB0ZB,"Dè trước, bộ chắn bùn trước SH mode 125 (2021-2026) Xanh đậm(mực) -421M"
61000-K1N-VB0ZC,"Dè trước, bộ chắn bùn trước SH mode 125 (2021-2026) Đỏ Đô đậm -368C"
61000-K29-960ZC,"Dè trước, bộ chắn bùn trước SH mode 125 (2013-2020) Xanh da trời nhạt -408C"
61000-K29-960ZD,"Dè trước, bộ chắn bùn trước SH mode 125 (2013-2020) Xanh Cốm -Y150*"
61000-K29-960ZG,"Dè trước, bộ chắn bùn trước SH mode 125 (2013-2020) Đỏ Đô đậm -368C"
61000-K2P-V70ZA,"Dè trước, bộ chắn bùn trước Winner X- V2,V3,V4 (2022-2025) Bạc nhám *NHB18M*"
61000-K2P-V70ZB,"Dè trước, bộ chắn bùn trước Winner X-V2, V3,V4 (2022-2025)  Đỏ nhám*R406M*"
61000-K2P-V70ZC,"Dè trước, bộ chắn bùn trước Winner X- V2,V3,V4 (2022-2025)  Đen nhám *NHA76M*"
61000-K56-V50ZB,"Dè trước, bộ chắn bùn trước Winner X- V2,V3,V4 (2019-2025) Xanh mực *P421*"
61000-K56-V60ZA,"Dè trước, bộ chắn bùn trước Winner X- V2,V3,V4 (2019-2025) màu Đỏ  *R340*"
61000-K56-V60ZB,"Dè trước, bộ chắn bùn trước Winner X- V2,V3,V4 (2019-2025) Đỏ nhám*R406M*"
61000-K56-V60ZC,"Dè trước, bộ chắn bùn trước Winner X- V2,V3,V4 (2019-2025) Đỏ tươi *R389*"
61000-K96-V00ZB,"Dè trước, bộ chắn bùn trước Pcx 125/150 (2018-2020 Bạc nhám *NHB18M*"
61000-K96-V00ZD,"Dè trước, bộ chắn bùn trước Pcx 125/150 (2018-2020) Đen nhám *NHA76M*"
61000-K96-V00ZH,"Dè trước, bộ chắn bùn trước  Pcx 125/150 (2018-2020) Đen bóng *NHB25M*"
61000-K96-V00ZK,"Dè trước, bộ chắn bùn trước  Pcx 125/150 (2018-2020) TRẮNG - B35P*"
61000-K96-V00ZL,"Dè trước, bộ chắn bùn trước  Pcx 125/150 (2018-2020) Xám Bạc - B86M*"
61000-K96-V00ZM,"Dè trước, bộ chắn bùn trước  Pcx 125/150 (2018-2020)  Đỏ Đô đậm -368C"
61000-K96-V00ZN,"Dè trước, bộ chắn bùn trước  Pcx 125/150 (2018-2020) Xanh đậm mực *B410P*"
61100-GGE-900ZA,"Dè trước,chắn bùn trước Lead 110, SCR 110 (2008-2012) ĐEN Bóng-NHA69P"
61100-GGE-900ZB,"Dè trước, chắn bùn trước Lead 110, SCR 110 (2008-2012) TRẮNG ngọc trai - B96P*"
61100-GGE-900ZC,"Dè trước, chắn bùn trước Lead 110, SCR 110 (2008-2012)  màu Đỏ  *R313*"
61100-GGE-900ZD,"Dè trước, chắn bùn trước Lead 110, SCR 110 (2008-2012) BẠC -NH411M*"
61100-GGE-900ZF,"Dè trước, chắn bùn trước Lead 110, SCR 110 (2008-2012) Vàng KEM -R299P*"
61100-GGE-900ZH,"Dè trước,chắn bùn trước Lead 110, SCR 110 (2008-2012)  màu Đỏ  *R340*"
61100-GGE-900ZJ,"Dè trước,chắn bùn trước Lead 110, SCR 110 (2008-2012) NÂU-R303M"
61100-GGE-900ZK,"Dè trước, chắn bùn trước Lead 110, SCR 110 (2008-2012) ĐỒNG -Y208M"
61100-GGE-900ZL,"Dè trước,chắn bùn trước Lead 110, SCR 110 (2008-2012) TRẮNG đục - B35P*"
61100-GGE-900ZM,#N/A
61100-GGE-900ZN,"Dè trước, chắn bùn trước Lead 110, SCR 110 (2008-2012) Đỏ đô- 350C"
61100-GGE-900ZP,"Dè trước, chắn bùn trước Lead 110, SCR 110 (2008-2012) Xanh Ngọc-B203M"
61100-K01-900ZC,"Dè trước, chắn bùn trước SH 125/150 (2012-2016) Đỏ Đô- R350C*"
61100-K01-900ZD,"Dè trước, chắn bùn trước SH 125/150 (2012-2016) TRẮNG- B35P*"
61100-K01-900ZE,"Dè trước, chắn bùn trước SH 125/150 (2012-2016) ĐEN Bóng-NHA69P"
61100-K01-900ZN,"Dè trước, chắn bùn trước SH 125/150 (2012-2016) Đỏ Đô- R350C*"
61100-K03-N30ZA,"Dè trước,chắn bùn trước RSX 110cc (2014-2023) Đồng -208M"
61100-K03-N30ZB,"Dè trước, chắn bùn trước RSX 110cc (2014-2023) Cam 322C"
61100-K03-N30ZC,"Dè trước, chắn bùn trước RSX 110cc (2014-2023) Đỏ -R340C"
61100-K03-N30ZD,"Dè trước, chắn bùn trước RSX 110cc (2014-2023) trắng 55P"
61100-K03-N30ZE,"Dè trước, chắn bùn trước RSX 110cc (2014-2015) ĐEN 25M"
61100-K03-N30ZH,"Dè trước, chắn bùn trước RSX 110cc (2014-2023) ĐEN Nhám A76M"
61100-K03-N30ZJ,"Dè trước, chắn bùn trước RSX 110cc (2014-2023) ĐỎ -389*"
61100-K03-N30ZL,"Dè trước, chắn bùn trước RSX 110cc (2014-2023) XÁM BẠC -B83M"
61100-K03-N30ZN,"Dè trước, chắn bùn trước RSX 110cc (2014-2023)  Xanh Tím đen *B420P*"
61100-K03-N30ZS,"Dè trước, chắn bùn trước RSX 110cc (2014-2023) ĐỎ -389*"
61100-K03-N30ZT,"Dè trước, chắn bùn trước RSX 110cc (2014-2023)  Xanh đậm mực *B410P*"
61100-K07-900ZE,"Dè trước,chắn bùn trước RSX 110cc (2012-2013) vàng đồng 317M*(kiểu siêu nhân, bọ ngựa)"
61100-K07-900ZF,"Dè trước, chắn bùn trước RSX 110cc (2012-2013) TRẮNG- B35P*(kiểu siêu nhân, bọ ngựa)"
61100-K07-900ZG,"Dè trước, chắn bùn trước RSX 110cc (2012-2013) ĐEN Bóng-NHA69P(kiểu siêu nhân, bọ ngựa)"
61100-K07-900ZH,"Dè trước,chắn bùn trước RSX 110cc (2012-2013) XÁM ghi -A62M (kiểu siêu nhân, bọ ngựa)"
61100-K07-900ZM,"Dè trước, chắn bùn trước RSX 110cc (2012-2013) Xanh ngọc 206M*"
61100-K12-900ZA,"Dè trước, chắn bùn trước Lead 125 (2013-2016) Vàng Đồng -208M"
61100-K12-900ZB,"Dè trước, chắn bùn trước Lead 125 (2013-2016)  NÂU -303M"
61100-K12-900ZC,"Dè trước, chắn bùn trước Lead 125 (2013-2016) Vàng Kem -299P"
61100-K12-900ZD,"Dè trước, chắn bùn trước Lead 125 (2013-2016) Đỏ Đô -350C"
61100-K12-900ZF,"Dè trước, chắn bùn trước Lead 125 (2013-2016) XANH Mực- 390M*"
61100-K12-900ZG,"Dè trước, chắn bùn trước Lead 125 (2013-2016)  TRẮNG - B35P"
61100-K12-900ZH,"Dè trước, chắn bùn trước Lead 125 (2013-2016)  Đen Bóng - 25M*"
61100-K12-900ZL,"Dè trước, chắn bùn trước Lead 125 (2013-2016)  XÁM Ghi-B50M*"
61100-K12-900ZM,"Dè trước, chắn bùn trước Lead 125 (2013-2016) màu đồng nhạt *Y183M*"
61100-K12-900ZN,"Dè trước, chắn bùn trước Lead 125 (2013-2016) Xanh đen-403P"
61100-K12-900ZP,"Dè trước, chắn bùn trước Lead 125 (2013-2016) BẠC Nhám -B18M*"
61100-K27-V00ZA,"Dè trước, chắn bùn trước Air blade(AB)125 (2013-2015) Cam-R322C"
61100-K27-V00ZB,"Dè trước, chắn bùn trước Air blade(AB)125 (2013-2015) đồng 208"
61100-K27-V00ZC,"Dè trước, chắn bùn trước Air blade(AB)125 (2013-2015) Xám- A62M"
61100-K27-V00ZD,"Dè trước, chắn bùn trước Air blade(AB)125 (2013-2015) Đỏ -340C*"
61100-K29-900ZA,"Dè trước, bộ chắn bùn trước SH mode 125 (2013-2020) Vàng Kem -299P"
61100-K29-900ZC,"Dè trước, bộ chắn bùn trước SH mode 125 (2013-2020) ĐỎ Tươi - 340C"
61100-K29-900ZD,"Dè trước, bộ chắn bùn trước SH mode 125 (2013-2020) màu Hồng - 192P"
61100-K29-900ZE,"Dè trước, bộ chắn bùn trước SH mode 125 (2013-2020) XANH Mực- 390M*"
61100-K29-900ZF,"Dè trước, bộ chắn bùn trước SH mode 125 (2013-2020) TRẮNG - B35P*"
61100-K29-900ZG,"Dè trước, bộ chắn bùn trước SH mode 125 (2013-2020) Đen Bóng - 25M*"
61100-K29-900ZJ,"Dè trước, bộ chắn bùn trước SH mode 125 (2013-2020) XÁM Chì- 320M*"
61100-K29-900ZW,"Dè trước, bộ chắn bùn trước SH mode 125 (2013-2020) Đỏ ĐÔ nho -350C*"
61100-K2C-V00ZB,"Dè trước, bộ chắn bùn trước ( bánh 14) Vision 110 (2021-2026+) Đen bóng-25M"
61100-K2C-V00ZM,"Dè trước, bộ chắn bùn trước ( bánh 14)  Vision 110 (2021-2026+) Xanh mực nhám *PB434M*"
61100-K2C-V30ZB,"Dè trước, bộ chắn bùn trước  ( bánh 16) Vision 110 (2021-2026+) Xanh đen *NHC34M*"
61100-K2C-V30ZC,"Dè trước, bộ chắn bùn trước  ( bánh 16) Vision 110 (2021-2026+) Trắng- B35P*"
61100-K2C-V30ZG,"Dè trước, bộ chắn bùn trước ( bánh 16) Vision 110 (2021-2026+) Xám xi măng *NHC60P*"
61100-K35-V00ZA,"Dè trước,chắn bùn trước Pcx 125 (2014-2016) Xám ghi *R320M*"
61100-K35-V00ZB,"Dè trước,chắn bùn trước Pcx 125 (2014-2016) Đỏ ĐÔ nho -350C*"
61100-K35-V00ZC,"Dè trước,chắn bùn trước Pcx 125 (2014-2016) Trắng- B35P*"
61100-K35-V00ZD,"Dè trước,chắn bùn trước Pcx 125 (2014-2016)  Đen bóng-25M"
61100-K35-V00ZE,"Dè trước,chắn bùn trước Pcx 125 (2014-2016)  BẠC Nhám -B18M*"
61100-K35-V00ZF,"Dè trước,chắn bùn trước Pcx 125 (2014-2016) ĐEN Nhám A76M"
61100-K56-V00ZA,"Dè trước,chắn bùn trước Winner 150 V1(2016-2019) Đỏ- R340C "
61100-K56-V00ZB,"Dè trước,chắn bùn trước Winner 150 V1(2016-2019) XANH Đá nhám- B406M*"
61100-K56-V00ZC,"Dè trước,chắn bùn trước Winner 150 V1(2016-2019) Trắng-*NHB35P*"
61100-K56-V00ZD,"Dè trước,chắn bùn trước Winner 150 V1(2016-2019)  Đen Nhám *76M*"
61100-K56-V00ZE,"Dè trước,chắn bùn trước Winner 150 V1(2016-2019) CAM -*Y322*"
61100-K56-V00ZF,"Dè trước,chắn bùn trước Winner 150 V1(2016-2019)  Đen bóng-25M"
61100-K56-V00ZH,"Dè trước,chắn bùn trước Winner 150 V1(2016-2019) XANH Ngọc- B189M* "
61100-K56-V50ZB,"Dè trước,chắn bùn trước Winner 150 X-V2,V3,V4 (2019-2021) XANH Đậm- B421M* "
61100-K56-V50ZF,"Dè trước,chắn bùn trước Winner 150 X-V2 (2019-2021) Đỏ Tươi - R389*"
61100-K56-V50ZG,"Dè trước,chắn bùn trước Winner 150 X-V2,V3,V4 (2019-2021) Đen Bóng *NHB25M* "
61100-K56-V50ZP,"Dè trước,chắn bùn trước Winner 150 X-V2 (2019-2021) Đen Bóng *NH1* "
61100-K57-V00ZA,"Dè trước,chắn bùn trước Wave Blade 110 (2017-2025) Đỏ -R340P*"
61100-K57-V00ZB,"Dè trước,chắn bùn trước Wave Blade 110 (2017-2025)  TRẮNG -B55P*"
61100-K57-V00ZC,"Dè trước,chắn bùn trước Wave Blade 110 (2017-2025) Đen bóng -B25M*"
61100-K57-V00ZD,"Dè trước,chắn bùn trước Wave Blade 110 (2017-2025) Xám lông chuột -62M*"
61100-K57-V00ZE,"Dè trước,chắn bùn trước Wave Blade 110 (2017-2025) CAM -322C*"
61100-K57-V00ZF,"Dè trước,chắn bùn trước Wave Blade 110 (2017-2025) Xanh ngọc -B189C*"
61100-K57-V00ZH,"Dè trước,chắn bùn trước Wave Blade 110 (2017-2025) Đen Nhám -A76M*"
61100-KFL-850YF,"Dè trước,chắn bùn trước Wave ZX thắng đĩa (đời 2004-2006) TRẮNG -193P*"
61100-KFL-850YG,"Dè trước,chắn bùn trước Wave ZX thắng đĩa (đời 2004-2006)  TÍM Cà -P138M*"
61100-KFL-850ZC,"Dè trước,chắn bùn trước Wave alpha nhỏ 100cc (2001-2005) Xanh nhớt( lục) -B142*"
61100-KFL-850ZE,"Dè trước,chắn bùn trước Wave alpha nhỏ 100cc (2001-2005) NÂU -R150CU*"
61100-KFL-850ZJ,"Dè trước,chắn bùn trước Wave alpha nhỏ 100cc (2001-2005) BẠC -411M*"
61100-KFL-850ZK,"Dè trước,chắn bùn trước Wave alpha nhỏ 100cc (2001-2005) Xanh Ngọc -B305P*"
61100-KFL-850ZL,"Dè trước,chắn bùn trước Wave alpha nhỏ 100cc (2001-2005) Đỏ Tươi -R263*"
61100-KFL-850ZM,"Dè trước,chắn bùn trước Wave alpha nhỏ 100cc (2001-2005) Đỏ Đô -R203M*"
61100-KFL-850ZR,"Dè trước,chắn bùn trước Wave alpha nhỏ 100cc (2001-2005) Xanh Mực đậm -171MU*"
61100-KFL-850ZT,"Dè trước,chắn bùn trước Wave alpha nhỏ 100cc (2001-2005) Xanh Nhạt Ghi -B141M*"
61100-KFL-850ZW,"Dè trước,chắn bùn trước Wave alpha nhỏ 100cc (2001-2005) ĐEN -NH1*"
61100-KFL-850ZX,"Dè trước,chắn bùn trước Wave alpha nhỏ 100cc (2001-2005) VÀNG -Y106*"
61100-KFL-890ZA,"Dè trước,chắn bùn trước Future 110(1999-2004) Xanh ngọc -154M*"
61100-KFL-890ZC,"Dè trước,chắn bùn trước Future 110(1999-2004) Xám Ghi -183M*"
61100-KFL-890ZD,"Dè trước,chắn bùn trước Future 110(1999-2004)  Xanh Mực đậm -171MU*"
61100-KFL-890ZE,"Dè trước,chắn bùn trước Future 110(1999-2004) Đỏ Tươi -R263*"
61100-KFL-890ZF,"Dè trước,chắn bùn trước Future 110(1999-2004) Đỏ Đô -R203M*"
61100-KFL-890ZG,"Dè trước,chắn bùn trước Future 110(1999-2004) Xanh nhớt( lục) -B142*"
61100-KFL-890ZJ,"Dè trước,chắn bùn trước Future 110(1999-2004) Đỏ đen -R161P*"
61100-KPH-900YB,"Dè trước,chắn bùn trước Future II (125cc)(2004-2005) Xanh  -107M*"
61100-KPH-900YC,"Dè trước,chắn bùn trước Future II (125cc)(2004-2005) Trắng  -193P*"
61100-KPH-900YD,"Dè trước,chắn bùn trước Future II (125cc)(2004-2005) TÍM Cà -138M*"
61100-KPH-900YE,"Dè trước,chắn bùn trước Future II (125cc)(2004-2005) ĐỎ -161P*"
61100-KTL-640YA,"Dè trước,chắn bùn trước Wave S100 (2005-2007) Màu Đỏ -313C*"
61100-KTL-640YH,"Dè trước,chắn bùn trước Wave S100 (2005-2007) Màu XANH -B206M*"
61100-KTL-640YK,#N/A
61100-KTL-640YL,"Dè trước,chắn bùn trước  Wave (A) cá 100 (2011-2016) XANH Ngọc-203M*"
61100-KTL-640YM,"Dè trước,chắn bùn trước  Wave (A) cá 100 (2011-2016)  ĐỒNG -208M*"
61100-KTL-640YP,"Dè trước,chắn bùn trước Wave (A) cá 100 (2011-2016)  XÁM ghi -262M*"
61100-KTL-640YQ,"Dè trước,chắn bùn trước Wave (A) cá 100 (2011-2016)  TRẮNG -NH55P*"
61100-KTL-640YR,"Dè trước,chắn bùn trước Wave S100,Wave RS100,Wave (A) cá 100 (2005-2016) ĐEN -A69P*"
61100-KTL-640YT,"Dè trước,chắn bùn trước Wave (A) cá 100 (2011-2016) Màu CAM -R322C*"
61100-KTL-640ZA,"Dè trước,chắn bùn trước Wave RS 100 (2005-2007) MàU Xanh Ngọc -132M*"
61100-KTL-640ZB,"Dè trước,chắn bùn trước Wave RS 100 (2005-2007) Tím sen-173M*"
61100-KTL-640ZC,"Dè trước,chắn bùn trước Wave RS100,Wave (A) cá 100 (2005-2016) Đỏ tươi-263M*"
61100-KTL-640ZD,"Dè trước,chắn bùn trước Wave RS 100 (2005-2007) CAM-272M*"
61100-KTL-640ZE,"Dè trước,chắn bùn trước Wave RS100,Wave (A) cá 100 (2005-2016)  VÀNG-106*"
61100-KTL-640ZG,"Dè trước,chắn bùn trước Wave S100,Wave RS100,Wave (A) cá 100 (2005-2016) ĐEN -A69P*"
61100-KTL-640ZJ,"Dè trước,chắn bùn trước Wave (A) cá 100 (2005-2012) BẠC -411M*"
61100-KTL-640ZM,"Dè trước,chắn bùn trước Wave (A) cá 100 (2005-2012) XANH Lá -107M*"
61100-KTL-640ZR,"Dè trước,chắn bùn trước Wave (A) cá 100 (2005-2012) ĐỎ -R161M*"
61100-KTL-640ZS,"Dè trước,chắn bùn trước Wave S100,Wave RS100,Wave (A) cá 100 (2005-2012)  XANH Mực đậm-373M*"
61100-KTM-970ZA,"Dè trước,chắn bùn trước Future Neo 125 (2005-2008) Xanh lá mạ Đĩa-194M*"
61100-KTM-970ZB,"Dè trước,chắn bùn trước Future Neo 125 (2005-2008) BẠC -411M*"
61100-KTM-970ZC,"Dè trước,chắn bùn trước Future Neo 125 (2005-2008) Xanh MỰC-368P*"
61100-KTM-970ZD,"Dè trước,chắn bùn trước Future Neo 125, 125 GT, 125 FI (2005-2008)  ĐỎ -R313C*"
61100-KTM-970ZF,"Dè trước,chắn bùn trước Future Neo 125, 125 GT, 125 FI (2005-2008)  ĐEN Bóng-A69P*"
61100-KTM-970ZG,"Dè trước,chắn bùn trước Future Neo 125, 125 GT, 125 FI (2005-2008) TRẮNG -193P*"
61100-KTM-970ZH,"Dè trước,chắn bùn trước Future Neo 125, 125 GT, 125 FI (2005-2008)  ĐỎ -R315C*"
61100-KTM-970ZJ,"Dè trước,chắn bùn trước Future Neo 125 (2005-2008) Xanh Mực đậm -373M*"
61100-KTM-970ZN,"Dè trước,chắn bùn trước Future Neo 125, 125 GT, 125 FI (2005-2008) TRẮNG -A96P*"
61100-KTM-970ZQ,"Dè trước,chắn bùn trước Future Neo 125 (2005-2008) Xanh Dương  Đùm-206M*"
61100-KVB-950ZC,"Dè trước,chắn bùn trước CLICK 110 (2005-2012) ĐEN bóng- A69P*"
61100-KVB-950ZD,"Dè trước,chắn bùn trước CLICK 110(2007-2010) TRẮNG Đục - A193P"
61100-KVB-950ZJ,"Dè trước,chắn bùn trước CLICK 110(2007-2010) ĐỎ Đô - R314P*"
61100-KVB-950ZM,"Dè trước,chắn bùn trước CLICK 110(2007-2010) ĐỎ Tươi - R313C*"
61100-KVG-900YA,"Dè trước,chắn bùn trước Air blade 110(2007-2008) Xanh Mực -383M*"
61100-KVG-900YG,#N/A
61100-KVG-900ZN,"Dè trước,chắn bùn trước Air blade 110, Fi (2007-2010)  ĐEN Bóng -nh25M*"
61100-KVG-900ZS,"Dè trước,chắn bùn trước Air blade 110,Fi (2007-2010) TRẮNG -A96P*"
61100-KVG-900ZT,"Dè trước,chắn bùn trước Air blade 110, Fi (2007-2010) ĐỎ - 313C*"
61100-KVG-V40ZA,"Dè trước,chắn bùn trước Air blade (AB)110 Fi (2011-2012) ĐỒNG 3D -218M*mẫu đầu bò mập"
61100-KVG-V40ZB,"Dè trước,chắn bùn trước Air blade (AB)110 Fi (2011-2012) XÁM 3D -B56M*mẫu đầu bò mập"
61100-KVG-V40ZC,"Dè trước,chắn bùn trước Air blade (AB)110 Fi (2011-2012) ĐỎ -R34C* mẫu đầu bò mập"
61100-KVG-V40ZD,"Dè trước,chắn bùn trước Air blade (AB)110 Fi (2011-2012) TRẮNG -B35P* mẫu đầu bò mập"
61100-KVG-V40ZE,"Dè trước,chắn bùn trước Air blade (AB)110 Fi (2011-2012) ĐEN Bóng -NH25M* mẫu đầu bò mập"
61100-KVL-N00ZM,"Dè trước,chắn bùn trước Future X, Future X FI (đời 2010 - 2011) ĐEN Bóng -A69P"
61100-KVL-N00ZN,"Dè trước,chắn bùn trước Future X, Future X FI (đời 2010 - 2011) BẠC -B24M*"
61100-KVL-N00ZP,"Dè trước,chắn bùn trước Future X, Future X FI (đời 2010 - 2011) Đỏ- R340C*"
61100-KVL-N00ZQ,"Dè trước,chắn bùn trước Future X, Future X FI (đời 2010 - 2011) Xanh Ngọc- B206M*"
61100-KVR-V80ZA,"Dè trước,chắn bùn trước Wave RSX 100 (2007-2008) Xanh Mực-B383M*( đời mắt phượng)"
61100-KVR-V80ZB,"Dè trước,chắn bùn trước Wave RSX 100 (2007-2008) TRẮNG -A96P*( đời mắt phượng)"
61100-KVR-V80ZC,"Dè trước,chắn bùn trước Wave RSX 100 (2007-2008) Xanh Ngọc-B206M*( đời mắt phượng)"
61100-KVR-V80ZD,"Dè trước,chắn bùn trước Wave RSX 100 (2007-2008) Đỏ -R315P*( đời mắt phượng)"
61100-KVV-900ZC,"Dè trước,chắn bùn trước Sper Dream 100, DREAM II (1997-2009) Nâu - *R150C*"
61100-KWN-900ZC,"Dè trước,chắn bùn trước Pcx 125 (2010-2013)  Đỏ- R340C*"
61100-KWN-900ZF,"Dè trước,chắn bùn trước Pcx 125 (2010-2013) TRẮNG ngọc -A96P*"
61100-KWN-900ZG,"Dè trước,chắn bùn trước Pcx 125 (2010-2013)  ĐEN Bóng -NH25M*"
61100-KWN-900ZH,"Dè trước,chắn bùn trước Pcx 125 (2010-2013) Vàng ĐỒNG - 208M*"
61100-KWN-900ZN,"Dè trước,chắn bùn trước Pcx 125 (2010-2013) Nâu *Y303M*"
61100-KWN-900ZP,"Dè trước,chắn bùn trước Pcx 125 (2010-2013) Đỏ Đô -R350*"
61100-KWN-900ZQ,"Dè trước,chắn bùn trước Pcx 125 (2010-2013) TRẮNG đục -B35*"
61100-KWW-640A2,"Dè trước,chắn bùn trước Wave 110 (2017-2023) CAM- 322C*"
61100-KWW-640A3,"Dè trước,chắn bùn trước Wave 110 (2017-2023) Xanh mực -421M"
61100-KWW-640A4,"Dè trước,chắn bùn trước Wave 110 (2017-2023) Xanh Nhớt -142*"
61100-KWW-640A9,"Dè trước,chắn bùn trước Wave 110 (2017-2026+) Đỏ -R389*"
61100-KWW-640B2,"Dè trước,chắn bùn trước Wave 110 (2017-2026+) Đen Nhám -A76*"
61100-KWW-640B3,"Dè trước,chắn bùn trước Wave 110 (2017-2026+) Vàng KEM -Y229P*"
61100-KWW-640B4,"Dè trước,chắn bùn trước Wave 110 (2017-2026+) Xám xi măng -C60P*"
61100-KWW-640B6,"Dè trước,chắn bùn trước Wave 110 (2017-2026+) Xanh -343M"
61100-KWW-640B7,"Dè trước,chắn bùn trước Wave 110 (2017-2026+) Xám  -C26M*"
61100-KWW-640YB,"Dè trước,chắn bùn trước Wave 110,Wave RS 110 (2010-2023) Xanh Ngọc- 203M*"
61100-KWW-640YH,"Dè trước,chắn bùn trước Wave 110 (2017-2023) Đen bóng- 25M*"
61100-KWW-640YN,"Dè trước,chắn bùn trước Wave 110,Wave RS 110 (2009-2023) TRẮNG - B35P*"
61100-KWW-640YP,"Dè trước,chắn bùn trước Wave 110 (2017-2023) Xanh Bơ- 150P*"
61100-KWW-640ZF,"Dè trước,chắn bùn trước  Wave RSX 110(2009-2013) ĐỎ - 340C*"
61100-KWW-640ZU,"Dè trước,chắn bùn trước  Wave RS 110 (2010-2013) ĐỎ TƯƠI - R263"
61100-KWW-640ZV,"Dè trước,chắn bùn trước Wave S110,Wave RS110(2009-2013) Xanh Mực - B373M*"
61100-KWW-640ZX,"Dè trước,chắn bùn trước  Wave S 110, Wave RS 110(2009-2013) TRẮNG đục -B35*"
61100-KWW-A00YC,"Dè trước,chắn bùn trước  Wave RSX 110(2009-2010) TRẮNG ngọc -A96P*"
61100-KWW-A00YE,"Dè trước,chắn bùn trước  Wave RSX 110(2009-2013) Vàng ĐỒNG - 208M*"
61100-KWW-A00YK,"Dè trước,chắn bùn trước Wave RS 110 (2009-2013) TRẮNG đục -B35*"
61100-KWW-A00ZB,"Dè trước,chắn bùn trước  Wave RS 110 (2009-2013) Xanh da trời - 203M*"
61100-KWW-A00ZF,"Dè trước,chắn bùn trước  Wave S110,Wave RS 110, Wave RSX 110(2009-2013) ĐỎ - 340C*"
61100-KWW-A00ZL,"Dè trước,chắn bùn trước Wave RS 110, Wave RSX 110(2009-2013) Xanh ngọc - B206M"
61100-KWW-A00ZM,"Dè trước,chắn bùn trước  Wave RS 110 (2009-2013) ĐỎ TƯƠI - R263"
61100-KWW-A00ZN,"Dè trước,chắn bùn trước  Wave RS 110 (2009-2013) Màu CAM - R271"
61100-KWW-A00ZP,"Dè trước,chắn bùn trước  Wave RSX 110(2009-2013) ĐEN Bóng - A69PC*"
61100-KWW-A00ZQ,"Dè trước,chắn bùn trước  Wave RSX 110(2009-2011)  BẠC- 411M*"
61100-KWW-A00ZR,"Dè trước,chắn bùn trước  Wave S110(2009-2011) Xanh Mực - B373M*"
61100-KWW-A00ZS,"Dè trước,chắn bùn trước  Wave S110, RSX110(2009-2013) ĐỎ - 313C*"
61100-KYZ-900YA,"Dè trước,chắn bùn trước Future 125 Fi (2019-2026+) Nâu *Y303M*"
61100-KYZ-900YB,"Dè trước,chắn bùn trước Future 125 Fi (2019-2026+) Xanh đá *b389M*"
61100-KYZ-900YC,"Dè trước,chắn bùn trước Future 125 Fi (2019-2026+) ĐEN Nhám- A76M*"
61100-KYZ-900YE,"Dè trước,chắn bùn trước Future 125 Fi (2019-2026+) Trắng ngọc trai -NH55P*"
61100-KYZ-900YF,"Dè trước,chắn bùn trước Future 125 Fi (2019-2026+) Trắng đục -NH193P*"
61100-KYZ-900YH,"Dè trước,chắn bùn trước Future 125 Fi (2019-2026+) Xanh nhám*NHC34M*"
61100-KYZ-900YJ,"Dè trước,chắn bùn trước Future 125 Fi (2019-2026+) Đỏ Đô*R368C*"
61100-KYZ-900YK,"Dè trước,chắn bùn trước Future 125 Fi (2019-2026+) Xanh mực -B421M*"
61100-KYZ-900ZD,"Dè trước,chắn bùn trước Future 125 Fi (2011-2018) Xám Đậm -A12M*"
61100-KYZ-900ZL,"Dè trước,chắn bùn trước Future 125 Fi (2011-2018) Vàng Đồng -Y208M*"
61100-KYZ-900ZM,"Dè trước,chắn bùn trước Future 125 Fi (2011-2018) BẠC -B24M*"
61100-KYZ-900ZN,"Dè trước,chắn bùn trước Future 125 Fi (2011-2018) Xám nhạt -A62M*"
61100-KYZ-900ZU,"Dè trước,chắn bùn trước Future 125 Fi (2011-2018) Đỏ Đô -R350*"
61100-KYZ-900ZV,"Dè trước,chắn bùn trước Future 125 Fi (2011-2018) ĐỎ -340C*"
61100-KYZ-900ZW,"Dè trước,chắn bùn trước Future 125 Fi (2011-2018) ĐEN -A69P*"
61100-KZL-930YD,"Dè trước,chắn bùn trước Vision 110 (2011-2013) VÀNG *Y192C*"
61100-KZL-930YE,"Dè trước,chắn bùn trước Vision 110 (2011-2013) Nâu *Y303M*"
61100-KZL-930YF,"Dè trước,chắn bùn trước Vision 110 (2011-2013)  ĐỎ -340C*"
61100-KZL-930YG,"Dè trước,chắn bùn trước Vision 110 (2011-2013) TRẮNG -AH35P*"
61100-KZL-930YH,"Dè trước,chắn bùn trước Vision 110 (2011-2013) Đen bóng - NHA69P"
61100-KZL-930YJ,"Dè trước,chắn bùn trước Vision 110 (2011-2013)  Xanh ngọc -B206M"
61100-KZL-930YP,"Dè trước,chắn bùn trước Vision 110 (2011-2013)   Đỏ Đô -R350*"
61100-KZL-930YQ,"Dè trước,chắn bùn trước Vision 110 (2011-2013)  Xanh Mực -390M*"
61100-KZL-930YR,"Dè trước,chắn bùn trước Vision 110 (2011-2013)  BẠC -411M*"
61100-KZV-V30ZA,"Dè trước,chắn bùn trước Sper Dream 110 (2013-2017) Nâu Nho- *GY150P*"
61100-KZV-V30ZF,"Dè trước,chắn bùn trước Sper Dream 110 (2013-2017) ĐỎ Đô - *GY350C**"
61110-K1F-V00ZA,"Dè trước,bộ chắn bùn trước  Air blade (AB)125/150 (2020-2025) Xanh nhám*NHC34M*"
61110-K1F-V00ZB,"Dè trước,bộ chắn bùn trước  Air blade (AB)125/150 (2020-2025) Đen Bóng *NHB25M*"
61110-K1F-V00ZC,"Dè trước,bộ chắn bùn trước  Air blade (AB)125/150 (2020-2025) xám ghi *NHC04M*"
61110-K1F-V00ZD,"Dè trước,bộ chắn bùn trước  Air blade (AB)125/150 (2020-2025) Đỏ Đô*R368C*"
61110-K1F-V00ZE,"Dè trước,bộ chắn bùn trước  Air blade (AB)125/150 (2020-2025) Xanh mực*PB421M*"
61110-K1F-V00ZF,"Dè trước,bộ chắn bùn trước  Air blade (AB)125/150 (2020-2025) đen nhám *NHA76M*"
61110-K1G-V00ZB,"Dè trước,bộ chắn bùn trước  Air blade (AB)125/150 (2020-2025) đen nhám *NHA76M*"
61110-K1G-V00ZC,"Dè trước,bộ chắn bùn trước  Air blade (AB)125/150 (2020-2025) Đen Bóng *NHB25M*"
61110-K27-630ZA,"Dè trước,bộ chắn bùn trước Air blade(AB)125 (2013-2015) ĐEN Nhám - A76M*"
61110-K27-V50ZE,"Dè trước, bộchắn bùn trước Air blade(AB)125 (2013-2015) ĐEN bóng - B25M*"
61110-K2C-V00ZA,"Dè trước, bộ chắn bùn trước ( bánh 14) Vision 110 (2021-2026+) Đỏ Đô Nho *R350C*"
61110-K2C-V00ZD,"Dè trước, bộ chắn bùn trước ( bánh 14) Vision 110 (2021-2026+) TRẮNG -NH35P*"
61110-K2C-V00ZF,"Dè trước, bộ chắn bùn trước  ( bánh 14) Vision 110 (2021-2026+) đen nhám *NHA76M*"
61110-K2C-V00ZG,"Dè trước, bộ chắn bùn trước  ( bánh 14) Vision 110 (2021-2026+) Xanh mực bóng *PB426P*"
61110-K2C-V00ZH,"Dè trước, bộ chắn bùn trước  ( bánh 14) Vision 110 (2021-2026+) Xanh mực nhám *PB425M*"
61110-K2C-V30ZA,"Dè trước, bộ chắn bùn trước  ( bánh 16) Vision 110 (2021-2026+) xanh xám nhám *NHC34M*"
61110-K2C-V30ZB,"Dè trước, bộ chắn bùn trước ( bánh 16)  Vision 110 (2021-2026+) Đen Nhám-A76M*"
61110-K2S-V00ZA,"Dè trước, bộ chắn bùn trước Vario 160, click 160 (2022-2026) Xanh mực -B421M*"
61110-K2S-V00ZB,"Dè trước, bộ chắn bùn trước Vario 160, click 160 (2022-2026) ĐEN bóng - B25M*"
61110-K2S-V10ZA,"Dè trước, bộ chắn bùn trước Vario 160, click 160 (2022-2026)  Xám xi măng *NHC60P*"
61110-K2S-V10ZB,"Dè trước, bộ chắn bùn trước Vario 160, click 160 (2022-2026) Đỏ Nhám -R406M*"
61110-K2Z-V00ZA,"Dè trước,bộ chắn bùn trước  Air blade (AB)125/160 (2022-2025) Xanh nhám*NHC34M*"
61110-K2Z-V00ZB,"Dè trước,bộ chắn bùn trước  Air blade (AB)125/160 (2022-2025) Đen Bóng *NHB25M*"
61110-K2Z-V00ZD,"Dè trước,bộ chắn bùn trước  Air blade (AB)125/160 (2022-2025)  Đỏ Đô*R368C*"
61110-K2Z-V00ZE,"Dè trước,bộ chắn bùn trước  Air blade (AB)125/160 (2022-2025) Xanh mực bóng *PB426P*"
61110-K2Z-V40ZA,"Dè trước,bộ chắn bùn trước  Air blade (AB)125/160 (2022-2025) Xám xi măng *NHC60P*"
61110-K2Z-V40ZD,"Dè trước,bộ chắn bùn trước  Air blade (AB)125/160 (2022-2025)  Đen Bóng *NHB25M*"
61110-K3A-V00ZA,"Dè trước,bộ chắn bùn trước  Air blade (AB)125/160 (2022-2025)  Đen Nhám-A76M*"
61110-K3A-V00ZD,"Dè trước,bộ chắn bùn trước  Air blade (AB)125/160 (2022-2025)  ĐỎ -340C*"
61110-K3A-V00ZE,"Dè trước,bộ chắn bùn trước  Air blade (AB)125/160 (2022-2025)  Xanh mực -B421M*"
61110-K44-V00ZA,"Dè trước, bộ chắn bùn trước Vision 110 (2014-2020) XÁM Nhạt -R320M*"
61110-K44-V00ZB,"Dè trước, bộ chắn bùn trước Vision 110 (2014-2020)  ĐỒNG- Y317M*"
61110-K44-V00ZC,"Dè trước, bộ chắn bùn trước Vision 110 (2014-2020)  Đỏ Đô nho-R350C*"
61110-K44-V00ZD,"Dè trước, bộ chắn bùn trước Vision 110 (2014-2020)  Xanh đậm mực- B390M*"
61110-K44-V00ZE,"Dè trước, bộ chắn bùn trước Vision 110 (2014-2020)Trắng- B35P*"
61110-K44-V00ZF,"Dè trước, bộ chắn bùn trước Vision 110 (2014-2020) Đen bóng-25M"
61110-K44-V00ZG,"Dè trước, bộ chắn bùn trước Vision 110 (2014-2020) Đỏ- R340C*"
61110-K44-V00ZH,"Dè trước, bộ chắn bùn trước Vision 110 (2014-2020) BẠC -411M*"
61110-K44-V00ZJ,"Dè trước, bộ chắn bùn trước Vision 110 (2014-2020) Đen Nhám-A76M*"
61110-K44-V00ZK,"Dè trước, bộ chắn bùn trước Vision 110 (2014-2020)  HỒNG- P197M*"
61110-K44-V00ZL,"Dè trước, bộ chắn bùn trước Vision 110 (2014-2020) Vàng KEM- 229P*"
61110-K44-V00ZN,"Dè trước, bộ chắn bùn trước Vision 110 (2014-2020)  Trắng- B55P*"
61110-K44-V00ZP,"Dè trước, bộ chắn bùn trước Vision 110 (2014-2020) Xanh Nhớt lục- G209P*"
61110-K44-V00ZQ,"Dè trước, bộ chắn bùn trước Vision 110 (2014-2020)Xanh Đá - B420M*"
61110-K66-V00ZA,"Dè trước, bộ chắn bùn trước  Air Blade 125 (2016-2019) Đồng nhạt-Y224M"
61110-K66-V00ZD,"Dè trước, bộ chắn bùn trước  Air Blade 125 (2016-2019) Bạc Nhám- B18M*"
61110-K66-V00ZE,"Dè trước, bộ chắn bùn trước  Air Blade 125 (2016-2019) Đen Nhám *76M*"
61110-K66-V00ZL,"Dè trước, bộ chắn bùn trước  Air Blade 125 (2016-2019) ĐỎ-R340C"
61110-K66-V00ZM,"Dè trước, bộ chắn bùn trước  Air Blade 125 (2016-2019) Xanh mực-B390M"
61110-K66-V00ZN,"Dè trước, bộ chắn bùn trước  Air Blade 125 (2016-2019) Trắng-*NHB35P*"
61110-K66-V00ZP,"Dè trước, bộ chắn bùn trước  Air Blade 125 (2016-2019) ĐEN Bóng- 25M*"
61110-K66-V00ZQ,"Dè trước, bộ chắn bùn trước  Air Blade 125 (2016-2019) ) Đồng sẫm *Y221M*"
61110-K66-V00ZR,"Dè trước, bộ chắn bùn trước  Air Blade 125 (2016-2019) Xám nhạt *B86M*"
61110-K66-V00ZS,"Dè trước, bộ chắn bùn trước  Air Blade 125 (2016-2019) Xám  đậm - 25M*"
61110-K66-V00ZT,"Dè trước, bộ chắn bùn trước  Air Blade 125 (2016-2019) Xám Chì *A62M*"
61110-K66-V00ZU,#N/A
61110-K66-V00ZV,"Dè trước, bộ chắn bùn trước  Air Blade 125 (2016-2019) Xanh đen Bóng- 25M*"
61110-K66-V90ZA,"Dè trước, bộ chắn bùn trước  Air Blade 125 (2016-2019) Đen Nhám *76M*"
61150-GN5-890ZB,"A phải, ốp phuộc giảm sóc trước phải Sper Dream 100, DREAM II (1997-2009) Nâu - *R150C*"
61160-GN5-890ZB,"A trái, ốp phuộc giảm sóc trước trái Sper Dream 100, DREAM II (1997-2009) Nâu - *R150C*"
61200-K0R-V00ZA,"Dè trước, bộ chắn bùn trước SH 125/150/160 (2020-2025) Bạc *NHC26*"
61200-K0R-V00ZC,"Dè trước, bộ chắn bùn trước SH 125/150/160 (2020-2025) Đỏ Đô nho *R368*"
61200-K0R-V00ZD,"Dè trước, bộ chắn bùn trước SH 125/150/160 (2020-2025) Trắng *NHB35*"
61200-K0R-V00ZE,"Dè trước, bộ chắn bùn trước SH 125/150/160 (2020-2025) Đen bóng-*NHB25*"
61200-K0R-V30ZA,"Dè trước, bộ chắn bùn trước SH 125/150/160 (2020-2025) Đen Nhám-*NHA76*"
61200-K0R-V30ZB,"Dè trước, bộ chắn bùn trước SH 125/150/160 (2020-2025) Xám xi Măng-C60*"
61200-K12-V00ZF,"Dè trước, bộ chắn bùn trước Lead 125 (2017-2019) Đỏ Đô nho- 368C*"
61200-K12-V20ZA,"Dè trước, bộ chắn bùn trước Lead 125 (2017-2019) ĐEN Bóng- 25M*"
61200-K12-V20ZB,"Dè trước, bộ chắn bùn trước Lead 125 (2017-2019) KEM nhạt - 299P*"
61200-K12-V20ZC,"Dè trước, bộ chắn bùn trước Lead 125 (2017-2019) Đỏ Đô- 350c*"
61200-K12-V20ZD,"Dè trước, bộ chắn bùn trước Lead 125 (2017-2019) KEM- 299P*"
61200-K12-V20ZE,"Dè trước, bộ chắn bùn trước Lead 125 (2017-2019) XANH Nhớt lục- 403M*"
61200-K12-V20ZH,"Dè trước, bộ chắn bùn trước Lead 125 (2017-2019) ĐEN Nhám - A76M*"
61200-K29-900ZB,Chắn bùn bên trong trước phải Sh mode 125 (2013-2019) Màu Bạc-H411M
61200-K29-900ZC,Chắn bùn bên trong trước phải Sh mode 125 (2013-2019) Màu ĐEN-NH1
61200-K2S-V00,"Dè Sau, chắn bùn trước phần dưới/sau Vario 160, click 160 (2022-2026) ĐEN Nhám "
61200-K2T-V10ZA,"Dè trước, bộ chắn bùn trước Lead 125 (2020-2025) TRẮNG - NH35* 4 VAL"
61200-K2T-V10ZB,"Dè trước, bộ chắn bùn trước Lead 125 (2020-2025) XÁM NHẠT - C46* 4 VAL"
61200-K2T-V10ZC,"Dè trước, bộ chắn bùn trước Lead 125 (2020-2025) Xanh Mực đậm - P426* 4 VAL"
61200-K56-N10,"dè B, Chắn bùn B trước 150 V1(2016-2019) đen nhám"
61200-K56-V50,"dè B, Chắn bùn B trước  Winner 150 X-V2 (2019-2021) đen nhám"
61200-K77-V00ZA,"Dè trước, bộ chắn bùn trước SH 125/150 (2017-2019) Kem nhạt - HB86*"
61200-K77-V00ZB,"Dè trước, bộ chắn bùn trước SH 125/150 (2017-2019) Xanh Mực - HB403*"
61200-K77-V00ZD,"Dè trước, bộ chắn bùn trước SH 125/150 (2017-2019)  Đỏ Đô đậm -368C"
61200-K77-V00ZE,"Dè trước, bộ chắn bùn trước SH 125/150 (2017-2019) TRẮNG - B35P*"
61200-K77-V00ZF,"Dè trước, bộ chắn bùn trước SH 125/150 (2017-2019) Đen bóng- 25M*"
61200-K77-V10ZC,"Dè trước, bộ chắn bùn trước SH 125/150 (2017-2019) Xanh nhớt- G209*"
61200-K77-V50ZB,"Dè trước, bộ chắn bùn trước SH 125/150 (2017-2019) Đen nhám- NH76M*"
61200-KEV-900YB,"a phải, ốp phuộc giảm xóc trước phải Wave alpha nhỏ 100cc (2001-2005) Xanh nhạt Ghi -B141M*"
61200-KEV-900YE,"a phải, ốp phuộc giảm xóc trước phải Wave alpha nhỏ 100cc (2001-2005)  VÀNG -Y106*"
61200-KEV-900ZA,"a phải, ốp phuộc giảm xóc trước phải Wave alpha nhỏ 100cc (2001-2005) Xanh nhớt( lục) -B142*"
61200-KEV-900ZF,"a phải, ốp phuộc giảm xóc trước phải Wave alpha nhỏ 100cc (2001-2005)  NÂU -R150CU*"
61200-KEV-900ZH,"a phải, ốp phuộc giảm xóc trước phải Wave alpha nhỏ 100cc (2001-2005)  ĐEN -NH1*"
61200-KEV-900ZM,"a phải, ốp phuộc giảm xóc trước phải Wave alpha nhỏ 100cc (2001-2005) Đỏ Đô -R203M*"
61200-KEV-900ZS,"a phải, ốp phuộc giảm xóc trước phải Wave alpha nhỏ 100cc (2001-2005) BẠC -411M*"
61200-KEV-900ZT,"a phải, ốp phuộc giảm xóc trước phải Wave alpha nhỏ 100cc (2001-2005) Xanh Ngọc -B305P*"
61200-KEV-900ZU,"a phải, ốp phuộc giảm xóc trước phải Wave alpha nhỏ 100cc (2001-2005) Đỏ Tươi -R263*"
61200-KEV-900ZY,"a phải, ốp phuộc giảm xóc trước phải Wave alpha nhỏ 100cc (2001-2005) Xanh Mực đậm -171MU*"
61200-KFL-860YA,"a phải, ốp phuộc giảm xóc trước phải Wave ZX đĩa 100cc (2001-2005) TÍM -RP138M*"
61200-KFL-860ZF,"a phải, ốp phuộc giảm xóc trước phải Wave ZX đĩa 100cc (2001-2005) Đỏ Tươi -R263*"
61200-KFL-860ZY,"a phải, ốp phuộc giảm xóc trước phải Wave ZX đĩa 100cc (2001-2005) TRẮNG -NH193*"
61200-KFL-890ZA,"a phải, ốp phuộc giảm xóc trước phải Future 110(1999-2004) Xanh ngọc -154M*"
61200-KFL-890ZC,"a phải, ốp phuộc giảm xóc trước phải Future 110(1999-2004)  Xám Ghi -183M*"
61200-KFL-890ZD,"a phải, ốp phuộc giảm xóc trước phải Future 110(1999-2004) Xanh Mực đậm -171MU*"
61200-KFL-890ZE,"a phải, ốp phuộc giảm xóc trước phải Future 110(1999-2004) Đỏ Tươi -R263*"
61200-KFL-890ZF,"a phải, ốp phuộc giảm xóc trước phải Future 110(1999-2004)  Đỏ Đô -R203M*"
61200-KFL-890ZG,"a phải, ốp phuộc giảm xóc trước phải Future 110(1999-2004) Xanh nhớt( lục) -B142*"
61200-KTL-640,"Dè B,Chắn bùn B trước Wave A 100, Wave RS 100,Wave S 100 (2005-2016) Đen nhám-NH1*"
61200-KTM-970,"Dè B,Chắn bùn B trước Future Neo 125cc, Future X, Future X 125(2005-2007) Đen nhám-NH1*"
61200-KWW-640ZB,"Dè B,Chắn bùn B trước Wave RS 110, Wave S110 (2009-2015),RSX 110cc, Wave Blade 110 (2014-2025) Đen nhám-NH1*"
61200-KWW-A00,"Dè B,Chắn bùn B trước Wave RS 110, Wave S110 (2009-2013),RSX 110cc, Wave Blade 110 (2014-2025) Đen nhám-NH1*"
61200-KYZ-900,"Dè B,Chắn bùn B trước Future 125-125 FI , Future 125 mập (2012-2015) Đen nhám-NH1*"
61200-KZV-V30ZA,"Dè trước,chắn bùn trước Sper Dream 110 (2013-2017) Đen Nhám- *NH1*"
61201-K1N-V00ZA,Chắn bùn bên trong trước phải Sh mode 125 (2020-2025) Màu Bạc-H411M
61201-K1N-V00ZB,Chắn bùn bên trong trước phải Sh mode 125 (2020-2025) Màu ĐEN Bóng-NH1
61201-K1N-V00ZC,Chắn bùn bên trong trước phải Sh mode 125 (2020-2025) Màu ĐEN Nhám-A76*
61300-K29-900ZB,Chắn bùn bên trong trước trái Sh mode 125 (2013-2019) Màu Bạc-H411M
61300-K29-900ZC,Chắn bùn bên trong trước trái Sh mode 125 (2013-2019) Màu ĐEN-NH1
61301-K1N-V00ZA,Chắn bùn bên trong trước trái Sh mode 125 (2020-2025) Màu Bạc-H411M
61301-K1N-V00ZB,Chắn bùn bên trong trước trái Sh mode 125 (2020-2025) Màu ĐEN Bóng-NH1
61301-K1N-V00ZC,Chắn bùn bên trong trước trái Sh mode 125 (2020-2025) Màu ĐEN Nhám-A76*
61311-K56-V50,Giá đỡ đèn pha dưới Winner X-V3 (2019-2021)
61400-KEV-900YB,"a phải, ốp phuộc giảm xóc trước Trái Wave alpha nhỏ 100cc (2001-2005) Xanh nhạt Ghi -B141M*"
61400-KEV-900YF,"a phải, ốp phuộc giảm xóc trước Trái Wave alpha nhỏ 100cc (2001-2005)  VÀNG -Y106*"
61400-KEV-900YN,"a phải, ốp phuộc giảm xóc trước Trái Wave ZX đĩa 100cc (2001-2005) TRẮNG -NH193*"
61400-KEV-900YP,"a phải, ốp phuộc giảm xóc trước Trái Wave ZX đĩa 100cc (2001-2005) TÍM -RP138M*"
61400-KEV-900ZA,"a phải, ốp phuộc giảm xóc trước Trái Wave alpha nhỏ 100cc (2001-2005) Xanh nhớt( lục) -B142*"
61400-KEV-900ZF,"a phải, ốp phuộc giảm xóc trước Trái Wave alpha nhỏ 100cc (2001-2005)  NÂU -R150CU*"
61400-KEV-900ZH,"a phải, ốp phuộc giảm xóc trước Trái Wave alpha nhỏ 100cc (2001-2005)  ĐEN -NH1*"
61400-KEV-900ZM,"a phải, ốp phuộc giảm xóc trước Trái Wave alpha nhỏ 100cc (2001-2005) Đỏ Đô -R203M*"
61400-KEV-900ZS,"a phải, ốp phuộc giảm xóc trước Trái Wave alpha nhỏ 100cc (2001-2005) BẠC -411M*"
61400-KEV-900ZT,"a phải, ốp phuộc giảm xóc trước Trái Wave alpha nhỏ 100cc (2001-2005) Xanh Ngọc -B305P*"
61400-KEV-900ZU,"a phải, ốp phuộc giảm xóc trước Trái Wave alpha nhỏ 100cc (2001-2005) Đỏ Tươi -R263*"
61400-KEV-900ZY,"a phải, ốp phuộc giảm xóc trước Trái Wave alpha nhỏ 100cc (2001-2005) Xanh Mực đậm -171MU*"
61400-KFL-890ZA,"a phải, ốp phuộc giảm xóc trước Trái Future 110(1999-2004) Xanh ngọc -154M*"
61400-KFL-890ZC,"a phải, ốp phuộc giảm xóc trước Trái Future 110(1999-2004)  Xám Ghi -183M*"
61400-KFL-890ZD,"a phải, ốp phuộc giảm xóc trước Trái Future 110(1999-2004) Xanh Mực đậm -171MU*"
61400-KFL-890ZE,"a phải, ốp phuộc giảm xóc trước Trái Future 110(1999-2004) Đỏ Tươi -R263*"
61400-KFL-890ZF,"a phải, ốp phuộc giảm xóc trước Trái Future 110(1999-2004)  Đỏ Đô -R203M*"
61400-KFL-890ZG,"a phải, ốp phuộc giảm xóc trước Trái Future 110(1999-2004) Xanh nhớt( lục) -B142*"
64100-K03-V70ZA,"chữ V nạ, Nắp trên ốp trước Wave RSX 110 (2010-2012) TRẮNG ngọc -A96P*"
64100-K03-V70ZB,"chữ V nạ, Nắp trên ốp trước Wave RSX 110 (2010-2012) Xanh ngọc - B206M"
64100-K03-V70ZC,"chữ V nạ, Nắp trên ốp trước Wave RSX 110 (2010-2012) ĐỎ - 340C*"
64100-K03-V70ZD,"chữ V nạ, Nắp trên ốp trước Wave RSX 110 (2010-2012) ĐEN Bóng - A69PC*"
64100-KVR-V20ZA,nạ nhỏ Wave Rs 100- 2 tầng Màu Đen
64100-KVR-V20ZB,nạ nhỏ Wave Rs 100- 2 tầng Màu Đen
64100-KWW-V00ZA,"chữ V nạ, Nắp trên ốp trước Wave RSX 110, Wave RS 110(2009-2010) ĐỎ Tem vàng - A69P*"
64100-KWW-V00ZB,"chữ V nạ, Nắp trên ốp trước Wave RSX 110, Wave RS 110(2009-2010) BẠC Tem Vàng- R313C*"
64100-KWW-V00ZC,"chữ V nạ, Nắp trên ốp trước Wave RSX 110, Wave RS 110(2009-2010) BẠC Tem Đỏ- 411M*"
64100-KWW-V00ZD,"chữ V nạ, Nắp trên ốp trước Wave RSX 110, Wave RS 110(2009-2010) Xám Tem Đỏ trắng- A96P*"
64110-KTM-980,"Chắn gió bàn thờ, tấm chắn đồng hồ Future Neo 125, 125 GT, 125 FI (2005-2008)"
64200-K03-M60ZA,"Mặt Nạ, bộ mặt nạ trước RSX 110cc (2014-2019) Trắng tem đồng-NH55"
64200-K03-M60ZB,"Mặt Nạ, bộ mặt nạ trước RSX 110cc (2014-2019)  cam tem đen"
64200-K03-M60ZC,"Mặt Nạ, bộ mặt nạ trước RSX 110cc (2014-2019) đen tem đồng"
64200-K03-M60ZD,"Mặt Nạ ,bộ mặt nạ trước RSX 110cc (2014-2019) đỏ tem đen"
64200-K03-M60ZE,"Mặt Nạ ,bộ mặt nạ trước RSX 110cc (2014-2015)  đen tem đỏ-NHB25*"
64200-K03-V00ZB,"Mặt Nạ ,bộ mặt nạ trước Wave S110 (2013-2014) Đen thắng Đùm-NHB25*"
64200-K03-V00ZC,"Mặt Nạ ,bộ mặt nạ trước Wave S110 (2013-2014) Đỏ thắng Đùm-R340*"
64200-K03-V10ZA,"Mặt Nạ ,bộ mặt nạ trước Wave S110 (2013-2014) Đen tem Đồng hoa văn-Y208* (mẫu Duxule)"
64200-K03-V10ZB,"Mặt Nạ ,bộ mặt nạ trước Wave S110 (2013-2014) Trắng tem nâu Nho hoa văn-R150*(mẫu Duxule)"
64200-K03-V10ZC,"Mặt Nạ ,bộ mặt nạ trước Wave S110  (2013-2014) Đen tem Đỏ hoa văn-R340*"
64200-K03-V20ZA,"Bộ ốp trước,Mặt Nạ ,bộ mặt nạ trước Wave RS 110cc (2013-2014)Trắng *NHB35*"
64200-K03-V20ZB,"Bộ ốp trước,Mặt Nạ ,bộ mặt nạ trước Wave RS 110cc (2013-2014) ĐEN *NHB25*"
64200-K03-V20ZC,"Bộ ốp trước,bộ mặt nạ trước Wave RS 110cc (2013-2014) ĐỎ*R340*"
64200-K03-V70ZA,"mặt nạ Trước , bộ ốp trước Wave RSX 110 (2010-2012)TRẮNG ngọc -A96P*"
64200-K03-V70ZB,"mặt nạ Trước , bộ ốp trước  Wave RSX 110 (2010-2012) Xanh ngọc - B206M"
64200-K03-V70ZC,"mặt nạ Trước , bộ ốp trước Wave RSX 110 (2010-2012) ĐỎ tem lớn - 340C*"
64200-K03-V70ZD,"mặt nạ Trước , bộ ốp trước Wave RSX 110 (2010-2012) ĐEN tem lớn - A69PC*"
64200-K07-940ZA,"mặt nạ Trước, bộ ốp trước RSX 110cc (2012-2013) vàng đồng 317M*( kiểu siêu nhân)"
64200-K07-940ZB,"mặt nạ Trước, bộ ốp trước RSX 110cc (2012-2013) XÁM tem xanh -A62M*( kiểu siêu nhân)"
64200-K07-940ZC,"mặt nạ Trước, bộ ốp trước RSX 110cc (2012-2013)  TRẮNG tem cam - B35P*( kiểu siêu nhân)"
64200-K07-940ZD,"mặt nạ Trước, bộ ốp trước RSX 110cc (2012-2013) đen tem trắng - B35P*( kiểu siêu nhân)"
64200-K07-940ZE,"mặt nạ Trước, bộ ốp trước RSX 110cc (2012-2013) đỏ tem đen- R340*( kiểu siêu nhân)"
64200-K07-940ZF,"mặt nạ Trước, bộ ốp trước RSX 110cc (2012-2013) Đen tem trắng đỏ - NH69*( kiểu siêu nhân)"
64200-K07-V00ZC,"mặt nạ Trước, bộ ốp trước RSX 110cc (2012-2013) xanh ngọc tem trắng - B35P*( kiểu siêu nhân)"
64200-K57-A00ZB,"mặt nạ Trước, Bộ ốp trước trên Wave Blade 110 (2017-2025) Đỏ tem honda đen -R340P*"
64200-K57-A30ZA,"mặt nạ Trước, Bộ ốp trước trên Wave Blade 110 (2017-2025)  Xanh ngọc tem honda trắng -B189C*"
64200-K57-A30ZB,"mặt nạ Trước, Bộ ốp trước trên Wave Blade 110 (2017-2025) TRẮNG -B55P*"
64200-K57-A30ZC,"mặt nạ Trước, Bộ ốp trước trên Wave Blade 110 (2017-2025) Đỏ tem honda trắng -R340P*"
64200-K57-A30ZD,"mặt nạ Trước, Bộ ốp trước trên Wave Blade 110 (2017-2025) Đen tem honda trắng -B25M*"
64200-K57-A70ZE,"mặt nạ Trước, Bộ ốp trước trên Wave Blade 110 (2017-2025)  Xanh ngọc tem honda đen -B189C*"
64200-K57-A70ZG,"mặt nạ Trước, Bộ ốp trước trên Wave Blade 110 (2017-2025) Đen tem honda đen -B25M*"
64200-K57-V10ZB,"mặt nạ Trước, Bộ ốp trước trên Wave Blade 110 (2014-2015) TRẮNG -B55P*"
64200-K57-V10ZD,"mặt nạ Trước, Bộ ốp trước trên Wave Blade 110 (2014-2015) Đỏ -R340P*"
64200-K57-V10ZF,"mặt nạ Trước, Bộ ốp trước trên Wave Blade 110 (2014-2015)  Xám lông chuột -62M*"
64200-K57-V10ZH,"mặt nạ Trước, Bộ ốp trước trên Wave Blade 110 (2014-2015) Đen bóng -B25M*"
64200-K57-V10ZW,"mặt nạ Trước, Bộ ốp trước trên Wave Blade 110 (2014-2015) CAM -322C*"
64200-K57-V50ZA,"mặt nạ Trước, Bộ ốp trước trên Wave Blade 110 (2015-2016) ĐỎ Tươi (263*) -R322*"
64200-K57-V50ZB,"mặt nạ Trước, Bộ ốp trước trên Wave Blade 110 (2015-2016) Đỏ tem honda đen -R340P*"
64200-K57-V50ZC,"mặt nạ Trước, Bộ ốp trước trên Wave Blade 110 (2015-2016) TRẮNG -B55P*"
64200-K57-V50ZD,"mặt nạ Trước, Bộ ốp trước trên Wave Blade 110 (2015-2016) Đỏ tem honda trắng -R340P*"
64200-K57-V50ZE,"mặt nạ Trước, Bộ ốp trước trên Wave Blade 110 (2015-2016)  Đen bóng -B25M*"
64200-K73-V00ZA,"Bửng trước phải,Bộ ốp yếm phải Future 125 Fi, Future 125 Mập (2016-2018) Xanh đá *PB389*"
64200-K73-V00ZB,"Bửng trước phải,Bộ ốp yếm phải Future 125 Fi, Future 125 Mập (2016-2018) Xám lông chuột *NHA62*"
64200-K73-V00ZC,"Bửng trước phải,Bộ ốp yếm phải Future 125 Fi, Future 125 Mập (2016-2018) Đỏ tươi *R340c*"
64200-K73-V00ZD,"Bửng trước phải,Bộ ốp yếm phải Future 125 Fi, Future 125 Mập (2016-2018) ĐEN tem đỏ *B25M*"
64200-K73-V00ZE,"Bửng trước phải,Bộ ốp yếm phải Future 125 Fi, Future 125 Mập (2016-2018) Màu Nâu *YR303M*"
64200-K73-V00ZF,"Bửng trước phải,Bộ ốp yếm phải Future 125 Fi, Future 125 Mập (2016-2018) ĐEN tem trắng *B25M*"
64200-K73-V40ZD,"Bửng trước phải,Bộ ốp yếm phải Future 125 Fi, Future 125 Mập (2018-2019) Xám lông chuột *NHA62*"
64200-K73-V40ZE,"Bửng trước phải,Bộ ốp yếm phải Future 125 Fi, Future 125 Mập (2018-2019) Đỏ tươi *R340c*"
64200-K73-V40ZF,"Bửng trước phải,Bộ ốp yếm phải Future 125 Fi, Future 125 Mập (2018-2019) ĐEN  *B25M*"
64200-K73-V50ZA,"Bửng trước phải,Bộ ốp yếm phải Future 125 Fi, Future 125 Mập (2018-2019) Màu Nâu *YR303M*"
64200-K73-V50ZB,"Bửng trước phải,Bộ ốp yếm phải Future 125 Fi, Future 125 Mập (2018-2019) Xanh đá *PB389*"
64200-K73-V50ZC,"Bửng trước phải,Bộ ốp yếm phải Future 125 Fi, Future 125 Mập (2018-2019) Đỏ Đô Nho *R350C*"
64200-K73-V50ZD,"Bửng trước phải,Bộ ốp yếm phải Future 125 Fi, Future 125 Mập (2018-2019) Đen Nhám *76M*"
64200-K73-V60ZA,#N/A
64200-K73-V60ZB,#N/A
64200-K73-V70ZA,"Bửng trước phải,Bộ ốp yếm phải Future 125 Fi, Future 125 Mập (2019-2020) TRẮNG *B55P*"
64200-K73-V70ZB,"Bửng trước phải,Bộ ốp yếm phải Future 125 Fi, Future 125 Mập (2019-2020) Màu Nâu *YR303M*"
64200-K73-V70ZC,"Bửng trước phải,Bộ ốp yếm phải Future 125 Fi, Future 125 Mập (2019-2020) Xanh đá *PB389*"
64200-K73-V70ZD,"Bửng trước phải,Bộ ốp yếm phải Future 125 Fi, Future 125 Mập (2019-2020) Đỏ Đô Nho *R350C*"
64200-K73-V70ZE,"Bửng trước phải,Bộ ốp yếm phải Future 125 Fi, Future 125 Mập (2019-2020) Đen Nhám *76M*"
64200-K73-V80ZF,"Bửng trước phải,Bộ ốp yếm phải Future 125 Fi ,Future LED (2020-2021) Đỏ Đô Nho *R350C*"
64200-K73-V80ZJ,"Bửng trước phải,Bộ ốp yếm phải Future 125 Fi ,Future LED (2020-2021)TRẮNG *B55P*"
64200-K73-V80ZK,"Bửng trước phải,Bộ ốp yếm phải Future 125 Fi ,Future LED (2020-2021) BẠC  *B24M*"
64200-K73-V80ZL,"Bửng trước phải,Bộ ốp yếm phải Future 125 Fi ,Future LED (2020-2021) Xanh đá *PB389*"
64200-K73-V80ZM,"Bửng trước phải,Bộ ốp yếm phải Future 125 Fi ,Future LED (2020-2021) Đen Nhám *76M*"
64200-K73-VA0ZA,"Bửng trước phải,Bộ ốp yếm phải Future 125 Fi ,Future LED (2021-2026+) Xanh Nhám *NHC34*"
64200-K73-VA0ZB,"Bửng trước phải,Bộ ốp yếm phải Future 125 Fi ,Future LED (2021-2026+) Đen Nhám *76M*"
64200-K73-VA0ZC,"Bửng trước phải,Bộ ốp yếm phải Future 125 Fi ,Future LED (2021-2026+)TRẮNG *NH193P*"
64200-K73-VA0ZD,"Bửng trước phải,Bộ ốp yếm phải Future 125 Fi ,Future LED (2021-2026+) Đỏ Đô Nho *R350C*"
64200-K73-VA0ZE,"Bửng trước phải,Bộ ốp yếm phải Future 125 Fi ,Future LED (2021-2026+) Xanh đá *PB389*"
64200-K73-VE0ZA,"Bửng trước phải,Bộ ốp yếm phải Future 125 Fi ,Future LED (2021-2026+) Xanh Nhám *NHC34*"
64200-K73-VE0ZB,"Bửng trước phải,Bộ ốp yếm phải Future 125 Fi ,Future LED (2021-2026+) Đen Nhám *76M*"
64200-K73-VE0ZC,"Bửng trước phải,Bộ ốp yếm phải Future 125 Fi ,Future LED (2021-2026+)TRẮNG *B55P*"
64200-K73-VE0ZD,"Bửng trước phải,Bộ ốp yếm phải Future 125 Fi ,Future LED (2021-2026+) Xanh Mực đậm-*B421M*P*"
64200-K73-VE0ZE,"Bửng trước phải,Bộ ốp yếm phải Future 125 Fi ,Future LED (2021-2026+) Xanh đá *PB389**"
64200-K89-V00ZA,"bửng trong phải, bộ ốp yếm phải Wave 110(2017-2023) Màu BẠC-NH411M"
64200-K89-V60ZA,"bửng trong phải, bộ ốp yếm phải Wave 110(2017-2023) Đỏ Tươi  -R263*"
64200-K89-V80ZA,"bửng trong phải, bộ ốp yếm phải Wave 110(2017-2026+)Đen Nhám -A76*"
64200-K89-V90ZA,"bửng trong phải, bộ ốp yếm phải Wave 110(2017-2026+)Đen Bóng -NH1*"
64200-K89-VA0ZA,"bửng trong phải, bộ ốp yếm phải Wave 110(2017-2026+)Đen Nhám -A76*"
64200-K89-VB0ZB,"bửng trong phải, bộ ốp yếm phải Wave 110(2017-2026+) TRẮNG - B55P*"
64200-K89-VD0ZA,"bửng trong phải, bộ ốp yếm phải Wave 110(2017-2026+) Xám xi măng -C60P*"
64200-K89-VD0ZB,"bửng trong phải, bộ ốp yếm phải Wave 110(2017-2026+) Xanh đá đậm *PB408P*"
64200-K90-920ZA,"Bộ ốp trước, Quây mặt nạ lớn phía trước Wave RSX 110cc(2014 - 2016) Trắng-NH55P*"
64200-K90-920ZB,"Bộ ốp trước, Quây mặt nạ lớn phía trước Wave RSX 110cc(2014 - 2016) ĐEN *B25M*"
64200-K90-920ZC," mặt nạ lớn phía trước,Bộ ốp trước  Wave RSX 110cc(2014 - 2016) xanh nhớt Lục-*b142P"
64200-K90-920ZD," mặt nạ lớn phía trước,Bộ ốp trước  Wave RSX 110cc(2014 - 2016) Đỏ  *R340c*"
64200-K90-940ZA,"Bộ ốp trước, Quây mặt nạ lớn phía trước Wave RSX 110cc(2017 - 2019) Trắng-NH55P*"
64200-K90-940ZB,"Bộ ốp trước, Quây mặt nạ lớn phía trước Wave RSX 110cc(2017 - 2019) ĐEN *B25M*"
64200-K90-940ZC," mặt nạ lớn phía trước,Bộ ốp trước  Wave RSX 110cc((2017 - 2019) xanh nhớt Lục-*b142P"
64200-K90-940ZD," mặt nạ lớn phía trước,Bộ ốp trước  Wave RSX 110cc (2017 - 2019) Đỏ  *R340c*"
64200-K90-V00ZB,"mặt nạ lớn phía trước,Bộ ốp trước  Wave  RSX 110cc(2016 - 2017) Trắng  -NH55P*"
64200-K90-V00ZC,"mặt nạ lớn phía trước,Bộ ốp trước  Wave RSX 110cc(2016 - 2017) CAM  YB322C*"
64200-K90-V00ZD," mặt nạ lớn phía trước,Bộ ốp trước  Wave RSX 110cc (2016 - 2017) Đỏ  *R340C*"
64200-K90-V00ZE,"mặt nạ lớn phía trước,Bộ ốp trước  Wave  RSX 110cc(2016 - 2017) XANH ngọc dương -B189*"
64200-K90-V60ZA,"mặt nạ lớn phía trước,Bộ ốp trước  Wave  RSX 110cc(2017 - 2018) Đen Nhám -A76*"
64200-K90-V60ZB,"mặt nạ lớn phía trước,Bộ ốp trước  Wave  RSX 110cc(2017 - 2018) ĐEN *B25M* dùng chung v00za"
64200-K90-V90ZA,"mặt nạ lớn phía trước,Bộ ốp trước  Wave  RSX 110cc(2018 - 2019) Xám đậm -NHB83M"
64200-K90-V90ZB,"Bộ ốp trước, Quây mặt nạ lớn phía trước Wave RSX 110cc(2018 - 2019) Trắng-NH55P*"
64200-K90-V90ZC,"mặt nạ lớn phía trước,Bộ ốp trước  Wave  RSX 110cc(2018 - 2019) Đỏ  *R340C*"
64200-K90-V90ZD,"mặt nạ lớn phía trước,Bộ ốp trước  Wave  RSX 110cc(2018 - 2019) XANH ngọc dương -B189*"
64200-K90-VB0ZA,"mặt nạ lớn phía trước,Bộ ốp trước  Wave  RSX 110cc(2018 - 2019) Xám đậm -NHB83M"
64200-K90-VB0ZB,"mặt nạ lớn phía trước,Bộ ốp trước  Wave  RSX 110cc(2018 - 2019)Trắng-NH55P*"
64200-K90-VB0ZC,"mặt nạ lớn phía trước,Bộ ốp trước  Wave RSX 110cc(2018 - 2019) Đỏ  *R340C*"
64200-K90-VB0ZD,"mặt nạ lớn phía trước,Bộ ốp trước  Wave RSX 110cc(2018 - 2019) XANH ngọc dương -B189*"
64200-K90-VC0ZA,"mặt nạ lớn phía trước,Bộ ốp trước  Wave RSX 110cc(2019 - 2020) Xám xám  Đá -NHB420M*"
64200-K90-VC0ZB,"mặt nạ lớn phía trước,Bộ ốp trước  Wave RSX 110cc(2019 - 2020) Xám đậm -NHB83M"
64200-K90-VC0ZC,"mặt nạ lớn phía trước,Bộ ốp trước  Wave RSX 110cc(2019 - 2020)Trắng-NH55P*"
64200-K90-VC0ZD,"mặt nạ lớn phía trước,Bộ ốp trước  Wave RSX 110cc(2019 - 2020) Đỏ  *R340C*"
64200-K90-VC0ZE,"mặt nạ lớn phía trước,Bộ ốp trước  Wave RSX 110cc(2019 - 2020) XANH ngọc dương -B189*"
64200-K90-VC0ZF,"mặt nạ lớn phía trước,Bộ ốp trước  Wave RSX 110cc(2019 - 2020)  Xám đậm -NHB83M"
64200-K90-VC0ZG,"mặt nạ lớn phía trước,Bộ ốp trước  Wave RSX 110cc(2019 - 2020) Trắng-NH55P*"
64200-K90-VC0ZH,"mặt nạ lớn phía trước,Bộ ốp trước  Wave  RSX 110cc(2019 - 2020) Đỏ  *R340C*"
64200-K90-VC0ZJ,"mặt nạ lớn phía trước,Bộ ốp trước  Wave RSX 110cc(2019 - 2020) XANH ngọc dương -B189*"
64200-K90-VG0ZA,"mặt nạ lớn phía trước,Bộ ốp trước  Wave RSX 110cc(2021 - 2026+) Xám xám  Đá -NHB420M*"
64200-K90-VG0ZB,"mặt nạ lớn phía trước,Bộ ốp trước  Wave RSX 110cc(2021 - 2026+) Trắng-NH55P*"
64200-K90-VG0ZC,"mặt nạ lớn phía trước,Bộ ốp trước  Wave RSX 110cc(2021 - 2026+) Đỏ  *R340C*"
64200-K90-VG0ZD,"mặt nạ lớn phía trước,Bộ ốp trước  Wave RSX 110cc(2021 - 2026+) XANH ngọc dương -B189*"
64200-K90-VG0ZE,"mặt nạ lớn phía trước,Bộ ốp trước  Wave RSX 110cc(2021 - 2026+) Xám đậm -NHB83M"
64200-K90-VG0ZF,"mặt nạ lớn phía trước,Bộ ốp trước  Wave  RSX 110cc(2021 - 2026+) Trắng-NH55P*"
64200-K90-VG0ZG,"mặt nạ lớn phía trước,Bộ ốp trước  Wave  RSX 110cc(2021 - 2026+) Đỏ  *R340C*"
64200-K90-VG0ZH,"mặt nạ lớn phía trước,Bộ ốp trước  Wave RSX 110cc(2021 - 2026+) XANH ngọc dương -B189*"
64200-K90-VK0ZA,"mặt nạ lớn phía trước,Bộ ốp trước  Wave RSX 110cc(2021 - 2026+) Đen Nhám tem xanh -A76*"
64200-K90-VK0ZB,"mặt nạ lớn phía trước,Bộ ốp trước  Wave RSX 110cc(2021 - 2026+) Đen Nhám tem trắng -A76*"
64200-K90-VK0ZC,"mặt nạ lớn phía trước,Bộ ốp trước  Wave RSX 110cc(2021 - 2026+) Đen Nhám tem đỏ -A76*"
64200-K90-VK0ZD,"mặt nạ lớn phía trước,Bộ ốp trước  Wave RSX 110cc(2021 - 2026+) Đen Nhám  -A76*"
64200-K90-VK0ZF,"mặt nạ lớn phía trước,Bộ ốp trước  Wave RSX 110cc(2021 - 2026+) Đen bóng -B389*"
64200-K90-VM0ZA,"mặt nạ lớn phía trước,Bộ ốp trước  Wave RSX 110cc(2021 - 2026+) Đen Nhám  -A76*"
64200-K90-VM0ZB,"mặt nạ lớn phía trước,Bộ ốp trước  Wave RSX 110cc(2021 - 2026+)Đen tem Trắng-NH55P*"
64200-K90-VN0ZA,"mặt nạ lớn phía trước,Bộ ốp trước  Wave RSX 110cc(2021 - 2026+) Đỏ -R389*"
64200-K90-VN0ZB,"mặt nạ lớn phía trước,Bộ ốp trước  Wave RSX 110cc(2021 - 2026+) Đen tem Đỏ-B25M*"
64200-K90-VP0ZA,"mặt nạ lớn phía trước,Bộ ốp trước  Wave RSX 110cc(2021 - 2026+) Xanh đậm tím -B421M*"
64200-K90-VP0ZB,"mặt nạ lớn phía trước,Bộ ốp trước  Wave  RSX 110cc(2021 - 2026+) Trắng tem Xám-NH55P*"
64200-K90-VP0ZC,"mặt nạ lớn phía trước,Bộ ốp trước  Wave  RSX 110cc(2021 - 2026+) Đỏ -R389*"
64200-KRS-860ZA,"Bửng trong phải, bộ ốp yếm phải Wave alpha nhỏ 100cc (2001-2005) Xanh nhớt( lục) có Tem -B142*"
64200-KRS-860ZB,"Bửng trong phải, bộ ốp yếm phải Wave alpha nhỏ 100cc (2001-2005) Xanh Nhạt Ghi -B141M*"
64200-KRS-860ZD,"Bửng trong phải, bộ ốp yếm phải Wave alpha nhỏ 100cc (2001-2005)  Đỏ Đô -R203M*"
64200-KRS-900ZA,"Bửng trong phải, bộ ốp yếm phải Wave alpha nhỏ 100cc (2001-2005) Xanh nhớt( lục) -B142*"
64200-KRS-900ZB,"Bửng trong phải, bộ ốp yếm phải Wave alpha nhỏ 100cc (2001-2005) BẠC -411M*"
64200-KRS-900ZC,"Bửng trong phải, bộ ốp yếm phải Wave alpha nhỏ 100cc (2001-2005) Xanh Ngọc -B305P*"
64200-KRS-900ZK,"Bửng trong phải, bộ ốp yếm phải Wave alpha nhỏ 100cc (2001-2005) Xanh Mực đậm -171MU*"
64200-KTL-640ZA,"Bửng trong phải, bộ ốp yếm phải Wave RS100,Wave (A) cá 100 (2005-2016) BẠC -411M*"
64200-KTL-670ZL,"Bửng trong phải, bộ ốp yếm phải Wave RS100 (2005-2006) cam sepsol -373M*"
64200-KTL-680ZA,"Bửng trong phải, bộ ốp yếm phải Wave RS100,Wave (A) cá 100 (2005-2016) Đen bóng -NH1*"
64200-KTL-780ZA,"Bửng trong phải, bộ ốp yếm phải Wave ZX thắng đĩa (đời 2004-2006) TRẮNG -193P*"
64200-KTL-780ZB,"Bửng trong phải, bộ ốp yếm phải Wave ZX thắng đĩa (đời 2004-2006)  Đỏ Tươi -R263*"
64200-KTL-780ZC,"Bửng trong phải, bộ ốp yếm phải Wave ZX thắng đĩa (đời 2004-2006)  TÍM Cà -P138M*"
64200-KTL-790ZA,#N/A
64200-KTM-900ZE,"Bửng trong phải, bộ ốp yếm phải Future II (125cc)(2004-2005)  TÍM Cà -P138M*"
64200-KTM-900ZF,"Bửng trong phải, bộ ốp yếm phải Future II (125cc)(2004-2005) - ĐỎ -161P*"
64200-KTM-900ZG,"Bửng trong phải, bộ ốp yếm phải Future II (125cc)(2004-2005) Xanh  -107M*"
64200-KTM-900ZH,"Bửng trong phải, bộ ốp yếm phải Future II (125cc)(2004-2005)  TÍM Cà -138M*"
64200-KTM-970ZB,"Bửng trong phải, bộ ốp yếm phải Future Neo 125 (2005-2008) Xanh lá mạ Đĩa-194M*"
64200-KTM-980ZA,"Bửng trong phải, bộ ốp yếm phải Future Neo 125 GT (2005-2008) ĐỎ -R315C*"
64200-KTM-980ZB,"Bửng trong phải, bộ ốp yếm phải Future Neo 125 GT, 125 FI (2005-2008) TRẮNG -193P*"
64200-KVL-940ZA,"Bửng trong phải, bộ ốp yếm phải Future Neo 125 FI (2005-2008) ĐỎ -R315C*"
64200-KVL-940ZB,"Bửng trong phải, bộ ốp yếm phải Future Neo 125 FI (2005-2008) TRẮNG -A96P*"
64200-KVL-940ZC,"Bửng trong phải, bộ ốp yếm phải Future Neo 125 FI (2005-2008) ĐEN -A69P*"
64200-KVL-V00ZA,"Bửng trong phải, bộ ốp yếm phải Future Neo 125 (2005-2008) ĐỎ -R313C*"
64200-KVL-V00ZC,"Bửng trong phải, bộ ốp yếm phải Future Neo 125 (2005-2008) Xanh MỰC-368P*"
64200-KVL-V00ZD,"Bửng trong phải, bộ ốp yếm phải Future Neo 125 (2005-2008) BẠC -411M*"
64200-KVL-V00ZF,"Bửng trong phải, bộ ốp yếm phải Future Neo 125 (2005-2008) ĐEN -A69P*"
64200-KVL-V30ZA,"Bửng trong phải, bộ ốp yếm phải Future Neo 125 Fi (2007-2008) ĐỎ -R313C*"
64200-KVL-V30ZE,"Bửng trong phải, bộ ốp yếm phải Future Neo 125 FI (2007-2008) ĐEN -A69P*"
64200-KVR-970ZA,"Bửng trong phải, bộ ốp yếm phải Wave S100 (2005-2006) XÁM ghi -A62M"
64200-KVR-V60ZA,"Bửng trong phải, bộ ốp yếm phải Wave RSX 100 (2007-2008) Xanh Mực-B383M*( đời mắt phượng)"
64200-KVR-V60ZB,"Bửng trong phải, bộ ốp yếm phải Wave RSX 100 (2007-2008) Đỏ -R315P*( đời mắt phượng)"
64200-KVR-V60ZC,"Bửng trong phải, bộ ốp yếm phải Wave RSX 100 (2007-2008) TRẮNG -A96P*( đời mắt phượng)"
64200-KVR-V60ZD,"Bửng trong phải, bộ ốp yếm phải Wave RSX 100 (2007-2008) Xanh Ngọc-B206M*( đời mắt phượng)"
64200-KVR-V80ZA,"Bửng trong phải, bộ ốp yếm phải Wave RSX 100 (2007-2008)  Rsx 100 repsol *PB383M*"
64200-KWW-B10ZE,"mặt nạ, ốp trước  Wave RS 110(2009-2010) Đỏ tươi - R263"
64200-KWW-B10ZG,"mặt nạ, ốp trước  Wave RS 110(2009-2010) Xanh ngọc - B206M"
64200-KWW-B10ZH,"mặt nạ, ốp trước  Wave RS 110(2009-2010) Xanh Ngọc- 203M*"
64200-KWW-B20ZC,"mặt nạ, ốp trước  Wave S110(2009-2011) Xanh Mực - B373M*"
64200-KWW-C80ZA,"mặt nạ, ốp trước  Wave S110(2010-2011) BẠC- 411M*"
64200-KWW-C80ZB,"mặt nạ, ốp trước  Wave S110(2010-2011) Xanh Mực - B373M*"
64200-KWW-C80ZC,"mặt nạ, ốp trước  Wave S110(2009-2011) Đen bóng- 25M*"
64200-KWW-C80ZD,"mặt nạ, ốp trước  Wave S110(2010-2011) ĐỎ - 340C*"
64200-KWW-E00ZD,"mặt nạ, ốp trước  Wave RS 110(2010-2013) Đỏ tươi tem xọc - R263"
64200-KWW-E20ZA,"mặt nạ, ốp trước  Wave S 110(2012-2013) Trắng Mỏ chu - B35*"
64200-KWW-E20ZB,"mặt nạ, ốp trước  Wave S110(2012-2013) BẠC mỏ chu- 411M*"
64200-KWW-E20ZC,"mặt nạ, ốp trước  Wave S110(2012-2013) Xanh Mực mỏ chu - B373M*"
64200-KWW-E20ZD,"mặt nạ, ốp trước  Wave S110(2012-2013) Đen mỏ chu- 25M*"
64200-KWW-E20ZE,"mặt nạ, ốp trước  Wave S110(2012-2013)  ĐỎ mỏ chu - 340C*"
64200-KWW-M00ZA,"mặt nạ, ốp trước  Wave S110(2011-2013)  ĐỎ tem hoa văn  - R340B*"
64200-KWW-M00ZB,"mặt nạ, ốp trước  Wave S110(2011-2013)  Trắng tem hoa văn  - B35B*"
64200-KWW-V01ZA,"mặt nạ, ốp trước  Wave RSX 110(2009-2010) Đen bóng- A69M*"
64200-KWW-V01ZB,"mặt nạ, ốp trước  Wave RSX 110(2009-2010)  ĐỎ - 313C*"
64200-KWW-V01ZC,"mặt nạ, ốp trước  Wave RSX 110(2009-2010) Xanh ngọc - B206M"
64200-KWW-V01ZD,"mặt nạ, ốp trước  Wave RSX 110(2009-2010) TRẮNG -A96P"
64200-KYL-700ZA,#N/A
64200-KYL-700ZC,#N/A
64200-KYL-720ZB,#N/A
64200-KYL-720ZC,#N/A
64200-KYL-840ZA,"Bửng trong phải, bộ ốp yếm phải Future X FI (2010-2011) XÁM ghi-A62M"
64200-KYL-840ZC,"Bửng trong phải, bộ ốp yếm phải Future X FI (2010-2011) TRẮNG -A96P*"
64200-KYL-840ZD,"Bửng trong phải, bộ ốp yếm phải Future X FI (2010-2011) ĐỎ - 340C*"
64200-KYL-860ZD,"Bửng trong phải, bộ ốp yếm phải Future X (2010-2011) ĐỎ - 340C*"
64200-KYL-860ZE,#N/A
64200-KYL-900ZA,"Bửng trong phải, bộ ốp yếm phải Future 125 FI (2008-2009) XÁM Đen -A69P"
64200-KYL-900ZD,"Bửng trong phải, bộ ốp yếm phải Future 125 FI (2008-2009) ĐỎ - 313C*"
64200-KYL-900ZE,"Bửng trong phải, bộ ốp yếm phải Future 125 FI (2008-2009) TRẮNG -A96P"
64200-KYL-920ZA,"Bửng trong phải, bộ ốp yếm phải Future 125- bình xăng (2008-2010) XÁM Đen -A69P"
64200-KYL-920ZB,"Bửng trong phải, bộ ốp yếm phải Future 125- bình xăng (2008-2010) ĐỎ - 313C*"
64200-KYL-920ZD,"Bửng trong phải, bộ ốp yếm phải Future 125- bình xăng (2008-2010) Xanh ngọc - B206M"
64200-KYZ-G00ZA,"Bửng trước phải,Bộ ốp yếm phải Future 125, Future 125 Fi, Future 125 Mập (2015-2016) ĐEN -A69P"
64200-KYZ-G00ZB,"Bửng trước phải,Bộ ốp yếm phải Future 125, Future 125 Fi, Future 125 Mập (2015-2016) Đỏ tem cam- 340C*"
64200-KYZ-G00ZC,"Bửng trước phải,Bộ ốp yếm phải Future 125, Future 125 Fi, Future 125 Mập (2015-2016) ĐEN tem đỏ -A69P"
64200-KYZ-G00ZD,"Bửng trước phải,Bộ ốp yếm phải Future 125, Future 125 Fi, Future 125 Mập (2015-2016) Đỏ tem xám -A69P"
64200-KYZ-G00ZE,"Bửng trước phải,Bộ ốp yếm phải Future 125, Future 125 Fi, Future 125 Mập (2015-2016) ĐEN tem trắng bạc -A69P"
64200-KYZ-V00ZB,"Bửng trước phải,Bộ ốp yếm phải Future 125,Future 125 Mập (2011-2013) Xanh mực *B373*"
64200-KYZ-V00ZD,"Bửng trước phải,Bộ ốp yếm phải Future 125, Future 125 Mập (2011-2013) Trắng -NH35P* bình xăng con"
64200-KYZ-V00ZE,"Bửng trước phải,Bộ ốp yếm phải Future 125, Future 125 Mập (2011-2013)  Nâu *Y303M* bình xăng con"
64200-KYZ-V00ZF,"Bửng trước phải,Bộ ốp yếm phải Future 125, Future 125 Mập (2011-2013)ĐEN -A69P* bình xăng con"
64200-KYZ-V00ZL,"Bửng trước phải,Bộ ốp yếm phải Future 125, Future 125 Mập (2011-2013) ĐỎ -340C* bình xăng con"
64200-KYZ-V20ZA,"Bửng trước phải,Bộ ốp yếm phải Future 125,Future 125 Mập (2011-2013) Xanh mực *B373*"
64200-KYZ-V20ZC,"Bửng trước phải,Bộ ốp yếm phải Future 125,Future 125 Mập (2011-2013)Trắng -NH35P* bình xăng con"
64200-KYZ-V20ZD,"Bửng trước phải,Bộ ốp yếm phải Future 125,Future 125 Mập (2011-2013) Nâu *Y303M* bình xăng con"
64200-KYZ-V20ZE,"Bửng trước phải,Bộ ốp yếm phải Future 125,Future 125 Mập (2011-2013) ĐEN -A69P* bình xăng con"
64200-KYZ-V20ZF,"Bửng trước phải,Bộ ốp yếm phải Future 125,Future 125 Mập (2011-2013) ĐỎ -340C* bình xăng con"
64200-KYZ-V60ZA,"Bửng trước phải,Bộ ốp yếm phải Future 125,Future 125 Mập (2013-2015) XÁM -A62* bình xăng con"
64200-KYZ-V60ZB,"Bửng trước phải,Bộ ốp yếm phải Future 125,Future 125 Mập (2013-2015)  ĐỎ -340C* bình xăng con"
64200-KYZ-V60ZC,"Bửng trước phải,Bộ ốp yếm phải Future 125,Future 125 Mập (2013-2015) ĐEN tem đỏ -P25K* bình xăng con"
64200-KYZ-V60ZD,"Bửng trước phải,Bộ ốp yếm phải Future 125,Future 125 Mập (2013-2015) Nâu *Y303M* bình xăng con"
64200-KYZ-V60ZE,"Bửng trước phải,Bộ ốp yếm phải Future 125,Future 125 Mập (2013-2015) ĐEN tem vàng -B25E** bình xăng con"
64200-KYZ-V70ZA,"Bửng trước phải,Bộ ốp yếm phải Future 125 Fi,Future 125 Fi Mập (2013-2015) XÁM -A62* "
64200-KYZ-V70ZB,"Bửng trước phải,Bộ ốp yếm phải Future 125 Fi,Future 125 Fi Mập (2013-2015) ĐỎ -340C*"
64200-KYZ-V70ZC,"Bửng trước phải,Bộ ốp yếm phải Future 125 Fi,Future 125 Fi Mập (2013-2015) ĐEN tem đỏ-B25K*"
64200-KYZ-V70ZD,"Bửng trước phải,Bộ ốp yếm phải Future 125 Fi,Future 125 Fi Mập (2013-2015) Nâu *Y303M* "
64200-KYZ-V70ZE,"Bửng trước phải,Bộ ốp yếm phải Future 125 Fi,Future 125 Fi Mập (2013-2015) ĐEN tem vàng-B25E*"
64223-K1N-V00,Giá bắt mặt nạ trước
64250-K1F-V10ZA,#N/A
64250-K73-V00ZA,"Bửng trước Trái,Bộ ốp yếm Trái Future 125 Fi, Future 125 Mập (2016-2018) Xanh đá *PB389*"
64250-K73-V00ZB,"Bửng trước Trái,Bộ ốp yếm Trái Future 125 Fi, Future 125 Mập (2016-2018) Xám lông chuột *NHA62*"
64250-K73-V00ZC,"Bửng trước Trái,Bộ ốp yếm Trái Future 125 Fi, Future 125 Mập (2016-2018) Đỏ tươi *R340c*"
64250-K73-V00ZD,"Bửng trước Trái,Bộ ốp yếm Trái Future 125 Fi, Future 125 Mập (2016-2018) ĐEN tem đỏ *B25M*"
64250-K73-V00ZE,"Bửng trước Trái,Bộ ốp yếm Trái Future 125 Fi, Future 125 Mập (2016-2018) Màu Nâu *YR303M*"
64250-K73-V00ZF,"Bửng trước Trái,Bộ ốp yếm Trái Future 125 Fi, Future 125 Mập (2016-2018) ĐEN tem trắng *B25M*"
64250-K73-V40ZD,"Bửng trước Trái,Bộ ốp yếm Trái Future 125 Fi, Future 125 Mập (2018-2019) Xám lông chuột *NHA62*"
64250-K73-V40ZE,"Bửng trước Trái,Bộ ốp yếm Trái Future 125 Fi, Future 125 Mập (2018-2019) Đỏ tươi *R340c*"
64250-K73-V40ZF,"Bửng trước Trái,Bộ ốp yếm Trái Future 125 Fi, Future 125 Mập (2018-2019) ĐEN  *B25M*"
64250-K73-V50ZA,"Bửng trước Trái,Bộ ốp yếm Trái Future 125 Fi, Future 125 Mập (2018-2019) Màu Nâu *YR303M*"
64250-K73-V50ZB,"Bửng trước Trái,Bộ ốp yếm Trái Future 125 Fi, Future 125 Mập (2018-2019) Xanh đá *PB389*"
64250-K73-V50ZC,"Bửng trước Trái,Bộ ốp yếm Trái Future 125 Fi, Future 125 Mập (2018-2019) Đỏ Đô Nho *R350C*"
64250-K73-V50ZD,"Bửng trước Trái,Bộ ốp yếm Trái Future 125 Fi, Future 125 Mập (2018-2019) Đen Nhám *76M*"
64250-K73-V60ZA,"Bửng trướcTrái,Bộ ốp yếm Trái Future 125 Fi, Future 125 Mập (2019-2020) ĐỎ *340C*"
64250-K73-V70ZA,"Bửng trướcTrái,Bộ ốp yếm Trái Future 125 Fi, Future 125 Mập (2019-2020) TRẮNG *B55P*"
64250-K73-V70ZB,"Bửng trước Trái,Bộ ốp yếm Trái Future 125 Fi, Future 125 Mập (2019-2020) Màu Nâu *YR303M*"
64250-K73-V70ZC,"Bửng trước Trái,Bộ ốp yếm Trái Future 125 Fi, Future 125 Mập (2019-2020) Xanh đá *PB389*"
64250-K73-V70ZD,"Bửng trướcTrái,Bộ ốp yếm Trái Future 125 Fi, Future 125 Mập (2019-2020) Đỏ Đô Nho *R350C*"
64250-K73-V70ZE,"Bửng trước Trái,Bộ ốp yếm Trái Future 125 Fi, Future 125 Mập (2019-2020) Đen Nhám *76M*"
64250-K73-V80ZF,"Bửng trước Trái,Bộ ốp yếm Trái Future 125 Fi ,Future LED (2020-2021) Đỏ Đô Nho *R350C*"
64250-K73-V80ZH,"Bửng trước Trái,Bộ ốp yếm Trái Future 125 Fi ,Future LED (2020-2021)TRẮNG *B55P*"
64250-K73-V80ZJ,"Bửng trước Trái,Bộ ốp yếm Trái Future 125 Fi ,Future LED (2020-2021) BẠC  *B24M*"
64250-K73-V80ZK,"Bửng trước Trái,Bộ ốp yếm Tráii Future 125 Fi ,Future LED (2020-2021) Xanh đá *PB389*"
64250-K73-V80ZL,"Bửng trước Trái,Bộ ốp yếm Trái Future 125 Fi ,Future LED (2020-2021) Đen Nhám *76M*"
64250-K73-VA0ZA,"Bửng trước Trái,Bộ ốp yếm Trái Future 125 Fi ,Future LED (2021-2026+) Xanh Nhám *NHC34*"
64250-K73-VA0ZB,"Bửng trước Trái,Bộ ốp yếm Trái Future 125 Fi ,Future LED (2021-2026+) Đen Nhám *76M*"
64250-K73-VA0ZC,"Bửng trước Trái,Bộ ốp yếm Trái Future 125 Fi ,Future LED (2021-2026+)TRẮNG *NH193P*"
64250-K73-VA0ZD,"Bửng trước Trái,Bộ ốp yếm Tráii Future 125 Fi ,Future LED (2021-2026+) Đỏ Đô Nho *R350C*"
64250-K73-VA0ZE,"Bửng trước Trái,Bộ ốp yếm Trái Future 125 Fi ,Future LED (2021-2026+) Xanh đá *PB389*"
64250-K73-VE0ZA,"Bửng trước Trái,Bộ ốp yếm Trái Future 125 Fi ,Future LED (2021-2026+) Xanh Nhám *NHC34*"
64250-K73-VE0ZB,"Bửng trước Trái,Bộ ốp yếm Trái Future 125 Fi ,Future LED (2021-2026+) Đen Nhám *76M*"
64250-K73-VE0ZC,"Bửng trước Trái,Bộ ốp yếm Trái Future 125 Fi ,Future LED (2021-2026+)TRẮNG *B55P*"
64250-K73-VE0ZD,"Bửng trước Trái,Bộ ốp yếm Trái Future 125 Fi ,Future LED (2021-2026+) Xanh Mực đậm-*B421M*P*"
64250-K73-VE0ZE,"Bửng trước Trái,Bộ ốp yếm Trái Future 125 Fi ,Future LED (2021-2026+) Xanh đá *PB389**"
64250-K89-V00ZA,"bửng trong Trái, bộ ốp yếm Trái Wave 110(2017-2023) Màu BẠC-NH411M"
64250-K89-V60ZA,"bửng trong Trái, bộ ốp yếm Trái Wave 110(2017-2023) Đỏ Tươi  -R263*"
64250-K89-V80ZA,"bửng trong Trái, bộ ốp yếm Trái Wave 110(2017-2026+)Đen Nhám -A76*"
64250-K89-V90ZA,"bửng trong Trái, bộ ốp yếmTrái Wave 110(2017-2026+)Đen Bóng -NH1*"
64250-K89-VA0ZA,"bửng trong Trái, bộ ốp yếm Trái Wave 110(2017-2026+)Đen Nhám -A76*"
64250-K89-VB0ZB,"bửng trong Trái, bộ ốp yếm Trái Wave 110(2017-2026+) TRẮNG - B55P*"
64250-K89-VD0ZA,"bửng trong Trái, bộ ốp yếm Trái Wave 110(2017-2026+) Xám xi măng -C60P*"
64250-K89-VD0ZB,"bửng trong Trái, bộ ốp yếm Trái Wave 110(2017-2026+) Xanh đá đậm *PB408P*"
64250-KRS-860ZE,"Bửng trong Trái, bộ ốp yếm Trái Wave alpha nhỏ 100cc (2001-2005)  Đỏ Đô -R203M*"
64250-KRS-860ZG,"Bửng trong Trái, bộ ốp yếm Trái Wave alpha nhỏ 100cc (2001-2005) Xanh Nhạt Ghi -B141M*"
64250-KRS-900ZA,"Bửng trongTrái, bộ ốp yếm Trái Wave alpha nhỏ 100cc (2001-2005) Xanh nhớt( lục) có Tem -B142*"
64250-KRS-900ZB,"Bửng trong Trái, bộ ốp yếm Trái Wave alpha nhỏ 100cc (2001-2005) BẠC -411M*"
64250-KRS-900ZC,"Bửng trongTrái, bộ ốp yếm Trái Wave alpha nhỏ 100cc (2001-2005) Xanh Ngọc -B305P*"
64250-KRS-900ZK,"Bửng trong Trái, bộ ốp yếm Trái Wave alpha nhỏ 100cc (2001-2005) Xanh Mực đậm -171MU*"
64250-KTL-640ZA,"Bửng trongTrái, bộ ốp yếm Trái Wave RS100,Wave (A) cá 100 (2005-2016) BẠC -411M*"
64250-KTL-670ZL,"Bửng trong Trái, bộ ốp yếm Trái Wave RS100 (2005-2006) cam sepsol -373M*"
64250-KTL-680ZA,"Bửng trong Trái, bộ ốp yếm Trái Wave RS100,Wave (A) cá 100 (2005-2016) Đen bóng -NH1*"
64250-KTL-780ZA,"Bửng trong Trái, bộ ốp yếm Trái Wave ZX thắng đĩa (đời 2004-2006) TRẮNG -193P*"
64250-KTL-780ZB,"Bửng trong Trái, bộ ốp yếm Trái Wave ZX thắng đĩa (đời 2004-2006)  Đỏ Tươi -R263*"
64250-KTL-780ZC,"Bửng trong Trái, bộ ốp yếm Trái Wave ZX thắng đĩa (đời 2004-2006)  TÍM Cà -P138M*"
64250-KTL-790ZA,#N/A
64250-KTM-900ZE,"Bửng trong Trái, bộ ốp yếm Trái Wave ZX thắng đĩa (đời 2004-2006)  TÍM Cà -P138M*"
64250-KTM-900ZF,"Bửng trong Trái, bộ ốp yếm Trái Future II (125cc)(2004-2005) - ĐỎ -161P*"
64250-KTM-900ZG,"Bửng trong Trái, bộ ốp yếm Trái Future II (125cc)(2004-2005) Xanh  -107M*"
64250-KTM-900ZH,"Bửng trong Trái, bộ ốp yếm Trái Future II (125cc)(2004-2005)  TÍM Cà -138M*"
64250-KTM-970ZB,"Bửng trong Trái, bộ ốp yếm Trái Future Neo 125 (2005-2008) Xanh lá mạ Đĩa-194M*"
64250-KTM-980ZA,"Bửng trong Trái, bộ ốp yếm Trái Future Neo 125 GT (2005-2008) ĐỎ -R315C*"
64250-KTM-980ZB,"Bửng trong Trái, bộ ốp yếm Trái Future Neo 125 GT, 125 FI (2005-2008) TRẮNG -193P*"
64250-KVL-940ZA,"Bửng trong Trái, bộ ốp yếm Trái Future Neo 125 FI (2005-2008) ĐỎ -R315C*"
64250-KVL-940ZB,"Bửng trong Trái, bộ ốp yếm Trái Future Neo 125 FI (2005-2008) TRẮNG -A96P*"
64250-KVL-940ZC,"Bửng trong Trái, bộ ốp yếm Trái Future Neo 125 FI (2005-2008) ĐEN -A69P*"
64250-KVL-V00ZA,"Bửng trong Trái, bộ ốp yếm Trái Future Neo 125 (2005-2008) ĐỎ -R313C*"
64250-KVL-V00ZC,"Bửng trong Trái, bộ ốp yếm Trái Future Neo 125 (2005-2008) Xanh MỰC-368P*"
64250-KVL-V00ZD,"Bửng trong Trái, bộ ốp yếm Trái Future Neo 125 (2005-2008) BẠC -411M*"
64250-KVL-V00ZF,"Bửng trong Trái, bộ ốp yếm Trái Future Neo 125 (2005-2008) ĐEN -A69P*"
64250-KVL-V30ZA,"Bửng trong Trái, bộ ốp yếm Trái Future Neo 125 Fi (2007-2008) ĐỎ -R313C*"
64250-KVL-V30ZE,"Bửng trong Trái, bộ ốp yếm Trái Future Neo 125 FI (2007-2008) ĐEN -A69P*"
64250-KVR-970ZA,"Bửng trong Trái, bộ ốp yếm Trái Wave S100 (2005-2006) XÁM ghi -A62M"
64250-KVR-V60ZA,"Bửng trong Trái, bộ ốp yếm Trái Wave RSX 100 (2007-2008) Xanh Mực-B383M*( đời mắt phượng)"
64250-KVR-V60ZB,"Bửng trong Trái, bộ ốp yếm Trái Wave RSX 100 (2007-2008) Đỏ -R315P*( đời mắt phượng)"
64250-KVR-V60ZC,"Bửng trongTrái, bộ ốp yếm Trái Wave RSX 100 (2007-2008) TRẮNG -A96P*( đời mắt phượng)"
64250-KVR-V60ZD,"Bửng trong Trái, bộ ốp yếm Trái Wave RSX 100 (2007-2008) Xanh Ngọc-B206M*( đời mắt phượng)"
64250-KVR-V80ZA,"Bửng trong Trái, bộ ốp yếm Trái Wave RSX 100 (2007-2008)  Rsx 100 repsol *PB383M*"
64250-KWY-A00ZA,"Bửng trong Trái, bộ ốp yếm Trái Wave RS100,Wave (A) cá 100 (2005-2016) BẠC -411M*"
64250-KYL-700ZA,#N/A
64250-KYL-700ZC,Bộ ốp yếm trái *NHB25M*
64250-KYL-720ZB,Bộ ốp yếm trái *R340C*
64250-KYL-840ZA,"Bửng trong Trái, bộ ốp yếm Trái Future X FI (2010-2011) XÁM ghi-A62M"
64250-KYL-840ZC,"Bửng trong Trái, bộ ốp yếm Trái Future X FI (2010-2011) TRẮNG -A96P*"
64250-KYL-840ZD,"Bửng trongTrái,  bộ ốp yếm Trái Future X FI (2010-2011) ĐỎ - 340C*"
64250-KYL-860ZD,"Bửng trong Trái, bộ ốp yếm Trái Future X (2010-2011) ĐỎ - 340C*"
64250-KYL-900ZA,"Bửng trong Trái, bộ ốp yếm Trái Future 125 FI (2008-2009) XÁM Đen -A69P"
64250-KYL-900ZD,"Bửng trong Trái, bộ ốp yếm Trái Future 125 FI (2008-2009) ĐỎ - 313C*"
64250-KYL-900ZE,"Bửng trong Trái, bộ ốp yếm Trái Future 125 FI (2008-2009) TRẮNG -A96P"
64250-KYL-920ZA,"Bửng trongTrái, bộ ốp yếm Trái Future 125- bình xăng (2008-2010) XÁM Đen -A69P"
64250-KYL-920ZB,"Bửng trong Trái, bộ ốp yếm Trái  Future 125- bình xăng (2008-2010) ĐỎ - 313C*"
64250-KYL-920ZD,"Bửng trong Trái, bộ ốp yếm Trái  Future 125- bình xăng (2008-2010) Xanh ngọc - B206M"
64250-KYZ-G00ZA,"Bửng trướcTrái, Bộ ốp yếm Trái Future 125, Future 125 Fi, Future 125 Mập (2015-2016) ĐEN -A69P"
64250-KYZ-G00ZB,"Bửng trước Trái, Bộ ốp yếm Trái Future 125, Future 125 Fi, Future 125 Mập (2015-2016) Đỏ tem cam- 340C*"
64250-KYZ-G00ZC,"Bửng trướcTrái, Bộ ốp yếm Trái Future 125, Future 125 Fi, Future 125 Mập (2015-2016) ĐEN tem đỏ -A69P"
64250-KYZ-G00ZD,"Bửng trướcTrái, Bộ ốp yếm Trái Future 125, Future 125 Fi, Future 125 Mập (2015-2016) Đỏ tem xám -A69P"
64250-KYZ-G00ZE,"Bửng trước Trái, Bộ ốp yếm Trái Future 125, Future 125 Fi, Future 125 Mập (2015-2016) ĐEN tem trắng bạc -A69P"
64250-KYZ-V00ZB,"Bửng trướcTrái, Bộ ốp yếm Trái Future 125,Future 125 Mập (2011-2013) Xanh mực *B373*"
64250-KYZ-V00ZD,"Bửng trước Trái, Bộ ốp yếm Trái Future 125, Future 125 Mập (2011-2013) Trắng -NH35P* bình xăng con"
64250-KYZ-V00ZE,"Bửng trướcTrái, Bộ ốp yếm Trái  Future 125, Future 125 Mập (2011-2013)  Nâu *Y303M* bình xăng con"
64250-KYZ-V00ZF,"Bửng trước Trái, Bộ ốp yếm Trái  Future 125, Future 125 Mập (2011-2013)ĐEN -A69P* bình xăng con"
64250-KYZ-V00ZL,"Bửng trướcTrái, Bộ ốp yếm Trái  Future 125, Future 125 Mập (2011-2013) ĐỎ -340C* bình xăng con"
64250-KYZ-V20ZA,"Bửng trước Trái, Bộ ốp yếmTrái  Future 125,Future 125 Mập (2011-2013) Xanh mực *B373*"
64250-KYZ-V20ZC,"Bửng trước Trái, Bộ ốp yếm Trái  Future 125,Future 125 Mập (2011-2013)Trắng -NH35P* bình xăng con"
64250-KYZ-V20ZD,"Bửng trước Trái, Bộ ốp yếm Trái  Future 125,Future 125 Mập (2011-2013) Nâu *Y303M* bình xăng con"
64250-KYZ-V20ZE,"Bửng trước Trái, Bộ ốp yếm Trái  Future 125,Future 125 Mập (2011-2013) ĐEN -A69P* bình xăng con"
64250-KYZ-V20ZF,"Bửng trước Trái, Bộ ốp yếmTrái  Future 125,Future 125 Mập (2011-2013) ĐỎ -340C* bình xăng con"
64250-KYZ-V60ZA,"Bửng trước Trái, Bộ ốp yếm Trái  Future 125,Future 125 Mập (2013-2015) XÁM -A62* bình xăng con"
64250-KYZ-V60ZB,"Bửng trước Trái, Bộ ốp yếm Trái  Future 125,Future 125 Mập (2013-2015)  ĐỎ -340C* bình xăng con"
64250-KYZ-V60ZC,"Bửng trước Trái, Bộ ốp yếm Trái  Future 125,Future 125 Mập (2013-2015) ĐEN tem đỏ -P25K* bình xăng con"
64250-KYZ-V60ZD,"Bửng trước Trái, Bộ ốp yếm Trái  Future 125,Future 125 Mập (2013-2015) Nâu *Y303M* bình xăng con"
64250-KYZ-V60ZE,"Bửng trước Trái, Bộ ốp yếm Trái  Future 125,Future 125 Mập (2013-2015) ĐEN tem vàng -B25E** bình xăng con"
64250-KYZ-V70ZA,"Bửng trướcTrái, Bộ ốp yếm Trái  Future 125 Fi,Future 125 Fi Mập (2013-2015) XÁM -A62* "
64250-KYZ-V70ZB,"Bửng trước Trái, Bộ ốp yếmTrái  Future 125 Fi,Future 125 Fi Mập (2013-2015) ĐỎ -340C*"
64250-KYZ-V70ZC,"Bửng trướcTrái, Bộ ốp yếm Trái  Future 125 Fi,Future 125 Fi Mập (2013-2015) ĐEN tem đỏ-B25K*"
64250-KYZ-V70ZD,"Bửng trước Trái, Bộ ốp yếm Trái  Future 125 Fi,Future 125 Fi Mập (2013-2015) Nâu *Y303M* "
64250-KYZ-V70ZE,"Bửng trướcTrái, Bộ ốp yếm Trái  Future 125 Fi,Future 125 Fi Mập (2013-2015) ĐEN tem vàng-B25E*"
64300-GGE-900ZA,"(Nạ )bộ mặt nạ trước Lead 110, SCR 110 (2008-2012) ĐEN Bóng-NHA69P"
64300-GGE-900ZB,"(Nạ )bộ mặt nạ trước Lead 110, SCR 110 (2008-2012) TRẮNG ngọc trai - B96P*"
64300-GGE-900ZC,"(Nạ )bộ mặt nạ trước Lead 110, SCR 110 (2008-2012)  màu Đỏ  *R313*"
64300-GGE-900ZD,"(Nạ )bộ mặt nạ trước Lead 110, SCR 110 (2008-2012)  BẠC -NH411M*"
64300-GGE-900ZH,"(Nạ )bộ mặt nạ trước Lead 110, SCR 110 (2008-2012) màu Đỏ  *R340*"
64300-GGE-900ZJ,"(Nạ )bộ mặt nạ trước Lead 110, SCR 110 (2008-2012) NÂU-R303M"
64300-GGE-900ZK,"(Nạ )bộ mặt nạ trước Lead 110, SCR 110 (2008-2012) ĐỒNG -Y208M"
64300-GGE-900ZL,"(Nạ )bộ mặt nạ trước Lead 110, SCR 110 (2008-2012) TRẮNG đục - B35P*"
64300-GGE-900ZM,"(Nạ )bộ mặt nạ trước Lead 110, SCR 110 (2008-2012) Đỏ sẫm đô nho - 350C"
64300-GGE-900ZN,"(Nạ )bộ mặt nạ trước Lead 110, SCR 110 (2008-2012)  Xanh Ngọc-B203M"
64300-GGE-910ZB,"(Nạ )bộ mặt nạ trước Lead 110, SCR 110 (2008-2012)  Vàng KEM -R299P*"
64300-K01-900ZD,(Nạ )bộ mặt nạ trướcSH 125/150 (2012-2016) TRẮNG- B35P*
64300-K03-V70ZA,"bửng phải , ốp yếm phải Wave RSX 110 (2010-2012) TRẮNG ngọc -A96P*"
64300-K03-V70ZB,"bửng phải , ốp yếm phải Wave RSX 110 (2010-2012) Xanh ngọc - B206M"
64300-K03-V70ZC,"bửng phải , ốp yếm phải Wave RSX 110 (2010-2012)  ĐỎ - 340C*"
64300-K03-V70ZD,"bửng phải , ốp yếm phải Wave RSX 110 (2010-2012) ĐEN Bóng - A69PC*"
64300-K0R-V00ZA,(Nạ) bộ mặt nạ trước SH 125/150/160 (2020-2025) Đỏ Đô nho *R368*
64300-K0R-V00ZC,#N/A
64300-K0R-V00ZD,(Nạ) bộ mặt nạ trước SH 125/150/160 (2020-2025) Trắng *NHB35*
64300-K0R-V00ZE,(Nạ) bộ mặt nạ trước SH 125/150/160 (2020-2025)  Đen Nhám-*NHA76*
64300-K0R-V00ZF,(Nạ) bộ mặt nạ trước SH 125/150/160 (2020-2025) Xám xi Măng-C60*
64300-K12-900ZA,(Nạ) bộ ốp mặt nạ trước Lead 125 (2013-2016) Vàng Đồng -208M*
64300-K12-900ZB,(Nạ) bộ ốp mặt nạ trước Lead 125 (2013-2016) NÂU -303M
64300-K12-900ZC,(Nạ) bộ ốp mặt nạ trước Lead 125 (2013-2016) Vàng Kem -299P
64300-K12-900ZD,(Nạ) bộ ốp mặt nạ trước Lead 125 (2013-2016)  Đỏ Đô -350C
64300-K12-900ZF,(Nạ) bộ ốp mặt nạ trước Lead 125 (2013-2016) XANH Mực- 390M
64300-K12-900ZG,(Nạ) bộ ốp mặt nạ trước Lead 125 (2013-2016) TRẮNG Đục- 35P*
64300-K12-900ZH,(Nạ) bộ ốp mặt nạ trước Lead 125 (2013-2016)  Đen Bóng - 25M*
64300-K12-900ZL,(Nạ) bộ ốp mặt nạ trước Lead 125 (2013-2016) XÁM Ghi-B50M*
64300-K12-900ZM,(Nạ) bộ ốp mặt nạ trước Lead 125 (2013-2016) màu đồng nhạt *Y183M*
64300-K12-900ZP,(Nạ) bộ ốp mặt nạ trước Lead 125 (2013-2016) BẠC Nhám -B18M*
64300-K12-V00ZC,#N/A
64300-K12-V00ZE,(Nạ) bộ ốp mặt nạ trước Lead 125 (2013-2017) BẠC Nhám -B18M*
64300-K12-V00ZH,(Nạ) bộ ốp mặt nạ trước Lead 125 (2013-2017) Đỏ Đô đậm -R368*
64300-K12-V20ZH,(Nạ) bộ ốp mặt nạ trước Lead 125 (2018-2019) ĐEN Bóng- 25M*
64300-K12-V20ZJ,(Nạ) bộ ốp mặt nạ trước Lead 125  (2018-2019) Đỏ Đô nho- 350c*
64300-K12-V20ZK,(Nạ) bộ ốp mặt nạ trước Lead 125 (2018-2019) ĐEN Nhám - A76M*
64300-K12-V20ZL,(Nạ) bộ ốp mặt nạ trước Lead 125  (2018-2019) KEM đậm - 299P*
64300-K12-V20ZM,#N/A
64300-K12-V20ZN,(Nạ) bộ ốp mặt nạ trước Lead 125  (2018-2019) Xanh đen-403P
64300-K12-V20ZP,(Nạ) bộ ốp mặt nạ trước Lead 125  (2018-2019) TRẮNG - A96P*
64300-K1N-V00ZA,(Nạ) bộ ốp mặt nạ trước SH mode 125 (2021-2025) Đen Bóng - 25M*
64300-K1N-V00ZB,(Nạ) bộ ốp mặt nạ trước SH mode 125 (2021-2024) TRẮNG - 35P*
64300-K1N-V00ZC,(Nạ) bộ ốp mặt nạ trước SH mode 125 (2021-2024) BẠC Nhám -B18M*
64300-K1N-V00ZD,(Nạ) bộ ốp mặt nạ trước SH mode 125 (2021-2024) Vàng Nhạt -C46P
64300-K1N-V00ZF,(Nạ) bộ ốp mặt nạ trước SH mode 125 (2021-2024) Đỏ Đô  -350C
64300-K1N-V60ZA,(Nạ) bộ ốp mặt nạ trước SH mode 125 (2021-2025) Đen Nhám -76M
64300-K1N-V60ZE,(Nạ) bộ ốp mặt nạ trước SH mode 125 (2021-2025) Đỏ Đô  -350C
64300-K1N-V60ZJ,(Nạ) bộ ốp mặt nạ trước SH mode 125 (2021-2025) XÁM Xi măng - C60P
64300-K1N-VD0ZD,(Nạ) bộ ốp mặt nạ trước SH mode 125 (2021-2025) Đỏ Đô đậm -368C
64300-K27-630ZA,(Nạ) bộ ốp mặt nạ trước  Air blade(AB)125 (2013-2015) Đen Nhám - A76M*
64300-K27-V00ZA,(Nạ) bộ ốp mặt nạ trước  Air blade(AB)125 (2013-2015) đồng- Y208M
64300-K27-V00ZB,(Nạ) bộ ốp mặt nạ trước  Air blade(AB)125 (2013-2015) Xám- A62M
64300-K27-V00ZE,(Nạ) bộ ốp mặt nạ trước  Air blade(AB)125 (2013-2015) Đỏ -340C*
64300-K27-V00ZH,(Nạ) bộ ốp mặt nạ trước  Air blade(AB)125 (2013-2015) Cam-R322C
64300-K27-V00ZN,(Nạ) bộ ốp mặt nạ trước  Air blade(AB)125 (2013-2015)  ĐEN bóng - B25M*
64300-K27-V20ZA,(Nạ) bộ ốp mặt nạ trước  Air blade(AB)125 (2013-2015) XÁM  - NHB51*
64300-K27-V20ZB,(Nạ) bộ ốp mặt nạ trước  Air blade(AB)125 (2013-2015) ĐỒNG -Y221M*
64300-K2C-V30ZA,"bửng phải, cánh yếm, bộ ốp trước phải Vision (2021-2026+) Xanh xám nhám*NHC34M*(chữ special đen )"
64300-K2C-V30ZB,"bửng phải, cánh yếm, bộ ốp trước phải Vision (2021-2026+) đen nhám (chữ special đỏ )"
64300-K2C-VF0ZA,"bửng phải, cánh yếm, bộ ốp trước phải Vision (2021-2026+) Xám xi măng *NHC60P*( tem V chữ sporty đen )"
64300-K2C-VF0ZB,"bửng phải, cánh yếm, bộ ốp trước phải Vision (2021-2026+) Đen nhám (Tem V chữ sporty trắng )"
64300-K2C-VS0ZA,"bửng phải, cánh yếm, bộ ốp trước phải Vision (2021-2026+) Xanh xám nhám *NHC34M*(tem V trắng )"
64300-K2C-VS0ZB,"bửng phải, cánh yếm, bộ ốp trước phải Vision (2021-2026+) Kem tem V Xám-*Y229P*"
64300-K2P-V60ZA,"Mặt nạ,Nhựa nhám ốp mặt nạ trước  Winner X, V3,V4 (2022-2025) "
64300-K2T-V00ZB,(Nạ) bộ ốp mặt nạ trước Lead 125  (2021-2025) Đỏ Đô nho- 350c*
64300-K2T-V00ZC,(Nạ) bộ ốp mặt nạ trước Lead 125  (2021-2025) Đỏ Đô nho- 350c*
64300-K2T-V00ZD,(Nạ) bộ ốp mặt nạ trước Lead 125  (2021-2025) TRẮNG - B35*
64300-K2T-V00ZE,(Nạ) bộ ốp mặt nạ trước Lead 125  (2021-2025) Xanh mực đen- b426*
64300-K2T-V00ZG,(Nạ) bộ ốp mặt nạ trước Lead 125  (2021-2025) BẠC Nhám -B18M*
64300-K2T-V00ZH,(Nạ) bộ ốp mặt nạ trước Lead 125  (2021-2025) ) ĐEN Nhám - A76M*
64300-K35-V00ZA,"Bộ ốp trang trí mặt trước, chữ V nạ trước Pcx 125 (2014-2016) Xám ghi *R320M*"
64300-K35-V00ZB,"Bộ ốp trang trí mặt trước, chữ V nạ trước Pcx 125 (2014-2016) Đỏ ĐÔ nho -350C*"
64300-K35-V00ZC,"Bộ ốp trang trí mặt trước, chữ V nạ trước Pcx 125 (2014-2016) Trắng- B35P*"
64300-K35-V00ZE,"Bộ ốp trang trí mặt trước, chữ V nạ trước Pcx 125 (2014-2016) BẠC Nhám -B18M*"
64300-K35-V00ZF,"Bộ ốp trang trí mặt trước, chữ V nạ trước Pcx 125 (2014-2016) ĐEN Nhám A76M"
64300-K36-T00ZQ,"Bộ ốp trang trí mặt trước, chữ V nạ trước Pcx 125 (2014-2016) Xanh nhớt mờ- G208M"
64300-K44-V00ZA,"Mặt Nạ,bộ ốp mặt nạ trước Vision 110 (2014-2020)  Xanh đậm mực- B390M*"
64300-K44-V00ZB,"Mặt Nạ,bộ ốp mặt nạ trước Vision 110 (2014-2020)  Trắng- B35P*"
64300-K44-V00ZD,"Mặt Nạ,bộ ốp mặt nạ trước Vision 110 (2014-2020)  XÁM Nhạt -R320M*"
64300-K44-V00ZE,"Mặt Nạ,bộ ốp mặt nạ trước Vision 110 (2014-2020)   Đỏ Đô nho-R350C*"
64300-K44-V00ZF,"Mặt Nạ,bộ ốp mặt nạ trước Vision 110 (2014-2020) Đen bóng-25M"
64300-K44-V00ZG,"Mặt Nạ,bộ ốp mặt nạ trước Vision 110 (2014-2020)  Đỏ tươi- R340C*"
64300-K44-V00ZH,#N/A
64300-K44-V60ZB,"Mặt Nạ,bộ ốp mặt nạ trước Vision 110 (2014-2020)  Đỏ tươi - R340C*"
64300-K44-V60ZC,"Mặt Nạ,bộ ốp mặt nạ trước Vision 110 (2014-2020)  Vàng KEM- 229P*"
64300-K44-V60ZD,"Mặt Nạ,bộ ốp mặt nạ trước Vision 110 (2014-2020)  Xanh đậm mực- B390M*"
64300-K44-V60ZE,"Mặt Nạ,bộ ốp mặt nạ trước Vision 110 (2014-2020)  Trắng- B35P*"
64300-K44-V60ZF,"Mặt Nạ,bộ ốp mặt nạ trước Vision 110 (2014-2020)   Đỏ Đô nho-R350C*"
64300-K44-V80ZJ,#N/A
64300-K44-V80ZL,"Mặt Nạ,bộ ốp mặt nạ trước Vision 110 (2014-2020)  Trắng- B35P*"
64300-K44-VE0ZA,"Mặt Nạ,bộ ốp mặt nạ trước Vision 110 (2014-2020)  Trắng- B35P*"
64300-K44-VE0ZF,"Mặt Nạ,bộ ốp mặt nạ trước Vision 110 (2014-2020) Đen bóng-25M"
64300-K44-VE0ZG,"Mặt Nạ,bộ ốp mặt nạ trước Vision 110 (2014-2020) Trắng ngọc - B55P*"
64300-K44-VE0ZH,"Mặt Nạ,bộ ốp mặt nạ trước Vision 110 (2014-2020)   Đỏ Đô nho-R350C*"
64300-K56-V00ZB,"Mặt nạ,Nhựa nhám ốp mặt nạ trước Winner 150 V1 (2016-2019) ĐEN nhám tem trắng"
64300-K56-V20ZB,"Mặt nạ,Nhựa nhám ốp mặt nạ trước Winner 150 V1 (2016-2019) Đỏ nhám"
64300-K56-V40ZA,"Mặt nạ,Nhựa nhám ốp mặt nạ trước Winner 150 V1 (2016-2019) ĐEN nhám tem đỏ"
64300-K56-V50ZA,"Mặt nạ,Nhựa nhám ốp mặt nạ trước Winner X 150- V2 (2019-2021) ĐEN nhám tem trắng"
64300-K56-V90ZA,"Mặt nạ,Nhựa nhám ốp mặt nạ trước Winner X 150- V2 (2018-2021) ĐEN nhám tem trắng"
64300-K66-V00ZK,"mặt nạ to đựng pha đèn , ốp pha đèn trước lớn Air Blade 125 (2016-2019) Đồng nhạt-Y224M"
64300-K66-V00ZL,"mặt nạ to đựng pha đèn , ốp pha đèn trước lớn Air Blade 125 (2016-2019) Cam -YR322C"
64300-K66-V00ZM,"mặt nạ to đựng pha đèn , ốp pha đèn trước lớn Air Blade 125 (2016-2019)  ĐỎ-R340C"
64300-K66-V00ZN,"mặt nạ to đựng pha đèn , ốp pha đèn trước lớn Air Blade 125 (2016-2019) Xanh mực-B390M"
64300-K66-V00ZP,"mặt nạ to đựng pha đèn , ốp pha đèn trước lớn Air Blade 125 (2016-2019) Trắng-*NHB35P*"
64300-K66-V00ZQ,"mặt nạ to đựng pha đèn , ốp pha đèn trước lớn Air Blade 125 (2016-2019) ĐEN Bóng- 25M*"
64300-K66-V00ZR,"mặt nạ to đựng pha đèn , ốp pha đèn trước lớn Air Blade 125 (2016-2019)  Bạc Nhám- B18M*"
64300-K66-V00ZS,"mặt nạ to đựng pha đèn , ốp pha đèn trước lớn Air Blade 125 (2016-2019) Đen Nhám *76M*"
64300-K66-V00ZT,"mặt nạ to đựng pha đèn , ốp pha đèn trước lớn Air Blade 125 (2016-2019) Xám Chì *A62M*"
64300-K66-V00ZU,"mặt nạ to đựng pha đèn , ốp pha đèn trước lớn Air Blade 125 (2016-2019)  Xám nhạt *B86M*"
64300-K66-V00ZV,"mặt nạ to đựng pha đèn , ốp pha đèn trước lớn Air Blade 125 (2016-2019) Xanh đậm-B421*"
64300-K66-V90ZA,"mặt nạ to đựng pha đèn , ốp pha đèn trước lớn Air Blade 125 (2016-2019) Đen Nhám tem đỏ *76M*"
64300-K66-VE0ZA,"mặt nạ to đựng pha đèn , ốp pha đèn trước lớn Air Blade 125 (2016-2019) Xanh đen -B189*"
64300-K66-VE0ZB,"mặt nạ to đựng pha đèn , ốp pha đèn trước lớn Air Blade 125 (2016-2019) ĐEN tem trắng-*NHB35P*"
64300-K66-VE0ZC,"mặt nạ to đựng pha đèn , ốp pha đèn trước lớn Air Blade 125 (2016-2019) ĐEN Bóng tem xám- 25M*"
64300-K66-VE0ZD,"mặt nạ to đựng pha đèn , ốp pha đèn trước lớn Air Blade 125 (2016-2019) ĐEN Bóng tem Đỏ- R340*"
64300-K66-VG0ZC,"mặt nạ to đựng pha đèn , ốp pha đèn trước lớn Air Blade 125 (2016-2019) ĐEN Nhám tem Đỏ- A76M*"
64300-K66-VN0ZA,"mặt nạ to đựng pha đèn , ốp pha đèn trước lớn Air Blade 125 (2016-2019) Xanh NGỌC tem -B189C*"
64300-K66-VN0ZB,"mặt nạ to đựng pha đèn , ốp pha đèn trước lớn Air Blade 125 (2016-2019) Trắng tem đen-*NHB35P*"
64300-K66-VN0ZC,"mặt nạ to đựng pha đèn , ốp pha đèn trước lớn Air Blade 125 (2016-2019) Xám Chì tem *A62M*"
64300-K66-VN0ZD,"mặt nạ to đựng pha đèn , ốp pha đèn trước lớn Air Blade 125 (2016-2019)  ĐỎ tem đen-R340C"
64300-K66-VQ0ZA,"mặt nạ to đựng pha đèn , ốp pha đèn trước lớn Air Blade 125 (2016-2019) Đen Nhám tem đỏ *76M*"
64300-K77-V00ZE,"mặt nạ lớn ,trang trí ốp trước lớn SH 125/150 (2017-2019) Đen bóng- 25M*"
64300-K77-V00ZG,"mặt nạ lớn ,trang trí ốp trước lớn SH 125/150 (2017-2019) Đỏ Đô đậm -368C"
64300-K77-V00ZH,"mặt nạ lớn ,trang trí ốp trước lớn SH 125/150 (2017-2019) Kem nhạt - HB86*"
64300-K77-V00ZJ,"mặt nạ lớn ,trang trí ốp trước lớn SH 125/150 (2017-2019) TRẮNG - B35P*"
64300-K77-V00ZX,"mặt nạ lớn ,trang trí ốp trước lớn SH 125/150 (2017-2019) Đen nhám- NH76M*"
64300-K77-V00ZY,"mặt nạ lớn ,trang trí ốp trước lớn SH 125/150 (2017-2019) Bạc nhám- NHa40M*"
64300-K89-V00ZA,Bộ mặt nạ trước Wave 110 (2017-2023) Xanh Bơ- 150P*
64300-K89-V00ZB,Bộ mặt nạ trước Wave 110 (2017-2023) Xanh Ngọc- *B203*
64300-K89-V00ZC,Bộ mặt nạ trước Wave 110 (2017-2023) TRẮNG - *NHB55*
64300-K89-V00ZD,Bộ mặt nạ trước Wave 110 (2017-2023) Đen bóng- *NHB25*
64300-K89-V00ZE,Bộ mặt nạ trước Wave 110(2017-2023) Đỏ Tươi -*R263*
64300-K89-V30ZA,Bộ mặt nạ trước Wave 110(2017-2023) Xanh mực - *PB421M*
64300-K89-V30ZB,Bộ mặt nạ trước Wave 110 (2017-2023) Xanh Bơ- 150P*
64300-K89-V30ZD,Bộ mặt nạ trước Wave 110 (2017-2023) TRẮNG - *NHB55*
64300-K89-V30ZE,Bộ mặt nạ trước Wave 110 (2017-2023) Đen bóng- *NHB25*
64300-K89-V40ZA,Bộ ốp mặt nạ trước Wave 110 (2017-2023) CAM-*YR322C*
64300-K89-V70ZB,Bộ mặt nạ trước Wave 110 (2017-2026+) TRẮNG - *NHB55*
64300-K89-V90ZC,Bộ ốp mặt nạ trước Wave 110(2017-2026+) Đỏ-*R389*
64300-K89-VB0ZA,Bộ ốp mặt nạ trước Wave 110(2017-2026+) Vàng KEM-*Y229P*
64300-K89-VB0ZB,Bộ ốp mặt nạ trước Wave 110(2017-2026+) Xám xi măng -C60P*
64300-K89-VD0ZA,Bộ ốp mặt nạ trước Wave 110(2017-2026+) Xám đậm lông chuột -C26M*
64300-K89-VD0ZB,Bộ ốp mặt nạ trước Wave 110(2017-2026+) Xanh đen nhám -343M
64300-K90-V00ZB,"Bộ mặt nạ trước,mặt nạ chữ V nhỏ Wave Rsx 110 (2016-2023) đen bóng Trắng - B55P*"
64300-K90-V00ZC,"Bộ mặt nạ trước,mặt nạ chữ V nhỏ Wave Rsx 110 (2016-2023)  CAM-*YR322C*"
64300-K90-V00ZD,"Bộ mặt nạ trước,mặt nạ chữ V nhỏ Wave Rsx 110 (2016-2023) đen tem ĐỎ-R340C"
64300-K90-V00ZE,"Bộ mặt nạ trước,mặt nạ chữ V nhỏ Wave Rsx 110 (2016-2023) xanh tem Xanh ngọc- B189M*"
64300-K90-V20ZA,"Bộ mặt nạ trước,mặt nạ chữ V nhỏ Wave Rsx 110 (2016-2023) đen nhám tem trắng -*NHB55*"
64300-K90-V20ZC,"Bộ mặt nạ trước,mặt nạ chữ V nhỏ Wave Rsx 110 (2016-2023) đen nhám tem đỏ -*R340C*"
64300-K90-V20ZD,"Bộ mặt nạ trước,mặt nạ chữ V nhỏ Wave Rsx 110 (2016-2023) xanh tem Xanh - B189M*"
64300-K90-V60ZA,"Bộ mặt nạ trước,mặt nạ chữ V nhỏ Wave Rsx 110 (2016-2023) Xám chì Tem xanh nhạt- B83M*"
64300-K90-V60ZB,"Bộ mặt nạ trước,mặt nạ chữ V nhỏ Wave Rsx 110 (2016-2023) Trắng tem đỏ đen - B55P*"
64300-K90-V60ZC,"Bộ mặt nạ trước,mặt nạ chữ V nhỏ Wave Rsx 110 (2016-2023) Đỏ tem đenTrắng  -R340*"
64300-K90-V60ZD,"Bộ mặt nạ trước,mặt nạ chữ V nhỏ Wave Rsx 110 (2016-2023)  Xanh ngọc tem đen- B189M*"
64300-K90-V90ZB,Bộ ốp mặt nạ trước *NHB55P*
64300-K90-V90ZC,Bộ ốp mặt nạ trước *R340C*
64300-K90-V90ZD,Bộ ốp mặt nạ trước *B189C*
64300-K90-VB0ZB,Bộ ốp mặt nạ trước *NHB55P*
64300-K90-VB0ZC,Bộ ốp mặt nạ trước *R340C*
64300-K90-VB0ZD,Bộ ốp mặt nạ trước *B189C*
64300-K90-VC0ZC,Bộ ốp trước tay lái *NHB55*
64300-K90-VC0ZD,Bộ ốp trước tay lái *R340*
64300-K90-VC0ZE,Bộ ốp trước tay lái *B189*
64300-K90-VC0ZF,Bộ ốp trước tay lái *NHB83*
64300-K90-VC0ZG,Bộ ốp trước tay lái *NHB55*
64300-K90-VG0ZA,Bộ ốp trước tay lái *TYPE8* *PB420*
64300-K90-VG0ZD,Bộ ốp trước tay lái *TYPE5* *B189*
64300-K90-VG0ZE,0
64300-K90-VG0ZF,Bộ ốp trước tay lái *TYPE3* *NHB55*
64300-K90-VG0ZG,Bộ ốp trước tay lái *TYPE2* *R340*
64300-K90-VG0ZH,Bộ ốp trước tay lái *TYPE1* *B189*
64300-K90-VM0ZC,Bộ mặt nạ trước *NHB25M*
64300-K90-VM0ZE,0
64300-K90-VM0ZF,0
64300-KFL-710ZB,"nạ fu, bộ mặt nạ trước Future 110(1999-2004) Xanh nhớt( lục) -B142*"
64300-KFL-720ZB,"nạ fu, bộ mặt nạ trước Future 110(1999-2004) Đỏ đen -R161P*"
64300-KFL-830ZA,"nạ fu, bộ mặt nạ trước Future 110(1999-2004) anh Mực đậm -171MU*"
64300-KFL-830ZB,"nạ fu, bộ mặt nạ trước Future 110(1999-2004) Xanh ngọc -154M*"
64300-KFL-830ZC,"nạ fu, bộ mặt nạ trước Future 110(1999-2004) Xám Ghi -183M*"
64300-KFL-830ZD,"nạ fu, bộ mặt nạ trước Future 110(1999-2004) Đỏ Tươi -R263*"
64300-KFL-830ZE,"nạ fu, bộ mặt nạ trước Future 110(1999-2004) Đỏ Đô -R203M*"
64300-KPH-690ZH,"nạ fu 2 , bộ mặt nạ trước Future II (125cc)(2004-2005) Xanh  -107M*"
64300-KPH-690ZK,"nạ fu 2 , bộ mặt nạ trước Future II (125cc)(2004-2005) TÍM Cà -138M*"
64300-KPH-690ZL,"nạ fu 2 , bộ mặt nạ trước Future II (125cc)(2004-2005) ĐỎ -161P*"
64300-KRS-900ZA,bộ mặt nạ trước có tem Wave alpha nhỏ 100cc (2001-2005) Xanh nhớt( lục) -B142*
64300-KRS-900ZD,#N/A
64300-KRS-900ZF,bộ mặt nạ trước có tem Wave alpha nhỏ 100cc (2001-2005) Đỏ Tươi -R263
64300-KTL-640ZB,Bộ mặt nạ trước Wave RS 100 (2005-2007) Tím sen-173M*
64300-KTL-640ZF,Bộ mặt nạ trước Wave RS 100 (2005-2007) Xanh Ngọc -132M*
64300-KTL-640ZH,Bộ mặt nạ trước Wave RS 100 (2005-2007) VÀNG-106*
64300-KTL-670ZB,Bộ mặt nạ trước Wave RS 100 (2005-2007) XANH Mực rsv sepsol -373M*
64300-KTL-680ZA,Bộ mặt nạ trước Wave (A) cá 100 (2005-2012) ĐỎ -R161M*
64300-KTL-680ZD,Bộ mặt nạ trước Wave (A) cá 100 (2005-2012) XANH Lá -107M*
64300-KTL-680ZE,Bộ mặt nạ trước Wave (A) cá 100 (2005-2012) tím cà -R138P*
64300-KTM-970ZA,"Nạ nhỏ, Bộ mặt nạ trước  Future Neo 125 (2005-2008) đen nhám- A76M"
64300-KTM-970ZB,"Nạ nhỏ, Bộ mặt nạ trước  Future Neo 125,  (2005-2008) đen nhám- A69P"
64300-KVB-V10ZB,#N/A
64300-KVG-950ZB,#N/A
64300-KVG-950ZD,#N/A
64300-KVG-B20ZB,#N/A
64300-KVG-V40ZA,Bộ mặt nạ trước Air blade (AB)110 Fi (2001-2012) ĐỎ -R340C* mẫu đầu bò mập
64300-KVG-V40ZB,Bộ mặt nạ trước Air blade (AB)110 Fi (2001-2012)TRẮNG -B35P* mẫu đầu bò mập
64300-KVG-V40ZC,Bộ mặt nạ trước Air blade (AB)110 Fi (2001-2012) ĐEN Bóng -NH25M* mẫu đầu bò mập
64300-KVG-V50ZA,Bộ mặt nạ trước Air blade (AB)110 Fi (2001-2012) ĐEN tem trắng -NH35P* mẫu đầu bò mập
64300-KVG-V50ZB,Bộ mặt nạ trước Air blade (AB)110 Fi (2001-2012) ĐEN tem đỏ  -NH25M* mẫu đầu bò mập
64300-KVG-V60ZB,Bộ mặt nạ trước Air blade (AB)110 Fi (2001-2012)  ĐỒNG 3D -218M*mẫu đầu bò mập
64300-KVG-V70ZB,#N/A
64300-KVG-V70ZC,#N/A
64300-KVG-V80ZA,Bộ mặt nạ trước Air blade (AB)110 Fi (2001-2012)  ĐEN tem đồng  -NH25M* mẫu đầu bò mập
64300-KVG-V80ZB,Bộ mặt nạ trước Air blade (AB)110 Fi (2001-2012) ĐEN tem trắng -NH35P* mẫu đầu bò mập
64300-KVG-V80ZC,Bộ mặt nạ trước Air blade (AB)110 Fi (2001-2012) ĐEN tem đỏ  -NH25M* mẫu đầu bò mập
64300-KVL-940,"nạ nhỏ Si , mặt nạ nhỏ trước Si crom Future Neo 125, 125 GT, 125 FI (2005-2008) "
64300-KVR-910ZB,Bộ mặt nạ trước Wave (A) cá 100 (2005-2016) ĐEN -A69P*
64300-KVR-910ZD,Bộ mặt nạ trước Wave (A) cá 100 (2005-2016) BẠC -411M*
64300-KVR-910ZK,#N/A
64300-KVR-910ZR,Bộ mặt nạ trước Wave (A) cá 100 (2005-2016) ĐỒNG -208M*
64300-KVR-V20ZC,"nạ 2 tầng , bộ mặt nạ trước Wave RS 100 (2005-2007) Đỏ tươi-263M*"
64300-KVR-V20ZD,"nạ 2 tầng , bộ mặt nạ trước Wave RS 100 (2005-2007) CAM-272M*"
64300-KVR-V20ZE,"nạ 2 tầng , bộ mặt nạ trước Wave RS 100 (2005-2007) Vàng -Y106*"
64300-KVR-V20ZF,"nạ 2 tầng , bộ mặt nạ trước Wave RS 100 (2005-2007) MàU Xanh Ngọc -132M*"
64300-KVR-V40ZA,Bộ mặt nạ trước Wave S100 (2005-2007) Màu ĐEN -A69P*
64300-KVR-V40ZB,Bộ mặt nạ trước Wave S100 (2005-2007) Màu Đỏ -313C*
64300-KVR-V60ZA,Bộ mặt nạ trước Wave RSX 100 (2007-2008) Xanh mực -B383M*( đời mắt phượng)
64300-KVR-V60ZB,Bộ mặt nạ trước Wave RSX 100 (2007-2008)  Đỏ -R315P*( đời mắt phượng)
64300-KVR-V60ZC,Bộ mặt nạ trước Wave RSX 100 (2007-2008) TRẮNG -A96P*( đời mắt phượng)
64300-KVR-V60ZD,Bộ mặt nạ trước Wave RSX 100 (2007-2008) Xanh ngọc -B206M*( đời mắt phượng)
64300-KVR-V80ZA,Bộ mặt nạ trước Wave RSX 100 SEPSOL (2007-2008) Xanh mực -B383M*( đời mắt phượng)
64300-KWN-930,Bộ ốp chắn đồng hồ Si crom  PCX 2011-2014
64300-KWW-V00ZA,"bửng phải, bộ ốp ống yếm phải  Wave RSX 110(2009-2010) Đen bóng tem- A69M*"
64300-KWW-V00ZB,"bửng phải, bộ ốp ống yếm phải  Wave RSX 110(2009-2010) ĐỎ tem - 313C*"
64300-KWW-V00ZC,"bửng phải, bộ ốp ống yếm phải  Wave RSX 110(2009-2010) Xanh ngọc tem - B206M"
64300-KWW-V00ZD,"bửng phải, bộ ốp ống yếm phải  Wave RSX 110(2009-2010) TRẮNG tem-A96P"
64300-KWY-840ZA,Bộ mặt nạ trước Wave S100 (2008-2009) Màu Đỏ -313C*
64300-KWY-840ZB,Bộ mặt nạ trước Wave S100 (2008-2009) Màu ĐEN -A69P*
64300-KWY-A30ZA,Bộ mặt nạ trước Wave (A) cá 100 (2005-2016) Xám ghi -NH262*
64300-KWY-A30ZB,Bộ mặt nạ trước Wave (A) cá 100 (2005-2016) Xanh ngọc nhạt -B203*
64300-KWY-A30ZC,Bộ mặt nạ trước Wave (A) cá 100 (2005-2016) Trắng -NHB55*
64300-KWY-A30ZD,Bộ mặt nạ trước Wave (A) cá 100 (2005-2016)  ĐEN Bóng -NH25M
64300-KWY-A30ZE,Bộ mặt nạ trước Wave (A) cá 100 (2005-2016) X Đỏ tươi-263M*
64300-KWY-A40ZA,Bộ mặt nạ trước Wave (A) cá 100 (2005-2016) CAM -R322*
64300-KWY-A40ZC,#N/A
64300-KYL-720ZB,"Bộ mặt nạ trước Future X, Future X FI (2008-2009) ĐỎ -R340C*"
64300-KYL-840ZA,"Bộ mặt nạ trước Future X, Future X FI (2010-2011) ĐEN Bóng-A69P*"
64300-KYL-840ZB,"Bộ mặt nạ trước Future X, Future X FI (2010-2011) BẠC-24M*"
64300-KYL-840ZC,"Bộ mặt nạ trước Future X, Future X FI (2010-2011)  TRẮNG-96P*"
64300-KYL-840ZD,"Bộ mặt nạ trước Future X, Future X FI (2010-2011) Xám ghi -A62M*"
64300-KYL-860ZB,"Bộ mặt nạ trước Future X, Future X FI (2010-2011) ĐỎ -R340C*"
64300-KYL-860ZC,#N/A
64300-KYZ-V00ZA,Bộ mặt nạ trước Future 125 Fi (2011-2013) Vàng Đồng -Y208M*
64300-KYZ-V00ZB,Bộ mặt nạ trước Future 125 Fi (2011-2013)  BẠC -B24M*
64300-KYZ-V00ZC,Bộ mặt nạ trước Future 125 Fi (2011-2013) Xám nhạt -A62M*
64300-KYZ-V60ZA,Bộ mặt nạ trước Future 125 Fi (2014-2015) đen tem Xám đỏ -A62M*
64300-KYZ-V60ZB,Bộ mặt nạ trước Future 125 Fi (2014-2015) ĐỎ tem xám -R340C*
64300-KYZ-V60ZC,Bộ mặt nạ trước Future 125 Fi (2014-2015) Đỏ tem đen bạc -B25K*
64300-KYZ-V60ZD,Bộ mặt nạ trước Future 125 Fi (2014-2015) Nâu đồng tem trắng đỏ *Y303M*
64300-KYZ-V60ZE,Bộ mặt nạ trước Future 125 Fi (2014-2015) Xám tem đỏ đen -B25E*
64300-KZL-E00ZA,Bộ mặt nạ trước  Vision 110 (2011-2013) Vàng tem giấy -*Y192C*
64300-KZL-E00ZB,Bộ mặt nạ trước  Vision 110 (2011-2013) Xanh ngọc tem giấy -B206M
64300-KZL-E00ZC,Bộ mặt nạ trước  Vision 110 (2011-2013) ĐỎ tem giấy -340C*
64300-KZL-E00ZD,Bộ mặt nạ trước  Vision 110 (2011-2013) Nâu tem giấy *Y303M*
64300-KZL-E00ZE,Bộ mặt nạ trước  Vision 110 (2011-2013) trắng tem giấy -*NH35*
64300-KZL-E00ZF,Bộ mặt nạ trước  Vision 110 (2011-2013) Đen bóng tem giấy - NHA69P
64300-KZL-E80ZA,Bộ mặt nạ trước  Vision 110 (2011-2013) NÂU tem Si -R303*
64300-KZL-E80ZB,Bộ mặt nạ trước  Vision 110 (2011-2013) Đỏ Đô tem Si -R350*
64300-KZL-E80ZC,Bộ mặt nạ trước  Vision 110 (2011-2013) Đen bóng tem Si - NHA69P
64300-KZL-E80ZD,Bộ mặt nạ trước  Vision 110 (2011-2013) Xanh Mực tem Si -390M*
64300-KZL-E80ZE,Bộ mặt nạ trước  Vision 110 (2011-2013) trắng tem Si -*NH35*
64301-GBG-B20ZB,"bửng , yếm xe  Sper Dream 100, DREAM II (1997-2009) trắng không tem "
64301-GGE-900ZA,"M lead, ốp nhựa trước  Lead 110, SCR 110 (2008-2012)  ĐEN Bóng-NHA69P"
64301-GGE-900ZB,"M lead, ốp nhựa trước  Lead 110, SCR 110 (2008-2012) TRẮNG ngọc trai - B96P*"
64301-GGE-900ZC,"M lead, ốp nhựa trước  Lead 110, SCR 110 (2008-2012) màu Đỏ  *R313*"
64301-GGE-900ZD,"M lead, ốp nhựa trước  Lead 110, SCR 110 (2008-2012) BẠC -NH411M*"
64301-GGE-900ZF,"M lead, ốp nhựa trước  Lead 110, SCR 110 (2008-2012) Vàng KEM -R299P*"
64301-GGE-900ZH,"M lead, ốp nhựa trước  Lead 110, SCR 110 (2008-2012) màu Đỏ  *R340*"
64301-GGE-900ZJ,"M lead, ốp nhựa trước  Lead 110, SCR 110 (2008-2012) NÂU-R303M"
64301-GGE-900ZK,"M lead, ốp nhựa trước  Lead 110, SCR 110 (2008-2012)  ĐỒNG -Y208M"
64301-GGE-900ZL,"M lead, ốp nhựa trước  Lead 110, SCR 110 (2008-2012) TRẮNG đục - B35P*"
64301-GGE-900ZN,"M lead, ốp nhựa trước  Lead 110, SCR 110 (2008-2012) Đỏ đô- 350C"
64301-GGE-900ZP,"M lead, ốp nhựa trước  Lead 110, SCR 110 (2008-2012) Xanh Ngọc-B203M"
64301-K01-900," trang trí nạ Si , mặt nạ trang trí Si SH 125/150 (2012-2016)"
64301-K0R-V00," trang trí nạ Si , mặt nạ trang trí Si SH 125/150/160 (2020-2025)"
64301-K1N-V00ZA,"bửng trước bên phải,Cánh yếm bên phải , cánh gà phải SH mode 125 (2021-2022) Đỏ đô- 350C"
64301-K1N-V00ZB,"bửng trước bên phải,Cánh yếm bên phải , cánh gà phải SH mode 125 (2021-2022) Xanh đen-410P"
64301-K1N-V00ZD,"bửng trước bên phải,Cánh yếm bên phải , cánh gà phải SH mode 125 (2021-2022) TRẮNG - 35P*"
64301-K1N-V00ZE,"bửng trước bên phải,Cánh yếm bên phải , cánh gà phải SH mode 125 (2021-2022)  Đen Bóng - 25M*"
64301-K1N-V00ZF,"bửng trước bên phải,Cánh yếm bên phải , cánh gà phải SH mode 125 (2021-2022)  BẠC Nhám -B18M*"
64301-K1N-V00ZG,"bửng trước bên phải,Cánh yếm bên phải , cánh gà phải SH mode 125 (2021-2025) XÁM Xi măng - C60P"
64301-K1N-V00ZH,"bửng trước bên phải,Cánh yếm bên phải , cánh gà phải SH mode 125 (2021-2025) Đen Nhám -76M"
64301-K1N-V00ZJ,"bửng trước bên phải,Cánh yếm bên phải , cánh gà phải SH mode 125 (2021-2025) Đỏ đô- 350C"
64301-K29-900ZA,"bửng trước bên phải,Cánh yếm bên phải , cánh gà phải SH mode 125 (2013-2020) Vàng Kem -299P"
64301-K29-900ZC,"bửng trước bên phải,Cánh yếm bên phải , cánh gà phải SH mode 125 (2013-2020) ĐỎ Tươi - 340C"
64301-K29-900ZE,"bửng trước bên phải,Cánh yếm bên phải , cánh gà phải SH mode 125 (2013-2020) XANH Mực- 390M*"
64301-K29-900ZF,"bửng trước bên phải,Cánh yếm bên phải , cánh gà phải SH mode 125 (2013-2020)  TRẮNG - B35P*"
64301-K29-900ZG,"bửng trước bên phải,Cánh yếm bên phải , cánh gà phải SH mode 125 (2013-2020) Đen Bóng - 25M*"
64301-K29-900ZJ,"bửng trước bên phải,Cánh yếm bên phải , cánh gà phải SH mode 125 (2013-2020) XÁM Chì- 320M*"
64301-K29-900ZM,"bửng trước bên phải,Cánh yếm bên phải , cánh gà phải SH mode 125 (2013-2020) Xanh cốm -GY150P*"
64301-K29-900ZN,"bửng trước bên phải,Cánh yếm bên phải , cánh gà phải SH mode 125 (2013-2020)  Đỏ ĐÔ nho -350C*"
64301-K29-900ZP,"bửng trước bên phải,Cánh yếm bên phải , cánh gà phải SH mode 125 (2013-2020)  BẠC Nhám -B18M*"
64301-K29-900ZQ,"bửng trước bên phải,Cánh yếm bên phải , cánh gà phải SH mode 125 (2013-2020) Đỏ ĐÔ  -R368C*"
64301-K29-900ZR,"bửng trước bên phải,Cánh yếm bên phải , cánh gà phải SH mode 125 (2013-2020) Xanh ngọc -B408P"
64301-K2C-V00ZA,"bửng trước bên phải ,Cánh yếm bên phải , cánh gà phải Vision 110 (2021-2026+) Đỏ đô- 350C"
64301-K2C-V00ZD,"bửng trước bên phải ,Cánh yếm bên phải , cánh gà phải Vision 110 (2021-2026+) Trắng- B35P*"
64301-K2C-V00ZE,"bửng trước bên phải ,Cánh yếm bên phải , cánh gà phải Vision 110 (2021-2026+) Đen bóng-25M"
64301-K2C-V00ZF,"bửng trước bên phải ,Cánh yếm bên phải , cánh gà phải  Vision 110 (2021-2026+) Đen Nhám -76M"
64301-K2C-V00ZJ,"bửng trước bên phải ,Cánh yếm bên phải , cánh gà phải Vision 110 (2021-2026+) Xanh Lam Nhám -B425M*"
64301-K2C-V00ZK,"bửng trước bên phải ,Cánh yếm bên phải , cánh gà phải Vision 110 (2021-2026+) Xanh Mực bóng -B426M*"
64301-K2C-V00ZM,"bửng trước bên phải ,Cánh yếm bên phải , cánh gà phải Vision 110 (2021-2026+) Xanh mực nhám *PB434M*"
64301-K2C-V00ZN,"bửng trước bên phải ,Cánh yếm bên phải , cánh gà phải Vision 110 (2021-2026+) Xám xi măng *NHC60P*"
64301-K2P-V60ZA,"Mặt Nạ ngoài,mặt nạ trước(ốp mặt nạ/ốp trước) Winner X-V3,V4 (2022-2025) ) Đỏ nhám*R406M*"
64301-K2P-V60ZB,"Mặt Nạ ngoài,mặt nạ trước(ốp mặt nạ/ốp trước) Winner X-V3,V4 (2022-2025)  Đỏ tươi *R389*"
64301-K2P-V60ZC,"Mặt Nạ ngoài,mặt nạ trước(ốp mặt nạ/ốp trước) Winner X-V3,V4 (2022-2025) Bạc bóng*B56M*"
64301-K2P-V60ZD,"Mặt Nạ ngoài,mặt nạ trước(ốp mặt nạ/ốp trước) Winner X-V3,V4(2022-2025)  Trắng- B55P*"
64301-K2P-V60ZE,"Mặt Nạ ngoài,mặt nạ trước(ốp mặt nạ/ốp trước) Winner X-V3,V4 (2022-2025)  Đen bóng-25M"
64301-K2P-V60ZF,"Mặt Nạ ngoài,mặt nạ trước(ốp mặt nạ/ốp trước) Winner X-V3,V4 (2022-2025)   Bạc nhám *NHB18M*"
64301-K2P-V60ZG,"Mặt Nạ ngoài,mặt nạ trước(ốp mặt nạ/ốp trước) Winner X-V3,V4 (2022-2025)  Đen nhám *NHA76M*"
64301-K2S-V00ZD,"Mặt Nạ ngoài,mặt nạ trước(ốp mặt nạ/ốp trước) Vario 160, click 160 (2022-2025 Xám xi măng *NHC60P*"
64301-K2S-V00ZE,"Mặt Nạ ngoài,mặt nạ trước(ốp mặt nạ/ốp trước) Vario 160, click 160 (2022-2025) Đen bóng-25M"
64301-K2S-V00ZL,"Mặt Nạ ngoài,mặt nạ trước(ốp mặt nạ/ốp trước) Vario 160, click 160 (2022-2025   Đỏ nhám*R406M*"
64301-K2S-V00ZN,"Mặt Nạ ngoài,mặt nạ trước(ốp mặt nạ/ốp trước) Vario 160, click 160 (2022-2025  Xanh Mực bóng -B421M*"
64301-K56-V00ZA,"(nạ chữ V),ốp nhựa mặt nạ trước Winner 150 V1(2016-2019) Đỏ- R340C "
64301-K56-V00ZB,"(nạ chữ V),ốp nhựa mặt nạ trước Winner 150 V1(2016-2019) XANH Đá nhám- B406M* "
64301-K56-V00ZC,"(nạ chữ V),ốp nhựa mặt nạ trước Winner 150 V1(2016-2019) Trắng-*NHB35P*"
64301-K56-V00ZD,"(nạ chữ V),ốp nhựa mặt nạ trước Winner 150 V1(2016-2019) Đen Nhám *76M*"
64301-K56-V00ZE,"(nạ chữ V),ốp nhựa mặt nạ trước Winner 150 V1(2016-2019) VÀNG -*Y106*"
64301-K56-V00ZF,"(nạ chữ V),ốp nhựa mặt nạ trước Winner 150 V1(2016-2019) CAM -*Y322*"
64301-K56-V00ZG,"(nạ chữ V),ốp nhựa mặt nạ trước Winner 150 V1(2016-2019) Ngọc- B189M* "
64301-K77-V00,"Nạ Si crom,Trang trí ốp dưới mặt nạ SH 125/150 (2017-2019)"
64301-KVB-950ZB,"M, Ốp trước , Mặt nạ xe (không tem) CLICK 110 (2005-2012) ĐEN bóng- A69P*"
64301-KVB-950ZC,"M, Ốp trước , Mặt nạ xe (không tem) CLICK 110 (2005-2012) TRẮNG Đục - A193P"
64301-KVB-950ZH,"M, Ốp trước , Mặt nạ xe (không tem) CLICK 110 (2005-2012)  ĐỎ Đô - R314P*"
64301-KVB-950ZK,"M, Ốp trước , Mặt nạ xe (không tem) CLICK 110 (2005-2012) Trắng ngọc - A96P*"
64301-KVB-950ZL,"M, Ốp trước , Mặt nạ xe (không tem) CLICK 110 (2005-2012) ĐỎ Tươi - R313C*"
64301-KZV-V30ZA,"Mặt Nạ ngoài,mặt nạ trước(ốp mặt nạ/ốp trước) Sper Dream 110 (2013-2017) Nâu Nho- *GY150P*"
64302-K01-900ZA,"bửng phải ,nắp trên ốp trước phải ,cánh yếm phải SH 125/150 (2012-2016) NÂU- R303M*"
64302-K01-900ZC,"bửng phải ,nắp trên ốp trước phải ,cánh yếm phải SH 125/150 (2012-2016)  Đỏ Đô- R350C*"
64302-K01-900ZD,"bửng phải ,nắp trên ốp trước phải ,cánh yếm phải SH 125/150 (2012-2016) TRẮNG- B35P*"
64302-K01-900ZE,"bửng phải ,nắp trên ốp trước phải ,cánh yếm phải SH 125/150 (2012-2016) ĐEN Bóng-NHB25M"
64302-K01-900ZK,"bửng phải ,nắp trên ốp trước phải ,cánh yếm phải SH 125/150 (2012-2016) Xám chì-YR320M"
64302-K01-900ZN,"bửng phải ,nắp trên ốp trước phải ,cánh yếm phải SH 125/150 (2012-2016)  Đỏ- R340C "
64302-K01-900ZP,"bửng phải ,nắp trên ốp trước phải ,cánh yếm phải SH 125/150 (2012-2016)  Xanh Mực-B390M"
64302-K01-900ZQ,"bửng phải ,nắp trên ốp trước phải ,cánh yếm phải SH 125/150 (2012-2016)  Xanh Rêu-B403P"
64302-K0R-V00ZA,"bửng phải ,nắp trên ốp trước phải ,cánh yếm phải SH 125/150/160 (2020-2025) Đỏ Đô nho *R368*"
64302-K0R-V00ZC,"bửng phải ,nắp trên ốp trước phải ,cánh yếm phải SH 125/150/160 (2020-2025) Xám chì đậm-C26M*"
64302-K0R-V00ZD,"bửng phải ,nắp trên ốp trước phải ,cánh yếm phải SH 125/150/160 (2020-2025) Trắng *NHB35*"
64302-K0R-V00ZE,"bửng phải ,nắp trên ốp trước phải ,cánh yếm phải SH 125/150/160 (2020-2025) Đen bóng-*NHB25*"
64302-K0R-V00ZF,"bửng phải ,nắp trên ốp trước phải ,cánh yếm phải SH 125/150/160 (2020-2025) Đen Nhám-*NHA76*"
64302-K0R-V00ZH,"bửng phải ,nắp trên ốp trước phải ,cánh yếm phải SH 125/150/160 (2020-2025) Xám xi Măng-C60*"
64302-K1F-V00ZA,"Mặt Nạ ngoài lớn ,mặt nạ trước,ốp mặt nạ lớn, Air blade (AB)125/150 (2020-2025) Đỏ Đô*R368C*"
64302-K1F-V00ZB,"Mặt Nạ ngoài lớn ,mặt nạ trước,ốp mặt nạ lớn, Air blade (AB)125/150 (2020-2025) Đỏ- R340C "
64302-K1F-V00ZC,"Mặt Nạ ngoài lớn ,mặt nạ trước,ốp mặt nạ lớn, Air blade (AB)125/150 (2020-2025) Xanh mực*PB421M*"
64302-K1F-V00ZD,"Mặt Nạ ngoài lớn ,mặt nạ trước,ốp mặt nạ lớn, Air blade (AB)125/150 (2020-2025) xám bạc *NH262M*"
64302-K1F-V00ZE,"Mặt Nạ ngoài lớn ,mặt nạ trước,ốp mặt nạ lớn, Air blade (AB)125/150 (2020-2025) Xanh xám nhám *NHC34M*"
64302-K1F-V00ZF,"Mặt Nạ ngoài lớn ,mặt nạ trước,ốp mặt nạ lớn, Air blade (AB)125/150 (2020-2025) Xám đậm *NHC04M*"
64302-K1F-V00ZG,"Mặt Nạ ngoài lớn ,mặt nạ trước,ốp mặt nạ lớn, Air blade (AB)125/150 (2020-2025) Trắng *NHB35P*"
64302-K1F-V00ZH,"Mặt Nạ ngoài lớn ,mặt nạ trước,ốp mặt nạ lớn, Air blade (AB)125/150 (2020-2025) Đen bóng ánh xanh *NHB25M*"
64302-K1F-V00ZJ,"Mặt Nạ ngoài lớn ,mặt nạ trước,ốp mặt nạ lớn, Air blade (AB)125/150 (2020-2025) Đen nhám *NHA76M*"
64302-K1F-V00ZK,"Mặt Nạ ngoài lớn ,mặt nạ trước,ốp mặt nạ lớn, Air blade (AB)125/150 (2020-2025) Xanh dương *B189C*"
64302-K1F-V00ZL,"Mặt Nạ ngoài lớn ,mặt nạ trước,ốp mặt nạ lớn, Air blade (AB)125/150 (2020-2025) Xanh mực *PB426*"
64302-K1F-V00ZM,"Mặt Nạ ngoài lớn ,mặt nạ trước,ốp mặt nạ lớn, Air blade (AB)125/150 (2020-2025) Xám xi măng *NHC60P*"
64302-K27-V00ZJ,0
64302-K29-900ZQ,0
64302-K2C-V00ZA,#N/A
64302-K2C-V00ZD,#N/A
64302-K2C-V00ZE,"Mặt Nạ ngoài lớn ,mặt nạ trước,ốp mặt nạ lớn, Vision 110 (2021-2026+) Đen bóng-25M"
64302-K2C-V00ZF,#N/A
64302-K2C-V00ZH,"Mặt Nạ ngoài lớn ,mặt nạ trước,ốp mặt nạ lớn, Vision 110 (2021-2026+)  Xanh đen *NHC34M*"
64302-K2C-V00ZJ,"Mặt Nạ ngoài lớn ,mặt nạ trước,ốp mặt nạ lớn, Vision 110 (2021-2026+) Xanh nhám *PB425M*"
64302-K2C-V00ZK,#N/A
64302-K2C-V00ZM,"Mặt Nạ ngoài lớn ,mặt nạ trước,ốp mặt nạ lớn, Vision 110 (2021-2026+) Xanh mực nhám *PB434M*"
64302-K2C-V00ZP,"Mặt Nạ ngoài lớn ,mặt nạ trước,ốp mặt nạ lớn, Vision 110 (2021-2026+)Xám xi măng *NHC60P*"
64302-K2S-T00ZA,"Mặt nạ Nhỏ trước,ốp mặt nạ Vario 160, click 160 (2022-2025) Đen bóng-NH1*"
64302-K2T-V00,"(Viền chữ V nạ crom),ốp nhựa mặt nạ trước Lead 125 (2020-2025)"
64302-K77-V00ZE,"bửng phải ,nắp trên ốp trước phải ,cánh yếm phải  SH 125/150 (2017-2019) Đen bóng- 25M*"
64302-K77-V00ZF,"bửng phải ,nắp trên ốp trước phải ,cánh yếm phải  SH 125/150 (2017-2019) Xanh nhớt- G209*"
64302-K77-V00ZG,"bửng phải ,nắp trên ốp trước phải ,cánh yếm phải  SH 125/150 (2017-2019) Đỏ Đô đậm -368C"
64302-K77-V00ZH,"bửng phải ,nắp trên ốp trước phải ,cánh yếm phải  SH 125/150 (2017-2019) Kem nhạt - HB86*"
64302-K77-V00ZJ,"bửng phải ,nắp trên ốp trước phải ,cánh yếm phải  SH 125/150 (2017-2019) TRẮNG - B35P*"
64302-K77-V00ZV,"bửng phải ,nắp trên ốp trước phải ,cánh yếm phải  SH 125/150 (2017-2019) Đen nhám- NH76M*"
64302-KVG-950ZA,nạ air đen nhám ko tem
64302-KVG-950ZC,nạ air đen bóng ko tem
64302-KVG-950ZD,nạ air trắng bóng ko tem
64302-KVG-950ZF,nạ air đỏ bóng ko tem
64303-K01-900ZA,"bửng trái ,nắp trên ốp trước trái ,cánh yếm trái SH 125/150 (2012-2016) NÂU- R303M*"
64303-K01-900ZC,"bửng trái ,nắp trên ốp trước trái ,cánh yếm trái SH 125/150 (2012-2016)  Đỏ Đô- R350C*"
64303-K01-900ZD,"bửng trái ,nắp trên ốp trước trái ,cánh yếm trái SH 125/150 (2012-2016) TRẮNG- B35P*"
64303-K01-900ZE,"bửng trái,nắp trên ốp trước trái ,cánh yếm trái SH 125/150 (2012-2016) ĐEN Bóng-NHB25M"
64303-K01-900ZK,"bửng trái ,nắp trên ốp trước trái ,cánh yếm trái SH 125/150 (2012-2016) Xám chì-YR320M"
64303-K01-900ZN,"bửng trái ,nắp trên ốp trước trái ,cánh yếm trái SH 125/150 (2012-2016)  Đỏ- R340C "
64303-K01-900ZP,"bửng trái ,nắp trên ốp trước trái ,cánh yếm trái SH 125/150 (2012-2016)  Xanh Mực-B390M"
64303-K0R-V00ZA,"bửng trái ,nắp trên ốp trước trái ,cánh yếm trái SH 125/150/160 (2020-2025) Đỏ Đô nho *R368*"
64303-K0R-V00ZC,"bửng trái ,nắp trên ốp trước trái ,cánh yếm trái SH 125/150/160 (2020-2025) Xám chì đậm-C26M*"
64303-K0R-V00ZD,"bửng trái,nắp trên ốp trước trái ,cánh yếm trái SH 125/150/160 (2020-2025) Trắng *NHB35*"
64303-K0R-V00ZE,"bửng trái ,nắp trên ốp trước trái ,cánh yếm trái SH 125/150/160 (2020-2025) Đen bóng-*NHB25*"
64303-K0R-V00ZF,"bửng trái ,nắp trên ốp trước trái ,cánh yếm trái SH 125/150/160 (2020-2025) Đen Nhám-*NHA76*"
64303-K0R-V00ZH,"bửng trái ,nắp trên ốp trước trái ,cánh yếm trái  SH 125/150/160 (2020-2025) Xám xi Măng-C60*"
64303-K29-600ZA,"nạ có tem honda,Bộ ốp mặt nạ trướcSH mode 125 (2013-2020) Đen Bóng - 25M* dùng chung 960zb"
64303-K29-600ZB,"nạ có tem honda,Bộ ốp mặt nạ trướcSH mode 125 (2013-2020)Đỏ Đô nho *R368*"
64303-K29-600ZD,"nạ có tem honda,Bộ ốp mặt nạ trướcSH mode 125 (2013-2020) Xanh ngọc- Y150P* "
64303-K29-900ZC,"nạ có tem honda,Bộ ốp mặt nạ trướcSH mode 125 (2013-2020) ĐỎ Tươi - 340C"
64303-K29-900ZE,"nạ có tem honda,Bộ ốp mặt nạ trướcSH mode 125 (2013-2020) Đen Bóng - B25J* "
64303-K29-900ZF,"nạ có tem honda,Bộ ốp mặt nạ trướcSH mode 125 (2013-2020) XANH Mực- 390M* "
64303-K29-900ZG,"nạ có tem honda,Bộ ốp mặt nạ trướcSH mode 125 (2013-2020) Vàng Kem -299P"
64303-K29-900ZH,"nạ có tem honda,Bộ ốp mặt nạ trướcSH mode 125 (2013-2020)  TRẮNG - B35P*"
64303-K29-930ZA,"nạ có tem honda,Bộ ốp mặt nạ trướcSH mode 125 (2013-2020)  BẠC Nhám -B18M*"
64303-K29-930ZD,"nạ có tem honda,Bộ ốp mặt nạ trướcSH mode 125 (2013-2020) Xanh ngọc- Y150P* "
64303-K2S-V00ZA,"Viền đèn pha nhựa nhám,Bộ ốp ống yếm trái  Vario 160, click 160 (2022-225) đen nhám"
64303-K66-V00ZD,"mặt nạ nhỏ,nẹp mặt nạ,nắp trên ốp trước Air Blade 125 (2016-2019) đen bóng-NHB25M"
64303-K66-V20ZA,"mặt nạ nhỏ,nẹp mặt nạ,nắp trên ốp trước Air Blade 125 (2016-2019) Đồng-Y219M"
64303-K66-V20ZB,"mặt nạ nhỏ,nẹp mặt nạ,nắp trên ốp trước Air Blade 125 (2016-2019) Xám chì đậm-NHB74M"
64303-K77-V00ZB,#N/A
64303-K77-V00ZE,"bửngtrái ,nắp trên ốp trước trái ,cánh yếm trái SH 125/150 (2017-2019) Đen bóng- 25M*"
64303-K77-V00ZF,"bửng trái ,nắp trên ốp trước trái ,cánh yếm trái  SH 125/150 (2017-2019) Xanh nhớt- G209*"
64303-K77-V00ZG,"bửng trái ,nắp trên ốp trước trái ,cánh yếm trái  SH 125/150 (2017-2019) Đỏ Đô đậm -368C"
64303-K77-V00ZH,"bửng trái ,nắp trên ốp trước trái ,cánh yếm trái  SH 125/150 (2017-2019) Kem nhạt - HB86*"
64303-K77-V00ZJ,"bửng trái ,nắp trên ốp trước trái ,cánh yếm trái  SH 125/150 (2017-2019) TRẮNG - B35P*"
64303-K77-V00ZV,"bửng trái ,nắp trên ốp trước trái ,cánh yếm trái  SH 125/150 (2017-2019) Đen nhám- NH76M*"
64304-K01-900ZA,"chắn sình, ốp đưới trước, gầm đứng SH 125/150 (2012-2016) đen nhám"
64304-K0R-V00,"chắn sình, ốp đưới trước, gầm đứng SH 125/150/160 (2020-2025) đen nhám"
64304-K1F-V00ZA,"Viền pha đèn, Nhựa Nhám Ốp Trang Trí Viền Dưới Đèn Pha Trước AB 125/150(2020 – 2025)"
64304-K2S-N00ZB,"Bộ ốp trước bên trong,Nối Cốp Dưới, Nhựa Nhám Mặt Nạ Nhỏ Vario 160, Click 160 (2022-2025)"
64304-K66-V00,"Trang trí đèn pha phải nhựa nhám, Air Blade 125 (2016-2019)"
64304-K77-V00ZA,"chắn sình, ốp dưới trước, gầm đứng SH 125/150 (2017-2019) đen nhám"
64305-K01-900ZA,"ốp sàn, sàn để chân SH 125/150 (2012-2016) đen nhám"
64305-K03-V70ZA,"bửng trái , ốp yếm trái Wave RSX 110 (2010-2012) TRẮNG ngọc -A96P*"
64305-K03-V70ZB,"bửng trái , ốp yếm trái Wave RSX 110 (2010-2012)  Xanh ngọc - B206M"
64305-K03-V70ZC,"bửng trái , ốp yếm trái Wave RSX 110 (2010-2012) ĐỎ - 340C*"
64305-K03-V70ZD,"bửng trái , ốp yếm trái Wave RSX 110 (2010-2012) ĐEN Bóng - A69PC*"
64305-K0R-V00ZA,"Nạ nhỏ có tem honda trắng ,Bộ ốp mặt nạ trước SH 125/150/160 (2020-2025) đen bóng-NH1*"
64305-K0S-V50ZA,"Nạ nhỏ có tem honda đỏ ,Bộ ốp mặt nạ trước SH 125/150/160 (2020-2025) đen bóng-NH1*"
64305-K12-900ZA,"thông gió nạ Si bạc, nẹp thông gió trước Si bạc Lead 125 (2013-2016)"
64305-K12-920,"thông gió nạ Niken crom, nẹp thông gió trước niken crom Lead 125 (2013-2016)"
64305-K12-V00,"thông gió nạ Niken crom, nẹp thông gió trước niken crom Lead 125 (2017-2019)"
64305-K1N-V00,"ốp viền nạ crom,Trang trí phía trước nạ SH mode 125 (2021-2025)"
64305-K29-910,"ốp viền nạ crom,Trang trí phía trước nạ SH mode 125 (2013-2020)"
64305-K2C-V00ZA,"Nạ nhỏ có tem honda trắng ,Bộ ốp mặt nạ trước Vision 110 (2021-2026+) Đen bóng-NH1*"
64305-K2C-V30ZA,"Nạ nhỏ có tem honda đỏ ,Bộ ốp mặt nạ trước Vision 110 (2021-2026+) Đen bóng-NH1*"
64305-K2C-VA0ZA,"Nạ nhỏ có tem honda đỏ ,Bộ ốp mặt nạ trước Vision 110 (2021-2026+) Đen nhám-NH76M*"
64305-K2C-VA0ZB,"Nạ nhỏ có tem honda trắng ,Bộ ốp mặt nạ trước Vision 110 (2021-2026+) Đen bóng-NH1*"
64305-K2C-VS0ZA,"Nạ nhỏ có tem honda đen ,Bộ ốp mặt nạ trước Vision 110 (2021-2026+) màu Bạc-NH411*"
64305-K35-V00ZA,"Viền mặt nạ,Ốp trang trí mặt trước,Pcx 125 (2014-2016) Xám ghi *R320M*"
64305-K35-V00ZB,"Viền mặt nạ,Ốp trang trí mặt trước,Pcx 125 (2014-2016) Đỏ ĐÔ nho -350C*"
64305-K35-V00ZC,"Viền mặt nạ,Ốp trang trí mặt trước,Pcx 125 (2014-2016) Trắng- B35P*"
64305-K35-V00ZD,"Viền mặt nạ,Ốp trang trí mặt trước,Pcx 125 (2014-2016) đen bóng-NHB25M"
64305-K35-V00ZE,"Viền mặt nạ,Ốp trang trí mặt trước,Pcx 125 (2014-2016) BẠC Nhám -B18M*"
64305-K35-V00ZF,"Viền mặt nạ,Ốp trang trí mặt trước,Pcx 125 (2014-2016) ĐEN Nhám A76M"
64305-K66-V00,"Trang trí đèn pha trái nhựa nhám, Air Blade 125 (2016-2019)"
64305-K66-V10ZA,"ốp mặt nạ, mặt nạ nhỏ,Ốp trang trí mặt trước Air Blade 125 (2016-2019) Đen bóng- NHB25M*"
64305-K66-V10ZB,"ốp mặt nạ, mặt nạ nhỏ,Ốp trang trí mặt trước Air Blade 125 (2016-2019) Trắng-*NHB35P*"
64305-K66-V10ZC,"ốp mặt nạ, mặt nạ nhỏ,Ốp trang trí mặt trước Air Blade 125 (2016-2019) Xanh mực-B390M"
64305-K66-V10ZD,"ốp mặt nạ, mặt nạ nhỏ,Ốp trang trí mặt trước Air Blade 125 (2016-2019) ĐỎ-R340C"
64305-K66-VF0ZB,"ốp mặt nạ, mặt nạ nhỏ,Ốp trang trí mặt trước Air Blade 125 (2016-2019) Xanh mực-B390M"
64305-K66-VF0ZC,"ốp mặt nạ, mặt nạ nhỏ,Ốp trang trí mặt trước Air Blade 125 (2016-2019)  Xám nhạt *B86M*"
64305-K66-VF0ZE,"ốp mặt nạ, mặt nạ nhỏ,Ốp trang trí mặt trước Air Blade 125 (2016-2019)  ĐEN Bóng- 25M*"
64305-K66-VH0ZA,#N/A
64305-K66-VH0ZB,"ốp mặt nạ, mặt nạ nhỏ,Ốp trang trí mặt trước Air Blade 125 (2016-2019)  Xám 3D *B74M*"
64305-K73-V40,"Si nạ crom, nẹp ốp trang trí nạ, nẹp ốp trước trên Future 125 Fi (Future LED (2018-2026)"
64305-K97-T00ZF,"ốp mặt nạ, nẹp mặt nạ trước ,Ốp trang trí mặt trước Pcx 125 (2018-2020) Đỏ Đô đậm -368C"
64305-K97-T00ZJ,"ốp mặt nạ, mặt nạ nhỏ,Ốp trang trí mặt trước PCX 125/150 (2016-2019) Xám nhạt *B86M*"
64305-K97-T00ZL,"ốp mặt nạ, mặt nạ nhỏ,Ốp trang trí mặt trước  PCX 125/150 (2016-2019) Trắng-*NHB35P*"
64305-K97-T00ZM,"ốp mặt nạ, mặt nạ nhỏ,Ốp trang trí mặt trước  PCX 125/150 (2016-2019) Đen bóng- NHB25M*"
64305-K97-T00ZN,"ốp mặt nạ, mặt nạ nhỏ,Ốp trang trí mặt trước  PCX 125/150 (2016-2019) BẠC Nhám -B18M*"
64305-K97-T00ZQ,"ốp mặt nạ, mặt nạ nhỏ,Ốp trang trí mặt trước  PCX 125/150 (2016-2019) ĐEN Nhám A76M"
64305-KVB-900ZB,"nhựa ốp sàn phải ,ốp sàn phải Click 110 (2005-2012) Xám nhám *NH187R*"
64305-KWN-930,"ốp viền đèn pha crom,nẹp đèn pha PCX 125 (2010-2012)"
64305-KWW-V00ZA,"bửng trái, bộ ốp ống yếm trái Wave RSX 110(2009-2010) Đen bóng tem- A69M*"
64305-KWW-V00ZB,"bửng trái, bộ ốp ống yếm trái  Wave RSX 110(2009-2010) ĐỎ  tem- 313C*"
64305-KWW-V00ZC,"bửng trái, bộ ốp ống yếm trái  Wave RSX 110(2009-2010) Xanh ngọc tem - B206M"
64305-KWW-V00ZD,"bửng trái, bộ ốp ống yếm trái  Wave RSX 110(2009-2010) TRẮNG tem -A96P"
64306-K77-V00ZA,"Nạ nhỏ có tem honda trắng ,Bộ ốp mặt nạ trước SH 125/150 (2017-2019) đen bóng-NH1*"
64306-K77-V50ZA,"Nạ nhỏ có tem honda đỏ ,Bộ ốp mặt nạ trước SH 125/150 (2017-2019) đen bóng-NH1*"
64306-KVB-900ZB,"nhựa ốp sàn trái ,ốp sàn trái Click 110 (2005-2012) Xám nhám *NH187R*"
64307-K0R-V00,"Xi nạ crom, nẹp ốp trang trí nạ,ỐP nạ nhỏ nhựa xi SH 125/150/160 (2020-2025)"
64308-K1N-V00,"chắn sình trước, ốp phía dưới  trước, gầm đứng SH mode 125 (2021-2025)"
64308-K29-900,"chắn sình trước , ốp phía dưới  trước, gầm đứng SH mode 125 (2013-2020)"
64308-K29-960,"chắn sình trước, ốp phía dưới  trước, gầm đứng SH mode 125 (2013-2020)"
64308-K2C-V00,"chắn sình trước nhựa nhám, ốp phía dưới  trước, gầm đứng Vision 110 (2021-2026+)"
64308-K2S-N00ZB,"chắn sình trước nhựa nhám, ốp phía dưới  trước, gầm đứng Vario 160, Click 160 (2022-2025)"
64308-K2V-N30ZA,"chắn sình trước nhựa nhám, ốp phía dưới  trước, gầm đứng Vario 125, Click 125 (2022-2025)"
64308-K44-V00ZA,"chắn sình trước nhựa nhám, ốp phía dưới  trước, gầm đứng Vision 110 (2014-2020) "
64308-KVB-900ZB,"ốp dưới gầm xe ,ốp sàn dưới Click 110 (2005-2012) Xám nhám *NH187R*"
64308-KZL-930ZA,"chắn sình trước nhựa nhám, ốp phía dưới  trước, gầm đứng Vision 110 (2011-2013)"
64310-GBG-B20ZC,"mặt nạ trước Sper Dream 100, DREAM II (1997-2009) Nâu - *R150C*"
64310-GGE-900,"Sàn để chân, sàn nhựa Lead 110, SCR 110 (2008-2012) đen nhám"
64310-K03-M60ZA,"Yếm ổ khóa, ốp ống yếm chínhRSX 110cc (2014-2015) Đen nhám "
64310-K03-M60ZB,"Yếm ổ khóa, ốp ống yếm chính RSX 110cc (2014-2023) ĐỎ nhám "
64310-K07-940ZA,"Yếm ổ khóa, ốp ống yếm chính RSX 110cc (2012-2013) Đen nhám (kiểu siêu nhân, bọ ngựa)"
64310-K0R-VA0ZA,"Mặt Nạ ngoài lớn ,mặt nạ trước,ốp mặt nạ lớn, SH 125/150/160 (2020-2025)"
64310-K12-900ZA,"Sàn để chân, sàn nhựa Lead 125 (2013-2016) VÀNG nhám"
64310-K12-900ZB,"Sàn để chân, sàn nhựa Lead 125 (2013-2016) NÂU nhám"
64310-K12-900ZC,"Sàn để chân, sàn nhựa Lead 125 (2013-2016) Đen nhám"
64310-K12-V00ZA,"Sàn để chân, sàn nhựa Lead 125 (2018-2019) NÂU nhám"
64310-K12-V00ZB,"Sàn để chân, sàn nhựa Lead 125 (2018-2019) Đen nhám"
64310-K1F-V00ZA,"Nạ trước nhỏ có tem honda ,ốp mặt nạ trước Air blade (AB)125/150 (2020-2025) Đỏ Đô*R368C*"
64310-K1F-V00ZB,"Nạ trước nhỏ có tem honda ,ốp mặt nạ trước Air blade (AB)125/150 (2020-2025) Xanh mực*PB421M*"
64310-K1F-V00ZC,"Nạ trước nhỏ có tem honda ,ốp mặt nạ trước Air blade (AB)125/150 (2020-2025) Xám đậm *NHC04M*"
64310-K1F-V00ZD,"Nạ trước nhỏ có tem honda ,ốp mặt nạ trước Air blade (AB)125/150 (2020-2025) Đen bóng- NHB25M*"
64310-K1F-V00ZE,"Nạ trước nhỏ có tem honda ,ốp mặt nạ trước Air blade (AB)125/150 (2020-2025)  Đen nhám *NHA76M*"
64310-K1F-V00ZF,"Nạ trước nhỏ có tem honda ,ốp mặt nạ trước Air blade (AB)125/150 (2020-2025) Đen bóng- NHA69P*"
64310-K1N-V00ZA,"Sàn để chân, sàn nhựa gác chân SH mode 125 (2021-2025) NÂU nhám"
64310-K1N-V00ZB,"Sàn để chân, sàn nhựa gác chân SH mode 125 (2021-2025) Đen nhám"
64310-K2C-V00ZA,"Sàn để chân, sàn nhựa gác chân Vision 110 (2021-2026+) NÂU nhám"
64310-K2C-V00ZB,"Sàn để chân, sàn nhựa gác chân Vision 110 (2021-2026+) Đen nhám"
64310-K2P-V00ZA,"Mặt nạ trước,ốp mặt nạ pha đèn,Bộ tấm ốp bảo vệ yếm Winner X-V2 (2019-2021) Đen nhám *NHA76M*"
64310-K2S-N00ZB,"Sàn để chân, sàn nhựa gác chân Vario 160, Click 160 (2022-2025) NÂU nhám"
64310-K2S-N00ZC,"Sàn để chân, sàn nhựa gác chân Vario 160, Click 160 (2022-2025) Đen nhám"
64310-K2T-V00ZA,"Sàn để chân, sàn nhựa gác chân Lead 125  (2021-2025) NÂU nhám"
64310-K2T-V00ZB,"Sàn để chân, sàn nhựa gác chân Lead 125  (2021-2025) Đen nhám"
64310-K2V-N30ZA,"Sàn để chân, sàn nhựa gác chân Vario 125, Click 125 (2022-2025) đen nhám"
64310-K44-V00ZA,"Sàn để chân, sàn nhựa gác chân Vision 110 (2014-2020) NÂU nhám"
64310-K44-V00ZB,"Sàn để chân, sàn nhựa gác chân Vision 110 (2014-2020) Đen nhám"
64310-K90-VM0ZA,"Yếm ổ khóa, ốp ống yếm chính Wave RSX 110cc (2014 - 2016)  Đen nhám "
64310-KFV-790ZB,"mặt nạ trước LỒI Sper Dream 100, DREAM II (1997-2009) Nâu - *R150C*"
64310-KPH-700YC,"Tấm ốp động cơ,mỏ cày, nhựa gầm Future Neo 125, 125 GT, 125 FI (2005-2008) Xanh *B206M*"
64310-KPH-700YD,"Tấm ốp động cơ,mỏ cày, nhựa gầm Future Neo 125, 125 GT, 125 FI (2005-2008) Đỏ *R313C*"
64310-KPH-700ZC,"Tấm ốp động cơ,mỏ cày, nhựa gầm Future Neo 125, 125 GT, 125 FI (2005-2008) BẠC *NH 411M*"
64310-KPH-700ZU,"Tấm ốp động cơ,mỏ cày, nhựa gầm Future Neo 125, 125 GT, 125 FI (2005-2008) Đen *A69P*"
64310-KPH-700ZV,"Tấm ốp động cơ,mỏ cày, nhựa gầm Future Neo 125, 125 GT, 125 FI (2005-2008) XÁM *A62M*"
64310-KPH-900ZF,"Tấm ốp động cơ,mỏ cày, nhựa gầm  Future II (125cc)(2004-2005) Đen-nh359m*"
64310-KVB-N70ZA,"Sàn để chân, sàn nhựa gác chân Click 110 (2005-2012) đen nhám"
64310-KWW-600,"Yếm ổ khóa, ốp ống yếm chính  Wave S110, Wave RS 110 (2009-2010)  Đen nhám "
64310-KWW-640,"Yếm ổ khóa, ốp ống yếm chính Wave S 110, Wave RS 110(2012-2013) đen nhám"
64310-KWW-710ZA,"Yếm ổ khóa, ốp ống yếm chính  Wave RSX 110 (2009-2010) Xám -NH262M*"
64310-KWW-710ZB,"Yếm ổ khóa, ốp ống yếm chính  Wave RSX 110 (2009-2010) BẠC- 411M*"
64310-KWW-710ZD,"Yếm ổ khóa, ốp ống yếm chính Wave RSX 110 (2009-2010) ĐỎ - 313C*"
64310-KWW-710ZF,"Yếm ổ khóa, ốp ống yếm chính Wave RSX 110 (2010-2012) ĐỎ - 340C*"
64310-KWW-710ZG,"Yếm ổ khóa, ốp ống yếm chính Wave RSX 110 (2010-2012)TRẮNG -A96P"
64310-KWW-710ZH,"Yếm ổ khóa, ốp ống yếm chính Wave RSX 110 (2010-2012) Đen bóng- A69M*"
64310-KWW-710ZJ,"Yếm ổ khóa, ốp ống yếm chính Wave RSX 110 (2010-2012) Xanh ngọc - B206M"
64310-KZL-930ZA,"Sàn để chân, sàn nhựa gác chân Vision 110 (2011-2013) Đen nhám"
64310-KZL-930ZD,"Sàn để chân, sàn nhựa gác chân Vision 110 (2011-2013) Nâu nhám"
64311-GBG-B20ZD,#N/A
64311-K0R-V00ZA,"Sàn để chân, sàn nhựa gác chân SH 125/150/160 (2020-2025) Đen nhám"
64311-K1F-V00ZA,"sàn để chân phải, tấm bắt sàn phải gác chân trước Air blade (AB)125/150 (2020-2021) đen nhám"
64311-K27-V00ZA,"sàn để chân phải, tấm bắt sàn phải gác chân trước Air blade 125 (2013-2015) đen nhám"
64311-K2Z-V00ZA,"sàn để chân phải, tấm bắt sàn phải gác chân trước Air blade (AB)125/160 (2022-2025) đen nhám"
64311-K35-V00ZA,"sàn để chân phải, tấm bắt sàn phải gác chân trước  Pcx 125 (2014-2016)  đen nhám"
64311-K66-V00,"sàn để chân phải, tấm bắt sàn phải gác chân trước Air blade 125 (2016-2019) đen nhám"
64311-K77-V00ZA,"Sàn để chân, sàn nhựa gác chân SH 125/150 (2017-2019) đen nhám"
64311-K97-T00ZA,"sàn để chân phải, tấm bắt sàn phải gác chân trước  Pcx 125 (2017-2019) đen nhám"
64311-KFV-830ZA,#N/A
64311-KVG-950,"sàn để chân phải, tấm bắt sàn phải gác chân trước Air blade 110, 110 Fi (2007-2010) đen nhám"
64311-KVG-V40,"sàn để chân phải, tấm bắt sàn phải gác chân trước Air blade (AB)110 Fi (2011-2012) đen nhám"
64311-KWN-710ZB,"sàn để chân phải, tấm bắt sàn phải gác chân trước  Pcx 125 (2010-2013) Đỏ  nhám"
64311-KWN-710ZC,"sàn để chân phải, tấm bắt sàn phải gác chân trước  Pcx 125 (2010-2013) Đen nhám"
64311-KWN-900ZA,"sàn để chân phải, tấm bắt sàn phải gác chân trước  Pcx 125 (2010-2013) Nâu nhám"
64312-K01-900ZA,"Sống yên,Ốp trung tâm dưới đầu yên SH 125/150 (2012-2016) đen nhám"
64312-K0R-V00ZA,"Sống yên,Ốp trung tâm dưới đầu yên SH 125/150/160 (2020-2025) đen nhám"
64312-K77-V00ZA,"Sống yên,Ốp trung tâm dưới đầu yên SH 125/150/160 (2020-2025) đen nhám"
64313-K73-V40ZA,"Mặt nạ ,Ốp mặt nạ trước Future 125 Fi, Future 125 Mập (2016-2021) Màu Nâu *YR303M*"
64313-K73-V40ZB,"Mặt nạ ,Ốp mặt nạ trước Future 125 Fi, Future 125 Mập (2016-2021) Đỏ Đô Nho *R350C*"
64313-K73-V40ZC,"Mặt nạ ,Ốp mặt nạ trước Future 125 Fi, Future 125 Mập  (2016-2021) Đỏ tươi *R340C*"
64313-K73-V40ZD,"Mặt nạ ,Ốp mặt nạ trước Future 125 Fi, Future 125 Mập (2016-2021)  Xanh đá *PB389*"
64313-K73-V40ZE,"Mặt nạ ,Ốp mặt nạ trước Future 125 Fi, Future 125 Mập (2016-2021) ĐEN -*B25M*"
64313-K73-V40ZF,"Mặt nạ ,Ốp mặt nạ trước Future 125 Fi, Future 125 Mập (2016-2021) Đen Nhám *76M*"
64313-K73-V40ZK,"Mặt nạ ,Ốp mặt nạ trước Future 125 Fi, Future 125 Mập (2016-2026+) TRẮNG *B55P*"
64313-K73-V40ZL,"Mặt nạ ,Ốp mặt nạ trước Future 125 Fi, Future 125 Mập (2016-2026+) TRẮNG *B193P*"
64313-K73-V40ZM,"Mặt nạ ,Ốp mặt nạ trước Future 125 Fi, Future 125 Mập (2016-2026+) Màu BẠC-NH411M"
64313-K73-V40ZP,"Mặt nạ ,Ốp mặt nạ trước Future 125 Fi, Future 125 Mập (2016-2026+) Xanh Nhám *NHC34*"
64313-K73-V40ZR,"Mặt nạ ,Ốp mặt nạ trước Future 125 Fi, Future 125 Mập (2016-2026+)Xanh Mực đậm-*B421M*P*"
64313-KYZ-G01ZA,"Mặt nạ V, bộ ốp trước trên Future 125 , Future Fi ,Future mập,(2014-2016)  vàng Đồng-R206M*"
64313-KYZ-G01ZB,"Mặt nạ V, bộ ốp trước trên Future 125 , Future Fi ,Future mập,(2014-2016) Đỏ tươi *R340C*"
64313-KYZ-G01ZC,"Mặt nạ V, bộ ốp trước trên Future 125 , Future Fi ,Future mập,(2014-2016) xám đậm-B12M*"
64313-KYZ-G01ZD,"Mặt nạ V, bộ ốp trước trên Future 125 , Future Fi ,Future mập,(2014-2016) Xám chì -a62m*"
64313-KYZ-G01ZE,"Mặt nạ V, bộ ốp trước trên Future 125 , Future Fi ,Future mập,(2014-2016) Đen-B25M*"
64314-K01-900ZA,"nắp ốp sàn để chân đậy bình ắc quy , nắp ốp đầu động cơ SH 125/150 (2012-2016)"
64314-K77-V00ZA,"nắp ốp sàn để chân đậy bình ắc quy , nắp ốp đầu động cơ SH 125/150 (2017-2019)"
64315-K12-900,"sàn rác,ốp dưới , ốp gầm, lườn gầm Lead 125 (2013-2016) Đen nhám"
64315-K12-V00,"sàn rác,ốp dưới , ốp gầm, lườn gầm Lead 125 (2017-2019) Đen nhám"
64315-K29-900ZA,"Sàn để chân, sàn nhựa gác chân SH mode 125 (2013-2020) NÂU đậm nhám"
64315-K29-900ZB,"Sàn để chân, sàn nhựa gác chân SH mode 125 (2013-2020) Đỏ nhám"
64315-K29-900ZC,"Sàn để chân, sàn nhựa gác chân SH mode 125 (2013-2020) Đen nhám"
64315-K29-900ZD,"Sàn để chân, sàn nhựa gác chân SH mode 125 (2013-2020) NÂU nhạt nhám"
64315-K2P-V40ZA,"Mặt nạ trước,ốp mặt nạ pha đèn,nắp trên mặt nạ Winner X-V2,V3 (2019-2021) Đỏ -R340C*"
64315-K2T-V00,"sàn rác,ốp dưới , ốp gầm, lườn gầm Lead 125 (2021-2025) Đen nhám"
64315-K56-V50ZG,"Mặt nạ trước,ốp trên mặt nạ ,nắp ốp phía trước Winner X-V2,V3 (2019-2021) Xanh-B189C*"
64315-K56-V50ZH,"Mặt nạ trước,ốp trên mặt nạ ,nắp ốp phía trước Winner X-V2,V3 (2019-2021) Xanh-B189C*"
64315-K56-V50ZJ,"Mặt nạ trước,ốp trên mặt nạ ,nắp ốp phía trước Winner X-V2,V3 (2019-2021) Bạc nhám- B189M* "
64315-K56-V50ZK,"Mặt nạ trước,ốp trên mặt nạ ,nắp ốp phía trước Winner X-V2,V3 (2019-2021) Xanh mực *P421*"
64315-K56-V50ZL,"Mặt nạ trước,ốp trên mặt nạ ,nắp ốp phía trước Winner X-V2,V3 (2019-2021) Đỏ Tươi - R389*"
64315-K56-V60ZA,"Mặt nạ trước,ốp trên mặt nạ ,nắp ốp phía trước Winner X-V2,V3 (2019-2021) Đen Nhám *76M*"
64315-K56-V60ZB,"Mặt nạ trước,ốp trên mặt nạ ,nắp ốp phía trước Winner X-V2,V3 (2019-2021) BẠC-NHA40M*"
64315-K56-V60ZC,"Mặt nạ trước,ốp trên mặt nạ ,nắp ốp phía trước Winner X-V2,V3 (2019-2021) Đỏ Tươi - R389*"
64315-K56-V60ZD,"Mặt nạ trước,ốp trên mặt nạ ,nắp ốp phía trước Winner X-V2,V3 (2019-2021) Xanh mực-B421M*"
64315-K56-V60ZE,"Mặt nạ trước,ốp trên mặt nạ ,nắp ốp phía trước Winner X-V2,V3 (2019-2021) ĐEN-NHB25M*"
64315-K56-V70ZA,"Mặt nạ trước,ốp trên mặt nạ ,nắp ốp phía trước Winner X-V2,V3 (2019-2021) Đỏ Tươi - R389*"
64315-K77-V00ZA,"nắp ốp sàn để chân,Nắp hộp chứa dung dịch làm mát *NH1*SH 125/150 (2017-2019)"
64316-KVG-900,"nắp chụp bugi , chụp nhựa bảo dưỡng bugi Air blade 110, 110 Fi (2007-2010) đen nhám"
64316-KVG-V40,"nắp chụp bugi , chụp nhựa bảo dưỡng bugi Air blade (AB)110 Fi (2011-2012) đen nhám"
64317-K77-V00ZA,nắp dưới ốp sàn để chân đậy bình ắc quy  SH 125/150 (2017-2019)
64320-GN5-940,"Lưỡi trâu cao su, tấm bảo vệ cao su yếm bửng Sper Dream 100, DREAM II (1997-2009)"
64320-K01-600ZB,"(Nạ )bộ mặt nạ trước, bộ trang trí ốp trước mặt nạ SH 125/150 (2012-2016) Đỏ -R340*"
64320-K01-600ZD,"(Nạ )bộ mặt nạ trước, bộ trang trí ốp trước mặt nạ SH 125/150 (2012-2016) Xám chì -R320*"
64320-K01-900ZA,"(Nạ )bộ mặt nạ trước, bộ trang trí ốp trước mặt nạ SH 125/150 (2012-2016) Đỏ Đô- R350C*"
64320-K01-900ZE,"(Nạ )bộ mặt nạ trước, bộ trang trí ốp trước mặt nạ SH 125/150 (2012-2016) ĐEN Bóng-NHA69P"
64320-K07-900ZD,"ỐP ỐNG NỐI BẦU LỌC GIÓ RSX 110cc (2012-2013) vàng đồng *YR-317M*(kiểu siêu nhân, bọ ngựa)"
64320-K07-900ZE,ỐP ỐNG NỐI BẦU LỌC GIÓ RSX 110cc (2012-2013) Đỏ -R340*
64320-K07-900ZF,"ỐP ỐNG NỐI BẦU LỌC GIÓ RSX 110cc (2012-2013) TRẮNG- B35P*(kiểu siêu nhân, bọ ngựa)"
64320-K07-900ZG,ỐP ỐNG NỐI BẦU LỌC GIÓ RSX 110cc (2012-2013) ĐEN Bóng-NHA69P
64320-K07-900ZH,"ỐP ỐNG NỐI BẦU LỌC GIÓ RSX 110cc (2012-2013) XÁM ghi -A62M(kiểu siêu nhân, bọ ngựa)"
64320-K07-900ZN,ỐP ỐNG NỐI BẦU LỌC GIÓ RSX 110cc (2012-2013)Xanh ngọc 206M*
64320-K0S-V50ZB,"Bộ ốp sàn phải , nẹp sàn phải SH 160 (2020-2025) đen nhám"
64320-K12-900,"chắn sình trước nhựa nhám ,ốp trước bên trong Lead 125 (2013-2016) Đen nhám"
64320-K12-V00,"chắn sình trước nhựa nhám ,ốp trước bên trong Lead 125 (2018-2019) Đen  nhám"
64320-K27-630ZA,"Yếm ổ khóa, ốp ống yếm chính Air blade(AB)125 (2013-2015)  đen nhám"
64320-K27-V60ZA,"Yếm ổ khóa, ốp ống yếm chính Air blade(AB)125 (2013-2015) XÁM ghi bóng"
64320-K2P-V60,"Yếm ổ khóa, ốp ống yếm chính Winner X-V3,V4 (2022-2025) Đen nhám  không USB sạc"
64320-K2P-V70,"Yếm ổ khóa, ốp ống yếm chính Winner X-V3,V4 (2022-2025) Đen nhám  Có USB sạc"
64320-K2T-V00,"chắn sình trước nhựa nhám ,ốp trước bên trong Lead 125 (2021-2025) Đen  nhám"
64320-K2V-N30ZA,"Nhựa nhám yếm, co bửng nhỏ vario 125 (2023-2026) đen nhám"
64320-K56-V00ZA,"Yếm ổ khóa, ốp ống yếm chính Winner (2016-2019) Đen nhám  "
64320-K56-V20ZB,"Yếm ổ khóa, ốp ống yếm chính Winner (2016-2019) Đỏ nhám  "
64320-K56-V50ZA,"Yếm ổ khóa, ốp ống yếm chính Winner X-V2 (2019-2021) Đen nhám  không USB sạc"
64320-K57-V00,"Yếm ổ khóa, ốp ống yếm chính  Wave Blade 110 (2017-2025)"
64320-K66-V10ZH,#N/A
64320-K66-V10ZJ,"Yếm ổ khóa, ốp ống yếm chính  Air Blade 125 (2016-2019) ĐỎ-R340C"
64320-K66-V10ZK,"Yếm ổ khóa, ốp ống yếm chính  Air Blade 125 (2016-2019) Xanh mực-B390M"
64320-K66-V10ZL,"Yếm ổ khóa, ốp ống yếm chính  Air Blade 125 (2016-2019) Xám  đậm -B83M"
64320-K66-V10ZM,"Yếm ổ khóa, ốp ống yếm chính  Air Blade 125 (2016-2019) Xám Ghi nhạt -B56M"
64320-K66-V10ZN,"Yếm ổ khóa, ốp ống yếm chính  Air Blade 125 (2016-2019) Trắng-*NHB35P*"
64320-K66-V10ZP,"Yếm ổ khóa, ốp ống yếm chính  Air Blade 125 (2016-2019) ĐEN Bóng- 25M*"
64320-K66-V90ZA,"Yếm ổ khóa, ốp ống yếm chính  Air Blade 125 (2016-2019) ĐEN Bóng- 25M*"
64320-K66-VG0ZB,"Yếm ổ khóa, ốp ống yếm chính  Air Blade 125 (2016-2019) ĐEN tem đỏ - 25M*"
64320-K66-VQ0ZB,"Yếm ổ khóa, ốp ống yếm chính  Air Blade 125 (2016-2019) ĐEN Bóng- 25M*"
64320-K73-V00ZA,"Yếm ổ khóa, ốp ống yếm chính Future 125 Fi, Future 125 Mập (2016-2019) đen nhám"
64320-K73-V40ZA,"Yếm ổ khóa, ốp ống yếm chính Future 125 Fi, Future 125 Mập (2018-2019) Màu Nâu *YR303M*"
64320-K73-V40ZB,"Yếm ổ khóa, ốp ống yếm chính  Future 125 Fi, Future 125 Mập (2018-2019) Đỏ Đô Nho *R350C*"
64320-K73-V40ZC,"Yếm ổ khóa, ốp ống yếm chính  Future 125 Fi, Future 125 Mập (2018-2019) Đỏ tươi *R340C*"
64320-K73-V40ZD,"Yếm ổ khóa, ốp ống yếm chính  Future 125 Fi, Future 125 Mập (2018-2019) Xanh đá *PB389*"
64320-K73-V40ZE,"Yếm ổ khóa, ốp ống yếm chính  Future 125 Fi, Future 125 Mập (2018-2019) ĐEN bóng  *B25M*"
64320-K73-V40ZF,"Yếm ổ khóa, ốp ống yếm chính  Future 125 Fi, Future 125 Mập (2018-2019) Đen Nhám *76M*"
64320-K73-V40ZG,"Yếm ổ khóa, ốp ống yếm chính  Future 125 Fi, Future 125 Mập ((2019-2026+) Trắng ngọc trai -NH55P*"
64320-K73-V40ZH,"Yếm ổ khóa, ốp ống yếm chính  Future 125 Fi, Future 125 Mập (2019-2026+) Trắng đục -NH193P*"
64320-K73-V40ZJ,"Yếm ổ khóa, ốp ống yếm chính  Future 125 Fi, Future 125 Mập (2019-2026+) Bạc -NH24M*"
64320-K89-V00ZA,"Yếm ổ khóa, ốp ống yếm chính Wave 110 (2017-2023)Đen Nhám -NH1*"
64320-KEV-900ZB,"Yếm ổ khóa, ốp ống yếm chính Wave alpha nhỏ 100cc (2001-2005) đen nhám"
64320-KFL-710ZA,"Yếm ổ khóa, ốp ống yếm chính Future 110 (1999-2004) đen nhám"
64320-KPH-700,"Yếm ổ khóa, ốp ống yếm chính Future Neo 125, 125 GT (2005-2008) đen nhám"
64320-KTL-640,"Yếm ổ khóa, ốp ống yếm chính Wave S100,Wave RS100 (2005-2008) đen nhám- lỗ khóa vuông"
64320-KTL-680,"Yếm ổ khóa, ốp ống yếm chính Wave (A) cá 100 (2005-2012)  đen nhám- lỗ khóa tròn"
64320-KTM-640,"Yếm ổ khóa, ốp ống yếm chính Future II -125 (2005-2008) đen nhám"
64320-KVB-V00ZA,"Nạ trước có tem honda ,Bộ ốp mặt nạ trước CLICK 110 (2005-2012) ĐEN bóng- A69P*"
64320-KVB-V00ZB,"Nạ trước có tem honda ,Bộ ốp mặt nạ trước CLICK 110 (2005-2012) Trắng ngọc - A96P*"
64320-KVB-V00ZC,"Nạ trước có tem honda ,Bộ ốp mặt nạ trước CLICK 110 (2005-2012) ĐỎ Tươi - R313C*"
64320-KVL-930ZA,"Yếm ổ khóa, ốp ống yếm chính Future Neo 125 FI (2005-2008) đen Bóng-NHA69P*"
64320-KVL-930ZB,"Yếm ổ khóa, ốp ống yếm chính Future Neo 125 FI (2005-2008) Đỏ -R315P*"
64320-KVL-930ZC,"Yếm ổ khóa, ốp ống yếm chính Future Neo 125 FI (2005-2008) Trắng-A96P*"
64320-KVL-930ZD,"Yếm ổ khóa, ốp ống yếm chính Future Neo 125 FI (2005-2008) Đỏ -R313P*"
64320-KVR-V80,"Yếm ổ khóa, ốp ống yếm chính Wave RSX 100 (2007-2008) "
64320-KWW-A00," ốp ống yếm chính sau,nhựa nhám chữ V giữa yếm, Wave S110, Wave RS 110(2009-2013)"
64320-KWW-A80,"ốp ống yếm sau, nhựa nhám chữ V giữa sau Wave S 110, Wave RS 110(2012-2013) "
64320-KZV-V30,"Yếm giữa, ốp ống yếm chính Sper Dream 110 (2013-2017) đen nhám"
64321-K01-900ZC,"Sàn chống phải ,Bộ ốp sàn phải , nẹp sàn phải SH 125/150 (2012-2016) Đỏ Đô- R350C*"
64321-K01-900ZD,"Sàn chống phải ,Bộ ốp sàn phải , nẹp sàn phải SH 125/150 (2012-2016) TRẮNG- B35P*"
64321-K01-900ZE,"Sàn chống phải ,Bộ ốp sàn phải , nẹp sàn phải SH 125/150 (2012-2016) ĐEN Bóng-NHB25M*"
64321-K01-900ZK,"Sàn chống phải ,Bộ ốp sàn phải , nẹp sàn phải SH 125/150 (2012-2016) Xám ghi -YR320M*"
64321-K01-900ZN,"Sàn chống phải ,Bộ ốp sàn phải , nẹp sàn phải SH 125/150 (2012-2016) Đỏ tươi *R340C*"
64321-K01-900ZP,"Sàn chống phải ,Bộ ốp sàn phải , nẹp sàn phải SH 125/150 (2012-2016) Xanh mực -B390M*"
64321-K0R-V00ZA,"Sàn chống phải ,Bộ ốp sàn phải , nẹp sàn phải SH 125/150/160 (2020-2025) Đỏ Đô- R368M*"
64321-K0R-V00ZD,"Sàn chống phải ,Bộ ốp sàn phải , nẹp sàn phải SH 125/150/160 (2020-2025)TRẮNG- B35P*"
64321-K0R-V00ZE,"Sàn chống phải ,Bộ ốp sàn phải , nẹp sàn phải SH 125/150/160 (2020-2025) ĐEN Bóng-NHB25M*"
64321-K0R-V00ZF,"Sàn chống phải ,Bộ ốp sàn phải , nẹp sàn phải SH 125/150/160 (2020-2025) Đen Nhám *76M*"
64321-K1F-V00ZA,"sàn để chân trái, tấm bắt sàn trái gác chân trước Air blade (AB)125/150 (2020-2021) đen nhám"
64321-K1N-V00ZA,"ốp sàn phải ,Sàn chống phải , nẹp sàn phải SH mode 125 (2021-2024) Đỏ đô- 350C*"
64321-K1N-V00ZD,"ốp sàn phải ,Sàn chống phải , nẹp sàn phải SH mode 125 (2021-2024) TRẮNG - 35P*"
64321-K1N-V00ZE,"ốp sàn phải ,Sàn chống phải , nẹp sàn phải SH mode 125 (2021-2024) Đen Bóng - 25M*"
64321-K1N-V00ZF,"ốp sàn phải ,Sàn chống phải , nẹp sàn phải SH mode 125 (2021-2024) BẠC Nhám -B18M*"
64321-K1N-V00ZG,"ốp sàn phải ,Sàn chống phải , nẹp sàn phải SH mode 125 (2021-2024) XÁM Xi măng - C60P"
64321-K1N-V00ZH,"ốp sàn phải ,Sàn chống phải , nẹp sàn phải SH mode 125 (2021-2024) Đen Nhám -NHA76*"
64321-K1N-V00ZJ,"ốp sàn phải ,Sàn chống phải , nẹp sàn phải SH mode 125 (2021-2024) Đỏ Đô đậm -368C*"
64321-K27-V00ZA,"sàn để chân trái, tấm bắt sàn trái gác chân trước Air blade 125 (2013-2015) đen nhám"
64321-K29-900ZA,"ốp sàn phải ,Sàn chống phải , nẹp sàn phải SH mode 125 (2013-2020) KEM  *R299*"
64321-K29-900ZC,"ốp sàn phải ,Sàn chống phải , nẹp sàn phải SH mode 125 (2013-2020) Đỏ tươi *R340C*"
64321-K29-900ZE,"ốp sàn phải ,Sàn chống phải , nẹp sàn phải SH mode 125 (2013-2020) Xanh mực -B390M*"
64321-K29-900ZF,"ốp sàn phải ,Sàn chống phải , nẹp sàn phải SH mode 125 (2013-2020) TRẮNG - 35P*"
64321-K29-900ZG,"ốp sàn phải ,Sàn chống phải , nẹp sàn phải SH mode 125 (2013-2020)  Đen Bóng - 25M*"
64321-K29-900ZM,"ốp sàn phải ,Sàn chống phải , nẹp sàn phải SH mode 125 (2013-2020) Xanh Cốm -Y150*"
64321-K29-900ZN,"ốp sàn phải ,Sàn chống phải , nẹp sàn phải SH mode 125 (2013-2020) ) Đỏ đô- 350C"
64321-K29-900ZP,"ốp sàn phải ,Sàn chống phải , nẹp sàn phải SH mode 125 (2013-2020) ) BẠC Nhám -B18M*"
64321-K29-900ZQ,"ốp sàn phải ,Sàn chống phải , nẹp sàn phải SH mode 125 (2013-2020) ) Đỏ Đô đậm -368C*"
64321-K29-900ZR,"ốp sàn phải ,Sàn chống phải , nẹp sàn phải SH mode 125 (2013-2020) ) Xanh da trời nhạt -B408P*"
64321-K29-900ZV,"ốp sàn phải ,Sàn chống phải , nẹp sàn phải SH mode 125 (2013-2020) ) Xanh mực đậm  -B420M*"
64321-K2Z-V00ZA,"sàn để chân trái, tấm bắt sàn trái gác chân trước Air blade (AB)125/160 (2022-2025) đen nhám"
64321-K35-V00ZA,"sàn để chân trái, tấm bắt sàn trái gác chân trước  Pcx 125 (2014-2016)  đen nhám"
64321-K66-V00,"sàn để chân trái, tấm bắt sàn trái gác chân trước Air blade 125 (2016-2019) đen nhám"
64321-K77-V00ZB,"ốp sàn phải ,Sàn chống phải , nẹp sàn phải  SH 125/150 (2017-2019) Xanh Mực-B403P*"
64321-K77-V00ZE,"ốp sàn phải ,Sàn chống phải , nẹp sàn phải  SH 125/150 (2017-2019) Đen bóng- 25M*"
64321-K77-V00ZF,"ốp sàn phải ,Sàn chống phải , nẹp sàn phải  SH 125/150 (2017-2019) Xanh nhớt- G209*"
64321-K77-V00ZG,"ốp sàn phải ,Sàn chống phải , nẹp sàn phải  SH 125/150 (2017-2019) Đỏ Đô đậm -368C*"
64321-K77-V00ZH,"ốp sàn phải ,Sàn chống phải , nẹp sàn phải  SH 125/150 (2017-2019) Kem nhạt - NHB86M*"
64321-K77-V00ZJ,"ốp sàn phải ,Sàn chống phải , nẹp sàn phải  SH 125/150 (2017-2019)  TRẮNG - B35P*"
64321-K77-V00ZW,"ốp sàn phải ,Sàn chống phải , nẹp sàn phải  SH 125/150 (2017-2019) Đen nhám- NH76M*"
64321-K77-V00ZX,"ốp sàn phải ,Sàn chống phải , nẹp sàn phải  SH 125/150 (2017-2019) Xám bạc -A40M*"
64321-K97-T00ZA,"sàn để chân trái, tấm bắt sàn  trái gác chân trước  Pcx 125 (2017-2019) đen nhám"
64321-KVG-950,"sàn để chân trái, tấm bắt sàn trái gác chân trước Air blade 110, 110 Fi (2007-2010) đen nhám"
64321-KVG-V40,"sàn để chân trái, tấm bắt sàn trái gác chân trước Air blade (AB)110 Fi (2011-2012) đen nhám"
64321-KWN-710ZB,"sàn để chân trái, tấm bắt sàn trái gác chân trước  Pcx 125 (2010-2013) Đỏ  nhám"
64321-KWN-710ZC,"sàn để chân trái, tấm bắt sàn trái gác chân trước  Pcx 125 (2010-2013) Đen nhám"
64321-KWN-900ZA,"sàn để chân trái, tấm bắt sàn trái gác chân trước  Pcx 125 (2010-2013) Nâu nhám"
64322-K01-900ZC,"Sàn chống trái ,Bộ ốp sàn trái ,nẹp sàn trái SH 125/150 (2012-2016) Đỏ Đô- R350C*"
64322-K01-900ZD,"Sàn chống trái ,Bộ ốp sàn trái ,nẹp sàn trái SH 125/150 (2012-2016) TRẮNG- B35P*"
64322-K01-900ZE,"Sàn chống trái ,Bộ ốp sàn trái ,nẹp sàn trái SH 125/150 (2012-2016) ĐEN Bóng-NHB25M*"
64322-K01-900ZK,"Sàn chống trái ,Bộ ốp sàn trái ,nẹp sàn trái  SH 125/150 (2012-2016) Xám ghi -YR320M*"
64322-K01-900ZN,"Sàn chống trái ,Bộ ốp sàn trái ,nẹp sàn trái SH 125/150 (2012-2016) Đỏ tươi *R340C*"
64322-K01-900ZP,"Sàn chống trái ,Bộ ốp sàn trái ,nẹp sàn trái SH 125/150 (2012-2016) Xanh mực -B390M*"
64322-K0R-V00ZA,"Sàn chống trái ,Bộ ốp sàn trái ,nẹp sàn trái SH 125/150/160 (2020-2025) Đỏ Đô- R368M*"
64322-K0R-V00ZD,"Sàn chống trái ,Bộ ốp sàn trái ,nẹp sàn trái SH 125/150/160 (2020-2025)TRẮNG- B35P*"
64322-K0R-V00ZE,"Sàn chống trái ,Bộ ốp sàn trái ,nẹp sàn trái SH 125/150/160 (2020-2025) ĐEN Bóng-NHB25M*"
64322-K0R-V00ZF,"Sàn chống trái ,Bộ ốp sàn trái , nẹp sàn trái SH 125/150/160 (2020-2025) Đen Nhám *76M*"
64322-K1N-V00ZA,"ốp sàn trái ,Sàn chống trái , nẹp sàn trái SH mode 125 (2021-2024) Đỏ đô- 350C*"
64322-K1N-V00ZB,"ốp sàn phải ,Sàn chống phải , nẹp sàn phải SH mode 125 (2021-2024) Xanh đậm- 410B*"
64322-K1N-V00ZD,"ốp sàn trái ,Sàn chống trái , nẹp sàn trái SH mode 125 (2021-2024) TRẮNG - 35P*"
64322-K1N-V00ZE,"ốp sàn trái ,Sàn chống trái , nẹp sàn trái SH mode 125 (2021-2024) Đen Bóng - 25M*"
64322-K1N-V00ZF,"ốp sàn trái ,Sàn chống trái , nẹp sàn trái SH mode 125 (2021-2024) BẠC Nhám -B18M*"
64322-K1N-V00ZG,"ốp sàn trái ,Sàn chống trái , nẹp sàntrái SH mode 125 (2021-2024) XÁM Xi măng - C60P"
64322-K1N-V00ZH,"ốp sàn trái ,Sàn chống trái , nẹp sàn trái SH mode 125 (2021-2024) Đen Nhám -NHA76*"
64322-K1N-V00ZJ,"ốp sàn trái ,Sàn chống trái , nẹp sàn trái SH mode 125 (2021-2024) Đỏ Đô đậm -368C*"
64322-K29-900ZA,"ốp sàn trái ,Sàn chống trái , nẹp sàn trái SH mode 125 (2013-2020) KEM  *R299*"
64322-K29-900ZC,"ốp sàn trái ,Sàn chống trái , nẹp sàn trái SH mode 125 (2013-2020) Đỏ tươi *R340C*"
64322-K29-900ZD,"ốp sàn phải ,Sàn chống phải , nẹp sàn phải SH mode 125 (2013-2020) Màu Hồng *R192P*"
64322-K29-900ZE,"ốp sàn trái ,Sàn chống trái , nẹp sàn trái SH mode 125 (2013-2020) Xanh mực -B390M*"
64322-K29-900ZF,"ốp sàn trái ,Sàn chống trái , nẹp sàn trái SH mode 125 (2013-2020) TRẮNG - 35P*"
64322-K29-900ZG,"ốp sàn trái ,Sàn chống trái , nẹp sàn trái SH mode 125 (2013-2020)  Đen Bóng - 25M*"
64322-K29-900ZJ,"ốp sàn trái ,Sàn chống trái , nẹp sàn trái SH mode 125 (2013-2020)  XÁM CHÌ -R320M*"
64322-K29-900ZM,"ốp sàn trái ,Sàn chống trái , nẹp sàn trái SH mode 125 (2013-2020) Xanh Cốm -Y150*"
64322-K29-900ZN,"ốp sàn trái ,Sàn chống trái , nẹp sàn trái SH mode 125 (2013-2020)  Đỏ đô- 350C"
64322-K29-900ZP,"ốp sàn trái ,Sàn chống trái , nẹp sàn trái SH mode 125 (2013-2020)  BẠC Nhám -B18M*"
64322-K29-900ZQ,"ốp sàn trái ,Sàn chống trái , nẹp sàn trái SH mode 125 (2013-2020) Đỏ Đô đậm -368C*"
64322-K29-900ZR,"ốp sàn trái ,Sàn chống trái , nẹp sàn trái SH mode 125 (2013-2020)  Xanh da trời nhạt -B408P*"
64322-K29-900ZV,"ốp sàn trái ,Sàn chống trái , nẹp sàntrái SH mode 125 (2013-2020) Xanh mực đậm  -B420M*"
64322-K77-V00ZA,"ốp sàn trái ,Sàn chống trái , nẹp sàn trái  SH 125/150 (2017-2019) Xanh Mực-B403P*"
64322-K77-V00ZB,"ốp sàn trái ,Sàn chống trái , nẹp sàn trái  SH 125/150 (2017-2019) Đen bóng- 25M*"
64322-K77-V00ZE,"ốp sàn trái ,Sàn chống trái, nẹp sàn trái SH 125/150 (2017-2019) Xanh nhớt- G209*"
64322-K77-V00ZG,"ốp sàn trái ,Sàn chống trái , nẹp sàn trái  SH 125/150 (2017-2019) Đỏ Đô đậm -368C*"
64322-K77-V00ZH,"ốp sàn trái ,Sàn chống trái , nẹp sàn trái  SH 125/150 (2017-2019) Kem nhạt - NHB86M*"
64322-K77-V00ZJ,"ốp sàn trái ,Sàn chống trái , nẹp sàn trái SH 125/150 (2017-2019) TRẮNG - B35P*"
64322-K77-V00ZW,"ốp sàn trái ,Sàn chống trái , nẹp sàn trái  SH 125/150 (2017-2019) Đen nhám- NH76M*"
64322-K77-V00ZX,"ốp sàn trái ,Sàn chống trái , nẹp sàn trái  SH 125/150 (2017-2019) Xám bạc -A40M*"
64323-K1N-V00ZA,Đệm A ốp sàn để chân Phải  SH mode 125 (2021-2024) Nâu nhám-YR286R*
64323-K1N-V00ZB,Đệm A ốp sàn để chân Phải  SH mode 125 (2021-2024) ĐEN nhám-NH1*
64324-K1N-V00ZA,Đệm B ốp sàn để chân Trái  SH mode 125 (2021-2024) Nâu nhám-YR286R*
64324-K1N-V00ZB,Đệm B ốp sàn để chân Trái  SH mode 125 (2021-2024)  ĐEN nhám-NH1*
64325-K2P-V00ZA,"ốp trung tâm phải, Ốp lườn giữa phải , Winner X-V2 (2019-2021) ĐEN nhám tem xám đỏ *NHA76M*"
64325-K2P-V40ZA,"ốp trung tâm phải, Ốp lườn giữa phải  Winner X-V3,V4 (2022-2025) Bạc tem đỏ cam *R340*"
64325-K2P-V40ZB,"ốp trung tâm phải, Ốp lườn giữa phải  Winner X-V3,V4 (2022-2025) Bạc tem xanh đen *B406*"
64325-K2P-V80ZA,"ốp trung tâm phải, Ốp lườn giữa phải  Winner X-V3,V4 (2022-2025) ĐEN tem xanh đỏ -NH1*"
64325-K2P-VF0ZA,"ốp trung tâm phải, Ốp lườn giữa phải  Winner X-V3,V4 (2022-2025) ĐEN nhám tem đồng *NHA76M*"
64325-K56-N10,"sống yên,ốp chữ U dưới yên, ốp ống yếm sau  Winner (2016-2019) Đen nhám"
64325-K56-V50ZA,"bộ ốp yếm sau phải, Ốp lườn giữa phải ,Winner X-V2,V3 (2019-2021) XANH ngọc *NHA76H*"
64325-K56-V50ZB,"bộ ốp yếm sau phải, Ốp lườn giữa phải ,Winner X-V2,V3 (2019-2021) CAM *YR271*"
64325-K56-V50ZF,"bộ ốp yếm sau phải, Ốp lườn giữa phải ,Winner X-V2,V3 (2019-2021) BẠC tem xám *P421*"
64325-K56-V50ZG,"bộ ốp yếm sau phải, Ốp lườn giữa phải ,Winner X-V2,V3 (2019-2021) BẠC tem đỏ *R389*"
64325-K56-V70ZB,"bộ ốp yếm sau phải, Ốp lườn giữa phải ,Winner X-V2,V3 (2019-2021) Đỏ Tươi tem xanh trắng - R389*"
64325-K89-V00ZA,"ốp bình xăng phải, ốp nhựa nhám trung tâm phải  Wave 110(2017-2023) đen nhám"
64325-KPH-700,"yếm giữa , ốp nhựa trung tâm giữa Future Neo 125, 125 GT (2005-2008) đen nhám"
64325-KPH-900YB,"yếm giữa , ốp nhựa trung tâm giữa Future II (125cc)(2004-2005) Xanh  -107M*"
64325-KPH-900YC,"yếm giữa , ốp nhựa trung tâm giữa Future II (125cc)(2004-2005) Trắng  -193P*"
64325-KPH-900YD,"yếm giữa , ốp nhựa trung tâm giữa Future II (125cc)(2004-2005) TÍM Cà -138M*"
64325-KPH-900YE,"yếm giữa , ốp nhựa trung tâm giữa Future II (125cc)(2004-2005) ĐỎ -161P*"
64325-KVL-930ZA,"yếm giữa , ốp nhựa trung tâm giữa  Future Neo 125 FI (2005-2008) đen Bóng-NHA69P*"
64325-KVL-930ZB,"yếm giữa , ốp nhựa trung tâm giữa  Future Neo 125 FI (2005-2008) Trắng-A96P*"
64325-KVL-930ZC,"yếm giữa , ốp nhựa trung tâm giữa  Future Neo 125 FI (2005-2008) Đỏ -R313P*"
64325-KVL-930ZH,#N/A
64325-KWW-640ZE,"cốp phải,Ốp trung tâm phải ,Cốp bình phải Wave S110(2012-2013) BẠC mỏ chu- 411M*"
64325-KWW-640ZJ,"cốp phải,Ốp trung tâm phải ,Cốp bình phải Wave S110(2013-2014) ĐỎ- R340M*"
64325-KWW-640ZP,"cốp phải,Ốp trung tâm phải ,Cốp bình phải Wave S110(2012-2013) Đồng mỏ chu- Y208M*"
64325-KWW-640ZQ,"cốp phải,Ốp trung tâm phải ,Cốp bình phải Wave S110(2010-2013) Trắng   - B35B*"
64325-KWW-640ZR,"cốp phải,Ốp trung tâm phải ,Cốp bình phải Wave S110(2011-2013) XÁM  tem hoa văn  - B35B*"
64325-KWW-640ZX,"cốp phải,Ốp trung tâm phải ,Cốp bình phải Wave S110(2013-2014) ĐEN bóng - B25M*"
64325-KYZ-900YA,"ốp yếm khóa ,ốp trên ống chính dưới Future 125 Fi (2011-2018) ĐỎ -340C*"
64325-KYZ-900YB,"ốp yếm khóa ,ốp trên ống chính dưới Future 125 Fi (2011-2018) ĐEN -A69P*"
64325-KYZ-900YH,"ốp yếm khóa ,ốp trên ống chính dưới Future 125 Fi 2019-2026+) Nâu *Y303M*"
64325-KYZ-900YJ,"ốp yếm khóa ,ốp trên ống chính dưới Future 125 Fi 2019-2026+)  Xanh đá *b389M*"
64325-KYZ-900ZJ,"ốp yếm khóa ,ốp trên ống chính dưới Future 125 Fi (2011-2018) Xám Đậm -B12M*"
64325-KYZ-900ZQ,"ốp yếm khóa ,ốp trên ống chính dưới Future 125 Fi (2011-2018) Vàng Đồng -Y208M*"
64325-KYZ-900ZR,"ốp yếm khóa ,ốp trên ống chính dưới Future 125 Fi (2011-2018) BẠC -B24M*"
64325-KYZ-900ZS,"ốp yếm khóa ,ốp trên ống chính dưới Future 125 Fi (2011-2018) Xám nhạt -A62M*"
64325-KYZ-900ZY,"ốp yếm khóa ,ốp trên ống chính dưới Future 125 Fi (2011-2018) Đỏ Đô -R350*"
64326-K2P-V00ZA,"ốp trung tâm trái, Ốp lườn giữa trái, Winner X-V2 (2019-2021) ĐEN nhám tem xám đỏ *NHA76M*"
64326-K2P-V40ZA,"ốp trung tâm trái, Ốp lườn giữa trái  Winner X-V3,V4 (2022-2025) Bạc tem đỏ cam *R340*"
64326-K2P-V40ZB,"ốp trung tâm trái, Ốp lườn giữa trái  Winner X-V3,V4 (2022-2025) Bạc tem xanh đen *B406*"
64326-K2P-V80ZA,"ốp trung tâm trái, Ốp lườn giữa trái  Winner X-V3,V4 (2022-2025) ĐEN tem xanh đỏ -NH1*"
64326-K2P-VF0ZA,"ốp trung tâm trái, Ốp lườn giữa trái  Winner X-V3,V4 (2022-2025) ĐEN nhám tem đồng *NHA76M*"
64326-K56-V50ZA,"bộ ốp yếm sau trái, Ốp lườn giữa trái ,Winner X-V2,V3 (2019-2021) XANH ngọc *NHA76H*"
64326-K56-V50ZB,"bộ ốp yếm sau trái, Ốp lườn giữa ptrái ,Winner X-V2,V3 (2019-2021) CAM *YR271*"
64326-K56-V50ZC,"bộ ốp yếm sau trái, Ốp lườn giữa trái ,Winner X-V2,V3 (2019-2021) Bạc tem đỏ *A40*"
64326-K56-V50ZF,"bộ ốp yếm sau trái, Ốp lườn giữa trái ,Winner X-V2,V3 (2019-2021) BẠC tem xám *P421*"
64326-K56-V50ZG,"bộ ốp yếm sau trái, Ốp lườn giữa trái ,Winner X-V2,V3 (2019-2021) BẠC tem đỏ *R389*"
64326-K56-V70ZB,"bộ ốp yếm sau trái, Ốp lườn giữa trái ,Winner X-V2,V3 (2019-2021) Đỏ Tươi tem xanh trắng - R389*"
64327-K2P-V60ZA,"Bộ ốp ống yếm sau phải,nhựa ốp bụng thân giữa sau phải Winner X-V3,V4 (2022-2025) ĐỒNG -*Y224*"
64327-K2P-V60ZB,"Bộ ốp ống yếm sau phải,nhựa ốp bụng thân giữa sau phải Winner X-V3,V4 (2022-2025) ĐEN bóng -*NH1*"
64327-K2P-V60ZC,"Bộ ốp ống yếm sau phải,nhựa ốp bụng thân giữa sau phải Winner X-V3,V4 (2022-2025) Xanh nhám -*nhC34*"
64327-K2P-V60ZD,"Bộ ốp ống yếm sau phải,nhựa ốp bụng thân giữa sau phải Winner X-V3,V4 (2022-2025) ĐEN bóng - B25M*"
64327-K56-V50ZB,"Bộ ốp ống yếm sau phải,nhựa ốp bụng thân giữa sau phải Winner X-V2,V3 (2019-2021) Đỏ-R340*"
64327-K56-V50ZD,"Bộ ốp ống yếm sau phải,nhựa ốp bụng thân giữa sau phải Winner X-V2,V3 (2019-2021) Xanh nhám -*nhC406*"
64327-K56-V50ZG,"Bộ ốp ống yếm sau phải,nhựa ốp bụng thân giữa sau phải Winner X-V2,V3 (2019-2021) Xanh ngọc-B189*"
64327-K56-V50ZH,"Bộ ốp ống yếm sau phải ,nhựa ốp bụng thân giữa sau phải Winner X-V2,V3 (2019-2021) BẠC -B24M*"
64327-K56-V50ZL,"Bộ ốp ống yếm sau phải ,nhựa ốp bụng thân giữa sau phải Winner X-V2,V3 (2019-2021) Xanh mực-*PB421*"
64327-K56-V50ZM,"Bộ ốp ống yếm sau phải ,nhựa ốp bụng thân giữa sau phải Winner X-V2,V3 (2019-2021)đen bóng-*NHB25B*"
64328-K2P-V60ZA,"Bộ ốp ống yếm sau trái,nhựa ốp bụng thân giữa sau trái Winner X-V3,V4 (2022-2025) ĐỒNG -*Y224*"
64328-K2P-V60ZB,"Bộ ốp ống yếm sau trái,nhựa ốp bụng thân giữa sau trái Winner X-V3,V4 (2022-2025) ĐEN bóng -*NH1*"
64328-K2P-V60ZC,"Bộ ốp ống yếm sau trái,nhựa ốp bụng thân giữa sau trái Winner X-V3,V4 (2022-2025) Xanh nhám -*nhC34*"
64328-K2P-V60ZD,"Bộ ốp ống yếm sau trái,nhựa ốp bụng thân giữa sau trái Winner X-V3,V4 (2022-2025) ĐEN bóng - B25M*"
64328-K56-V50ZB,"Bộ ốp ống yếm sau trái,nhựa ốp bụng thân giữa sau trái Winner X-V2,V3 (2019-2021) Đỏ-R340*"
64328-K56-V50ZD,"Bộ ốp ống yếm sau trái,nhựa ốp bụng thân giữa sau trái Winner X-V2,V3 (2019-2021) Xanh nhám -*nhC406*"
64328-K56-V50ZG,"Bộ ốp ống yếm sau trái,nhựa ốp bụng thân giữa sau trái Winner X-V2,V3 (2019-2021) Xanh ngọc-B189*"
64328-K56-V50ZH,"Bộ ốp ống yếm sau trái ,nhựa ốp bụng thân giữa sau trái Winner X-V2,V3 (2019-2021) BẠC -B24M*"
64328-K56-V50ZL,"Bộ ốp ống yếm sau tráii ,nhựa ốp bụng thân giữa sau trái Winner X-V2,V3 (2019-2021) Xanh mực-*PB421*"
64328-K56-V50ZM,"Bộ ốp ống yếm sau trái ,nhựa ốp bụng thân giữa sau trái Winner X-V2,V3 (2019-2021)đen bóng-*NHB25B*"
64330-K0S-V50ZB,"Bộ ốp sàn  trái , nẹp sàn  trái  SH 160 (2020-2025) đen nhám"
64330-K1F-V01ZC,"Yếm ổ khóa, ốp ống yếm chính Air blade (AB)125/150 (2020-2025) Đen Bóng *NHB25M*"
64330-K1F-V01ZD,"Yếm ổ khóa, ốp ống yếm chính Air blade (AB)125/150 (2020-2025) đen nhám *NHA76M*"
64330-K1F-V01ZE,"Yếm ổ khóa, ốp ống yếm chính Air blade (AB)125/150 (2020-2025) Đen Bóng *NHB25M*"
64330-K1F-V01ZF,"Yếm ổ khóa, ốp ống yếm chính Air blade (AB)125/150 (2020-2025) Bạc mờ *NHC35*"
64330-K1F-V01ZG,"Yếm ổ khóa, ốp ống yếm chính Air blade (AB)125/150 (2020-2025) Xám ghi *NHC04M*"
64330-K27-V00ZA,"Yếm ổ khóa, ốp ống yếm chính trên Air blade(AB)125 (2013-2015) Đen Bóng *NHB25M*"
64330-K27-V00ZB,"Yếm ổ khóa, ốp ống yếm chính trên Air blade(AB)125 (2013-2015) Xám nhạt - B56M"
64330-K27-V00ZC,"Yếm ổ khóa, ốp ống yếm chính trên Air blade(AB)125 (2013-2015) Đồng -Y221M"
64330-K66-V00ZB,"Yếm ổ khóa, ốp ống yếm chính trên Air Blade 125 (2016-2019) CAM - R322c*"
64330-K66-V00ZC,"Yếm ổ khóa, ốp ống yếm chính trên Air Blade 125 (2016-2019) ĐỎ-R340C"
64330-K66-V00ZG,"Yếm ổ khóa, ốp ống yếm chính trên Air Blade 125 (2016-2019) Trắng-*NHB35P*"
64330-K66-V00ZH,"Yếm ổ khóa, ốp ống yếm chính trên Air Blade 125 (2016-2019) ĐEN Bóng- 25M*"
64330-K66-V00ZJ,"Yếm ổ khóa, ốp ống yếm chính trên Air Blade 125 (2016-2019) Xám Chì nhạt  *A62M*"
64330-K66-VG0ZB,"Yếm ổ khóa, ốp ống yếm chính trên Air Blade 125 (2016-2019) BẠC -NHB24M*"
64330-K66-VG0ZC,"Yếm ổ khóa, ốp ống yếm chính trên Air Blade 125 (2016-2019) Xám đậm -B83M"
64330-K66-VG0ZD,"Yếm ổ khóa, ốp ống yếm chính trên Air Blade 125 (2016-2019) Đồng-Y221M"
64330-K73-V40ZA,"mặt nạ lót trong có tem honda,Bộ ốp trước trên phía trong Future 125 Fi, Future 125 Mập (2018-2019) đen bóng-*NH1*"
64330-K89-V00ZA,"ốp bình xăng trái, ốp nhựa nhám trung tâm trái  Wave A 110(2017-2023) đen nhám"
64330-KVG-900ZK,"Yếm ổ khóa, tấm ốp trên trước chính Air blade 110 (2007-2008) ĐEN Bóng-NHA69P*"
64330-KVG-900ZP,"Yếm ổ khóa, tấm ốp trên trước chính Air blade 110 (2007-2008) TRẮNG -A96P*"
64330-KVG-900ZQ,"Yếm ổ khóa, tấm ốp trên trước chính Air blade 110 (2007-2008) ĐỎ - 313C*"
64330-KVG-900ZV,#N/A
64330-KVG-900ZW,"Yếm ổ khóa, tấm ốp trên trước chính Air blade 110 (2007-2008) Xanh mực -B383M*"
64330-KVG-A30ZH,"Yếm ổ khóa, tấm ốp trên trước chính Air blade 110 FI (2009-2010) ĐỎ - 313C*"
64330-KVG-A30ZJ,#N/A
64330-KVG-A30ZL,"Yếm ổ khóa, tấm ốp trên trước chính Air blade 110 FI (2009-2010) ĐEN Bóng-NHA69P*"
64330-KVG-A30ZM,"Yếm ổ khóa, tấm ốp trên trước chính Air blade 110 FI (2009-2010) TRẮNG -A96P*"
64330-KVG-A30ZN,#N/A
64330-KVG-A30ZP,#N/A
64330-KVG-V40ZA,"Yếm ổ khóa, tấm ốp trên trước chính Air blade 110 FI (2011-2012) ĐỒNG 3D -218M*mẫu đầu bò mập"
64330-KVG-V40ZB,"Yếm ổ khóa, tấm ốp trên trước chính Air blade 110 FI (2011-2012)  XÁM 3D -B56M*mẫu đầu bò mập"
64330-KVG-V40ZC,"Yếm ổ khóa, tấm ốp trên trước chính Air blade 110 FI (2011-2012)  ĐỎ -R34C* mẫu đầu bò mập"
64330-KVG-V40ZD,"Yếm ổ khóa, tấm ốp trên trước chính Air blade 110 FI (2011-2012) TRẮNG -B35P* mẫu đầu bò mập"
64330-KVG-V40ZE,"Yếm ổ khóa, tấm ốp trên trước chính Air blade 110 FI (2011-2012) ĐEN Bóng -NH25M* mẫu đầu bò mập"
64330-KVL-N00,"Yếm ổ khóa, Bộ ốp trên trước chính Future X , Future X FI (2010-2011)"
64330-KVV-900ZA,"bửng , yếm xe  Sper Dream 100, DREAM II (1997-2009) trắng có tem "
64330-KWW-640ZE,"cốp trái ,Ốp trung tâm trái ,Cốp bình trái Wave S110(2012-2013) BẠC mỏ chu- 411M*"
64330-KWW-640ZJ,"cốp trái ,Ốp trung tâm trái ,Cốp bình trái Wave S110(2013-2014) ĐỎ- R340M*"
64330-KWW-640ZQ,"cốp trái ,Ốp trung tâm trái ,Cốp bình trái Wave S110(2012-2013) Đồng mỏ chu- Y208M*"
64330-KWW-640ZR,"cốp trái ,Ốp trung tâm trái ,Cốp bình trái Wave S110(2010-2013) Trắng - B35B*"
64330-KWW-640ZS,"cốp trái ,Ốp trung tâm trái ,Cốp bình trái Wave S110(2011-2013) XÁM mỏ chu - B35B*"
64330-KWW-640ZY,"cốp trái ,Ốp trung tâm trái ,Cốp bình trái Wave S110(2013-2014) ĐEN bóng - B25M*"
64330-KYZ-G01ZA,"mặt nạ lót trong có tem honda,Bộ ốp trước trên phía trong Future 125 Fi (2011-2018) Nâu *Y303M*"
64330-KYZ-G01ZB,"mặt nạ lót trong có tem honda,Bộ ốp trước trên phía trong Future 125 Fi (2011-2018) Đen bóng-*NHB25*"
64330-KYZ-G01ZC,"mặt nạ lót trong có tem honda,Bộ ốp trước trên phía trong Future 125 Fi (2011-2018) Xám Đậm -B12M*"
64330-KYZ-G01ZD,"mặt nạ lót trong có tem honda,Bộ ốp trước trên phía trong Future 125 Fi (2011-2018) ĐỎ -340C*"
64330-KYZ-G01ZE,"mặt nạ lót trong có tem honda,Bộ ốp trước trên phía trong Future 125 Fi (2011-2018)  Xanh đá *B389M*"
64330-KYZ-G01ZF,"mặt nạ lót trong có tem honda,Bộ ốp trước trên phía trong Future 125 Fi (2011-2018) Xám nhạt -A62M*"
64331-K01-900,"sàn rác ,ốp dưới , ốp gầm, lườn gầm SH 125/150 (2012-2016)"
64331-K0R-V00,"sàn rác ,ốp dưới , ốp gầm, lườn gầm SH 125/150/160 (2020-2025)"
64331-K27-V00ZA,#N/A
64331-K77-V00,"sàn rác ,ốp dưới , ốp gầm, lườn gầm SH 125/150 (2017-2019)"
64335-K1F-V00ZC,"(Nắp) Ốp khóa khẩn cấp, nắp phụ mở cốp  Air blade (AB)125/150 (2020-2025) Đen Bóng *NHB25M*"
64335-K1F-V00ZD,"(Nắp) Ốp khóa khẩn cấp, nắp phụ mở cốp  Air blade (AB)125/150 (2020-2025) đen nhám *NHA76M*"
64335-K1F-V00ZE,"(Nắp) Ốp khóa khẩn cấp, nắp phụ mở cốp  Air blade (AB)125/150 (2020-2025) Đen Bóng *NHA69P*"
64335-K1F-V00ZF,"(Nắp) Ốp khóa khẩn cấp, nắp phụ mở cốp  Air blade (AB)125/150 (2020-2025) Bạc mờ *NHC35*"
64335-K1F-V00ZG,"(Nắp) Ốp khóa khẩn cấp, nắp phụ mở cốp  Air blade (AB)125/150 (2020-2025) Xám ghi *NHC04M*"
64335-K2P-V60,"(Nắp) Ốp khóa khẩn cấp, nắp phụ mở cốp  Winner X-V3,V4 (2022-2025) Đen nhám"
64335-K66-VG0ZA,"(Nắp) Ốp khóa khẩn cấp, nắp phụ mở cốp  Air Blade 125 (2016-2019) Đồng-Y221M"
64335-K66-VG0ZB,"(Nắp) Ốp khóa khẩn cấp, nắp phụ mở cốp  Air Blade 125 (2016-2019) Xám đậm -B83M"
64335-K66-VG0ZC,"(Nắp) Ốp khóa khẩn cấp, nắp phụ mở cốp  Air Blade 125 (2016-2019) ĐEN Bóng- 25M*"
64336-K2P-V60,"Chụp bảo vệ điều khiển động cơ,Ốp bộ điều khiển động cơ Winner X-V3,V4 (2022-2025)"
64336-K35-V00ZA,Tấm ốp trước đồng hồ mặt trong kính chắn gió Pcx 125 (2014-2016) đen nhám *NH1*
64336-K97-T00ZA,Tấm ốp trước đồng hồ mặt trong kính chắn gió Pcx 125 (2017-2019) đen nhám *NH1*
64336-KWN-900ZA,Tấm ốp trước đồng hồ mặt trong kính chắn gió Pcx 125 (2010-2013) đen nhám *NH1*
64337-K1F-V00,"hộp Ốp khóa khẩn cấp, hộp phụ mở cốp Air blade (AB)125/150 (2020-2025) Đen "
64337-K35-V00ZA,"Bợ cổ,Tấm ốp sau đồng hồ Pcx 125 (2014-2016) đen nhám *NH1*"
64337-K97-T00ZA,"Bợ cổ,Tấm ốp sau đồng hồ  Pcx 125 (2017-2019) đen nhám *NH1*"
64337-KWN-710ZK,"Bợ cổ,Tấm ốp sau đồng hồ Pcx 125 (2010-2013) Nâu *Y303M*"
64337-KWN-710ZL,"Bợ cổ,Tấm ốp sau đồng hồ Pcx 125 (2010-2013) Đỏ Đô -R350*"
64337-KWN-710ZM,"Bợ cổ,Tấm ốp sau đồng hồ Pcx 125 (2010-2013) TRẮNG đục -B35*"
64337-KWN-710ZN,"Bợ cổ,Tấm ốp sau đồng hồ  Pcx 125 (2010-2013) ĐEN Bóng -NH25M*"
64337-KWN-900ZC,"Bợ cổ,Tấm ốp sau đồng hồ Pcx 125 (2010-2013) Đỏ- R340C*"
64337-KWN-900ZF,"Bợ cổ,Tấm ốp sau đồng hồ Pcx 125 (2010-2013) Trắng ngọc *A96P*"
64337-KWN-900ZH,"Bợ cổ,Tấm ốp sau đồng hồ  Pcx 125 (2010-2013) Vàng ĐỒNG - 208M*"
64338-KWN-710ZL,"Nắp ốp sau trục cổ lái, ốp ghi đông Pcx 125 (2010-2013) Đỏ Đô -R350*"
64338-KWN-710ZM,"Nắp ốp sau trục cổ lái, ốp ghi đông Pcx 125 (2010-2013)  TRẮNG đục -B35*"
64338-KWN-900ZC,"Nắp ốp sau trục cổ lái, ốp ghi đông Pcx 125 (2010-2013) Đỏ- R340C*"
64338-KWN-900ZF,"Nắp ốp sau trục cổ lái, ốp ghi đông Pcx 125 (2010-2013) Trắng ngọc *A96P*"
64338-KWN-900ZG,"Nắp ốp sau trục cổ lái, ốp ghi đông Pcx 125 (2010-2013) ĐEN Bóng -NH25M*"
64338-KWN-900ZH,"Nắp ốp sau trục cổ lái, ốp ghi đông Pcx 125 (2010-2013) Vàng ĐỒNG - 208M*"
64340-K03-N30ZA,"sống yên, ốp trung tâm dưới đầu yên RSX 110cc (2014-2015) đen nhám"
64340-K07-940ZA,"sống yên, ốp trung tâm dưới đầu yên RSX 110cc (2012-2013) đen nhám(kiểu siêu nhân, bọ ngựa)"
64340-K1F-V00ZC,"sống yên, ốp trung tâm dưới đầu yên Air blade (AB)125/150 (2020-2025) Đen Bóng *NHB25M*"
64340-K1F-V00ZD,"sống yên, ốp trung tâm dưới đầu yên Air blade (AB)125/150 (2020-2025) đen nhám *NHA76M*"
64340-K1F-V00ZF,"sống yên, ốp trung tâm dưới đầu yên Air blade (AB)125/150 (2020-2025)  Đỏ- R340C*"
64340-K1F-V00ZG,"sống yên, ốp trung tâm dưới đầu yên Air blade (AB)125/150 (2020-2025) Xanh Mực *NHB421M*"
64340-K1F-V00ZH,"sống yên, ốp trung tâm dưới đầu yên Air blade (AB)125/150 (2020-2025) Xám ghi *NH262M*"
64340-K1F-V00ZJ,"sống yên, ốp trung tâm dưới đầu yên Air blade (AB)125/150 (2020-2025) xám đậm *NHC35M*"
64340-K1F-V00ZK,"sống yên, ốp trung tâm dưới đầu yên Air blade (AB)125/150 (2020-2025)TRẮNG -B35P*"
64340-K1F-V00ZL,"sống yên, ốp trung tâm dưới đầu yên Air blade (AB)125/150 (2020-2025) Xám ghi *NHC04M*"
64340-K1N-V00ZA,"sàn rác ,ốp dưới , ốp gầm, lườn gầm  SH mode 125 (2021-2024) Nâu nhám-YR286R*"
64340-K1N-V00ZB,"sàn rác ,ốp dưới , ốp gầm, lườn gầm SH mode 125 (2021-2024) ĐEN nhám-NH1*"
64340-K27-V00ZA,"sống yên, ốp trung tâm dưới đầu yên Air blade (AB)125/150 (2020-2025) ĐỒNG-*NH208M*"
64340-K27-V00ZB,"sống yên, ốp trung tâm dưới đầu yên Air blade (AB)125/150 (2020-2025) Xám ghi-*NH62M*"
64340-K27-V00ZE,"sống yên, ốp trung tâm dưới đầu yên Air blade (AB)125/150 (2020-2025) Đỏ -340C*"
64340-K27-V00ZF,"sống yên, ốp trung tâm dưới đầu yên Air blade (AB)125/150 (2020-2025) BẠC -B24M*"
64340-K27-V00ZH,"sống yên, ốp trung tâm dưới đầu yên Air blade (AB)125/150 (2020-2025) Cam-R322C*"
64340-K27-V00ZJ,"Sống yên, ốp trung tâm dưới đầu yên Air blade (AB)125/150 (2020-2025) Đồng nhạt-*Y183M*"
64340-K27-V00ZN,"Sống yên, ốp trung tâm dưới đầu yên Air blade (AB)125/150 (2020-2025) Đen Bóng *NHB25M*"
64340-K27-V00ZP,"Sống yên, ốp trung tâm dưới đầu yên Air blade (AB)125/150 (2020-2025) Đen Bóng *NH1*"
64340-K29-900ZA,"sàn rác ,ốp dưới , ốp gầm, lườn gầm SH mode 125 (2013-2020) nâu nhám"
64340-K29-900ZB,#N/A
64340-K29-900ZC,"sàn rác ,ốp dưới , ốp gầm, lườn gầm SH mode 125 (2013-2020) ĐEN nhám"
64340-K29-900ZD,"sàn rác ,ốp dưới , ốp gầm, lườn gầm SH mode 125 (2013-2020) ĐỎ nhám"
64340-K2S-V00ZA,"sàn rác ,ốp dưới , ốp gầm, lườn gầm Vario 160, click 160 (2022-2025)"
64340-K57-A00,"Sống yên, ốp trung tâm dưới đầu yên Wave Blade 110 (2017-2025)"
64340-K57-V00,"Sống yên, ốp trung tâm dưới đầu yên Wave Blade 110 (2014-2016)"
64340-K59-A70ZB,"sàn rác ,ốp dưới , ốp gầm, lườn gầm Vario 125, click 125 (2018-2023) ĐEN nhám"
64340-K66-V00ZC,"Sống yên, ốp trung tâm dưới đầu yên Air Blade 125 (2016-2019) ĐỎ-R340C"
64340-K66-V00ZD,"Sống yên, ốp trung tâm dưới đầu yên Air Blade 125 (2016-2019) xanh mực-B390M*"
64340-K66-V00ZG,"Sống yên, ốp trung tâm dưới đầu yên Air Blade 125 (2016-2019) Trắng-*NHB35P*"
64340-K66-V00ZH,"Sống yên, ốp trung tâm dưới đầu yên Air Blade 125 (2016-2019) ĐEN Bóng- 25M*"
64340-K66-V00ZJ,"Sống yên, ốp trung tâm dưới đầu yên Air Blade 125 (2016-2019) Xám Chì *A62M*"
64340-K66-V00ZK,"Sống yên, ốp trung tâm dưới đầu yên Air Blade 125 (2016-2019) Đồng-Y221M"
64340-K66-V00ZL,"Sống yên, ốp trung tâm dưới đầu yên Air Blade 125 (2016-2019) Xám đậm -B83M*"
64340-K66-V00ZM,"Sống yên, ốp trung tâm dưới đầu yên Air Blade 125 (2016-2019) Xám nhạt -B56M*"
64340-K66-V00ZN,"Sống yên, ốp trung tâm dưới đầu yên Air Blade 125 (2016-2019) BẠC -NHB24M*"
64340-K90-VM0ZA,"Sống yên, ốp trung tâm dưới đầu yên Wave RSX 110cc (2014 - 2018)"
64340-KVG-900ZK,"Sống yên, ốp trung tâm dưới đầu yên Air blade 110 (2007-2008) ĐEN Bóng -NH69P*"
64340-KVG-900ZP,"Sống yên, ốp trung tâm dưới đầu yên Air blade 110 (2007-2008) TRẮNG -A96P*"
64340-KVG-900ZQ,"Sống yên, ốp trung tâm dưới đầu yên Air blade 110 (2007-2008) ĐỎ - 313C*"
64340-KVG-900ZV,"Sống yên, ốp trung tâm dưới đầu yên Air blade 110 (2007-2008) Xanh Mực -383M*"
64340-KVG-V20ZB,"Sống yên, ốp trung tâm dưới đầu yên Air blade 110 FI (2009-2010) ĐỎ - 313C*"
64340-KVG-V20ZC,"Sống yên, ốp trung tâm dưới đầu yên Air blade 110 FI (2009-2010) TRẮNG -A96P*"
64340-KVG-V20ZD,"Sống yên, ốp trung tâm dưới đầu yên Air blade 110 FI (2009-2010) ĐEN Bóng -NH69P*"
64340-KVG-V20ZF,#N/A
64340-KVG-V40ZA,#N/A
64340-KVG-V40ZB,#N/A
64340-KVG-V40ZC,"Sống yên, ốp trung tâm dưới đầu yên Air blade 110 FI (2011-2012) ĐỎ -R34C* mẫu đầu bò mập"
64340-KVG-V40ZD,"Sống yên, ốp trung tâm dưới đầu yên Air blade 110 FI (2011-2012) TRẮNG -B35P* mẫu đầu bò mập"
64340-KVG-V40ZE,"Sống yên, ốp trung tâm dưới đầu yên Air blade 110 FI (2011-2012) ĐEN Bóng -NH25M* mẫu đầu bò mập"
64340-KWW-640ZB,"Sống yên, ốp trung tâm dưới đầu yên Wave S110 (2012-2013) đen nhám"
64340-KWW-A00,"Sống yên, ốp trung tâm dưới đầu yên Wave RSX 110(2009-2013) đen nhám"
64340-KYL-900ZA,"Sống yên, ốp trung tâm dưới đầu yên Future X, Future X FI (2008-2011) ĐEN Bóng -NH25M*"
64340-KYL-900ZB,"Sống yên, ốp trung tâm dưới đầu yên Future X, Future X FI (2008-2011) TRẮNG -A96P*"
64341-K56-N10,"Giá ốp dưới phải, bát sắt bắt yếm phải Winner V1,V2,V3,V4"
64342-K56-N10,"Giá ốp dưới trái, bát sắt bắt yếm Trái Winner E4972:E5023V1,Winner X-V2,V3,V4"
64345-KTL-640,#N/A
64350-K03-M30ZA,"cốp phải ,bộ ốp trung tâm phải RSX 110cc (2014-2019) Trắng tem Xám đồng-NH55"
64350-K03-M30ZB,"cốp phải ,bộ ốp trung tâm phải RSX 110cc (2014-2019) Đen tem cam bạc-nh411*"
64350-K03-M30ZC,"cốp phải ,bộ ốp trung tâm phải RSX 110cc (2014-2019) Đen tem bạc đồng-NH431*"
64350-K03-M30ZD,"cốp phải ,bộ ốp trung tâm phải RSX 110cc (2014-2019) đỏ tem đen-R340"
64350-K03-M30ZE,"cốp phải ,bộ ốp trung tâm phải RSX 110cc (2014-2019) đen tem đỏ -NHB25*"
64350-K03-M60ZA,"cốp phải ,bộ ốp trung tâm phải RSX 110cc (2014-2019) Trắng tem Xám đồng-NH55"
64350-K03-M60ZB,"cốp phải ,bộ ốp trung tâm phải RSX 110cc (2014-2019) Đen tem cam bạc-nh411*"
64350-K03-M60ZC,"cốp phải ,bộ ốp trung tâm phải RSX 110cc (2014-2019) Đen tem đồng-NH431*"
64350-K03-M60ZD,"cốp phải ,bộ ốp trung tâm phải RSX 110cc (2014-2019) đen tem đỏ bạc-R431*"
64350-K03-M60ZE,"cốp phải ,bộ ốp trung tâm phải RSX 110cc (2014-2015) đen tem đỏ -NHB25*"
64350-K03-V10ZB,"cốp phải ,bộ ốp trung tâm phải Wave S110 (2013-2014) nâu Nho tem trắng hoa văn-R150*"
64350-K03-V10ZC,"cốp phải ,bộ ốp trung tâm phải Wave S110 (2013-2014) đỏ tem đen hoa văn-R340*"
64350-K03-V20ZB,"cốp phải ,bộ ốp trung tâm phải Wave RS 110cc (2013-2014) đen tem Xám -NHB25*"
64350-K03-V70ZA,"cốp phải ,bộ ốp trung tâm phải Wave RSX 110 (2010-2012)TRẮNG ngọc tem lớn -A96P*"
64350-K03-V70ZB,"cốp phải ,bộ ốp trung tâm phải Wave RSX 110 (2010-2012) Xanh ngọc tem lớn - B206M"
64350-K03-V70ZC,"cốp phải ,bộ ốp trung tâm phải Wave RSX 110 (2010-2012) ĐỎ tem lớn - 340C*"
64350-K03-V70ZD,"cốp phải ,bộ ốp trung tâm phải Wave RSX 110 (2010-2012) ĐEN tem lớn - A69PC*"
64350-K07-900ZB,"Ốp trong cánh yếm phải  RSX 110cc (2012-2013) đen nhám(kiểu siêu nhân, bọ ngựa)"
64350-K0R-V00ZA,"(Nắp) Ốp khóa khẩn cấp, nắp phụ mở cốp SH 125/150/160 (2020-2025) Đỏ Đô- R368M*"
64350-K0R-V00ZC,"(Nắp) Ốp khóa khẩn cấp, nắp phụ mở cốp SH 125/150/160 (2020-2025) Xám đậm- nhC26MM*"
64350-K0R-V00ZD,"(Nắp) Ốp khóa khẩn cấp, nắp phụ mở cốp SH 125/150/160 (2020-2025)TRẮNG- B35P*"
64350-K0R-V00ZE,"(Nắp) Ốp khóa khẩn cấp, nắp phụ mở cốp SH 125/150/160 (2020-2025) ĐEN Bóng-NHB25M*"
64350-K0R-V00ZF,"(Nắp) Ốp khóa khẩn cấp, nắp phụ mở cốp SH 125/150/160 (2020-2025) Đen Nhám *76M*"
64350-K0R-V00ZM,"(Nắp) Ốp khóa khẩn cấp, nắp phụ mở cốp SH 125/150/160 (2020-2025) Xám xi măng- NHC60P**"
64350-K12-900ZA,"Bửng phải , cánh yếm , cánh gà phải , ốp trước phải Lead 125 (2013-2016) Vàng Đồng -208M"
64350-K12-900ZB,"Bửng phải , cánh yếm , cánh gà phải , ốp trước phải Lead 125 (2013-2016) NÂU -303M"
64350-K12-900ZC,"Bửng phải , cánh yếm , cánh gà phải , ốp trước phải Lead 125 (2013-2016) Vàng Kem -299P"
64350-K12-900ZD,"Bửng phải , cánh yếm , cánh gà phải , ốp trước phải Lead 125 (2013-2016) Đỏ Đô -350C"
64350-K12-900ZF,"Bửng phải , cánh yếm , cánh gà phải , ốp trước phải Lead 125 (2013-2016) XANH Mực- 390M*"
64350-K12-900ZG,"Bửng phải , cánh yếm , cánh gà phải , ốp trước phải Lead 125 (2013-2016)TRẮNG - B35P"
64350-K12-900ZH,"Bửng phải , cánh yếm , cánh gà phải , ốp trước phải Lead 125 (2013-2016) Đen Bóng - 25M*"
64350-K12-900ZL,"Bửng phải , cánh yếm , cánh gà phải , ốp trước phải Lead 125 (2013-2016) XÁM Ghi-B50M*"
64350-K12-900ZM,"Bửng phải , cánh yếm , cánh gà phải , ốp trước phải Lead 125 (2013-2016) màu đồng nhạt *Y183M*"
64350-K12-900ZN,"Bửng phải , cánh yếm , cánh gà phải , ốp trước phải Lead 125 (2013-2016) Xanh đen-403P"
64350-K12-900ZP,"Bửng phải , cánh yếm , cánh gà phải , ốp trước phải Lead 125 (2013-2016) BẠC Nhám -B18M*"
64350-K12-V00ZA,"Bửng phải , cánh yếm , cánh gà phải , ốp trước phải Lead 125 (2017-2019) Vàng nhạt -229P"
64350-K12-V00ZC,"Bửng phải , cánh yếm , cánh gà phải , ốp trước phải Lead 125 (2017-2019) Vàng Kem -299P"
64350-K12-V00ZD,"Bửng phải , cánh yếm , cánh gà phải , ốp trước phải Lead 125 (2017-2019) Đỏ Đô đậm -R368*"
64350-K12-V00ZE,"Bửng phải , cánh yếm , cánh gà phải , ốp trước phải Lead 125 (2017-2019) Xanh đen-403P"
64350-K12-V00ZH,"Bửng phải , cánh yếm , cánh gà phải , ốp trước phải Lead 125 (2017-2019) Đen Bóng - 25M*"
64350-K12-V00ZJ,"Bửng phải , cánh yếm , cánh gà phải , ốp trước phải Lead 125 (2017-2019) BẠC Nhám -B18M*"
64350-K12-V00ZK,"Bửng phải , cánh yếm , cánh gà phải , ốp trước phải Lead 125 (2017-2019) TRẮNG - A96P*"
64350-K12-V00ZM,"Bửng phải , cánh yếm , cánh gà phải , ốp trước phải Lead 125 (2017-2019) Đỏ Đô nho- 350c*"
64350-K12-V00ZN,"Bửng phải , cánh yếm , cánh gà phải , ốp trước phải Lead 125 (2017-2019) ĐEN Nhám - A76M*"
64350-K1F-V10ZA,"sàn để chân trái, tấm bắt sàn trái gác chân trước Air blade (AB)125/150 (2020-2021) đen nhám"
64350-K2P-V60ZA,"Ốp nạ phải ,ốp trước phải,ốp đèn pha trước phải Winner X-V3,V4 (2022-2025) đỏ nhám R406*"
64350-K2P-V60ZB,"Ốp nạ phải ,ốp trước phải,ốp đèn pha trước phải Winner X-V3,V4 (2022-2025) đỏ tươi *R389*"
64350-K2P-V60ZC,"Ốp nạ phải ,ốp trước phải,ốp đèn pha trước phải Winner X-V3,V4 (2022-2025) đen bóng *NH1*"
64350-K2P-V60ZD,"Ốp nạ phải ,ốp trước phải,ốp đèn pha trước phải Winner X-V3,V4 (2022-2025) đen bóng *NHB25*"
64350-K2P-V60ZE,"Ốp nạ phải ,ốp trước phải,ốp đèn pha trước phải Winner X-V3,V4 (2022-2025) bạc nhám *NHB18*"
64350-K2P-V60ZF,"Ốp nạ phải ,ốp trước phải,ốp đèn pha trước phải Winner X-V3,V4 (2022-2025) đen nhám *NHA76*"
64350-K2S-N00ZB,"ốp sàn phải ,Sàn chống phải ,nẹp sàn phải  Vario 160, click 160 (2022-2025) đen nhám"
64350-K44-V00ZF,"Bửng phải , cánh yếm , cánh gà phải , ốp trước phải Vision 110 (2014-2020) Đen bóng-NHB25*"
64350-K44-V00ZG,"Bửng phải , cánh yếm , cánh gà phải , ốp trước phải Vision 110 (2014-2020) Đỏ- R340C*"
64350-K44-V00ZH,"Bửng phải , cánh yếm , cánh gà phải , ốp trước phải Vision 110 (2014-2020) ĐỒNG- Y317M*"
64350-K44-V00ZJ,"Bửng phải , cánh yếm , cánh gà phải , ốp trước phải Vision 110 (2014-2020) Xanh đậm mực- B390M*"
64350-K44-V00ZK,"Bửng phải , cánh yếm , cánh gà phải , ốp trước phải Vision 110 (2014-2020) Trắng- B35P*"
64350-K44-V00ZL,"Bửng phải , cánh yếm , cánh gà phải , ốp trước phải Vision 110 (2014-2020) BẠC -411M*"
64350-K44-V00ZM,"Bửng phải , cánh yếm , cánh gà phải , ốp trước phải Vision 110 (2014-2020) XÁM Nhạt -R320M*"
64350-K44-V00ZN,"Bửng phải , cánh yếm , cánh gà phải , ốp trước phải Vision 110 (2014-2020)  Đỏ Đô nho-R350C*"
64350-K44-V30ZA,"Bửng phải , cánh yếm , cánh gà phải , ốp trước phải Vision 110 (2014-2020) Đen Nhám-A76M*"
64350-K44-V60ZA,"Bửng phải , cánh yếm , cánh gà phải , ốp trước phải Vision 110 (2014-2020) HỒNG- P197M*"
64350-K44-V60ZC,"Bửng phải , cánh yếm , cánh gà phải , ốp trước phải Vision 110 (2014-2020) Vàng KEM- 229P*"
64350-K44-V60ZD,"Bửng phải , cánh yếm , cánh gà phải , ốp trước phải Vision 110 (2014-2020) Xanh đậm mực- B390M*"
64350-K44-V60ZE,"Bửng phải , cánh yếm , cánh gà phải , ốp trước phải Vision 110 (2014-2020)Trắng- B35P*"
64350-K44-V60ZF,"Bửng phải , cánh yếm , cánh gà phải , ốp trước phải Vision 110 (2014-2020) Đỏ Đô nho-R350C*"
64350-K44-V70ZB,"Bửng phải , cánh yếm , cánh gà phải , ốp trước phải Vision 110 (2014-2020) Đen Nhám-A76M*"
64350-K44-V80ZA,"Bửng phải , cánh yếm , cánh gà phải , ốp trước phải Vision 110 (2014-2020) Xanh Nhớt lục- G209P*"
64350-K44-V80ZC,"Bửng phải , cánh yếm , cánh gà phải , ốp trước phải Vision 110 (2014-2020) Vàng KEM- 229P*"
64350-K44-V80ZD,"Bửng phải , cánh yếm , cánh gà phải , ốp trước phải Vision 110 (2014-2020)  Đỏ Đô nho-R350C*"
64350-K44-V80ZE,"Bửng phải , cánh yếm , cánh gà phải , ốp trước phải Vision 110 (2014-2020) Trắng- B35P*"
64350-K44-V80ZF,"Bửng phải , cánh yếm , cánh gà phải , ốp trước phải Vision 110 (2014-2020) Đỏ- R340C*"
64350-K44-V80ZG,"Bửng phải , cánh yếm , cánh gà phải , ốp trước phải Vision 110 (2014-2020) Xanh Đá - B420M*"
64350-K44-V90ZA,"Bửng phải , cánh yếm , cánh gà phải , ốp trước phải Vision 110 (2014-2020)Trắng tem đỏ- B35P*"
64350-K44-V90ZB,"Bửng phải , cánh yếm , cánh gà phải , ốp trước phải Vision 110 (2014-2020) đen nhám tem cá đứt khúc "
64350-K56-V50ZB,"Ốp nạ phải ,ốp trước phải,ốp đèn pha trước phải Winner X-V2,V3 (2019-2021) Xanh mực-PB421* "
64350-K56-V50ZC,"Ốp nạ phải ,ốp trước phải,ốp đèn pha trước phải Winner X-V2,V3 (2019-2021) đen nhám *NHA76*"
64350-K56-V50ZD,"Ốp nạ phải ,ốp trước phải,ốp đèn pha trước phải Winner X-V2,V3 (2019-2021) Bạc tem đỏ *A40*"
64350-K56-V50ZE,"Ốp nạ phải ,ốp trước phải,ốp đèn pha trước phải Winner X-V2 (2019-2021) ĐỎ *R389*"
64350-K56-V50ZG,"Ốp nạ phải ,ốp trước phải,ốp đèn pha trước phải Winner X-V2,V3 (2019-2021) đen bóng *NHB25*"
64350-K56-V50ZH,"Ốp nạ phải ,ốp trước phải,ốp đèn pha trước phải Winner X-V2,V3 (2019-2021) Đỏ-R340*"
64350-K60-B60ZB," Ốp sàn dưới phải , Lườn chống Vario 125, Click 125 (2018-2024)"
64350-K73-V40ZA,"yếm giữa, ốp thân giữa Future 125 Fi, Future 125 Mập (2016-2021) Vàng -YR321*"
64350-K73-V40ZC,"yếm giữa, ốp thân giữa Future 125 Fi, Future 125 Mập (2016-2021) Đen nhám -NH1*"
64350-K73-V40ZE,"yếm giữa, ốp thân giữa Future 125 Fi, Future 125 Mập (2016-2021) Nâu-YR286R*"
64350-K90-920ZA,"cốp phải ,bộ ốp trung tâm phải RSX 110cc(2014 - 2016) Trắng-NH55P*"
64350-K90-920ZB,"cốp phải ,bộ ốp trung tâm phải RSX 110cc(2014 - 2016) ĐEN *B25M*"
64350-K90-920ZC,"cốp phải ,bộ ốp trung tâm phải RSX 110cc(2014 - 2016) xanh nhớt Lục-*b142P"
64350-K90-920ZD,"cốp phải ,bộ ốp trung tâm phải RSX 110cc(2014 - 2016) Đỏ  *R340c*"
64350-K90-940ZA,"cốp phải ,bộ ốp trung tâm phải Wave RSX 110cc(2017 - 2019) Trắng-NH55P*"
64350-K90-940ZB,"cốp phải ,bộ ốp trung tâm phải Wave RSX 110cc(2017 - 2019) ĐEN *B25M*"
64350-K90-940ZC,"cốp phải ,bộ ốp trung tâm phải Wave RSX 110cc(2017 - 2019) Xanh nhớt Lục-*b142P"
64350-K90-940ZD,"cốp phải ,bộ ốp trung tâm phải Wave RSX 110cc(2017 - 2019)  Đỏ  *R340c*"
64350-K90-V00ZB,"cốp phải ,bộ ốp trung tâm phải Wave RSX 110cc(2016 - 2017) Trắng  -NH55P*"
64350-K90-V00ZD,"cốp phải ,bộ ốp trung tâm phải Wave RSX 110cc(2016 - 2017)  Đỏ  *R340C*"
64350-K90-V00ZE,"cốp phải ,bộ ốp trung tâm phải Wave RSX 110cc(2016 - 2017) XANH ngọc dương -B189*"
64350-K90-V20ZA,"cốp phải ,bộ ốp trung tâm phải Wave RSX 110cc(2016 - 2017) Trắng  -NH55P*"
64350-K90-V20ZC,"cốp phải ,bộ ốp trung tâm phải Wave RSX 110cc(2016 - 2017 Đen nhám tem đỏ -R340*"
64350-K90-V20ZD,"cốp phải ,bộ ốp trung tâm phải Wave RSX 110cc(2016 - 2017) Trắng  -NH55P*"
64350-K90-V60ZA,"cốp phải ,bộ ốp trung tâm phải Wave RSX 110cc(2017 - 2018 Đen tem bạc  -NH55P*"
64350-K90-V60ZB,"cốp phải ,bộ ốp trung tâm phải Wave RSX 110cc(2017 - 2018 Trắng tem đỏ bạc -NH55P*"
64350-K90-V60ZC,"Cốp phải ,bộ ốp trung tâm phải Wave RSX 110cc(2017 - 2018 Đỏ tem bạc đen -NH55P*"
64350-K90-VB0ZA,"Cốp phải ,bộ ốp trung tâm phải Wave RSX 110cc(2018 - 2019) Xám đậm -NHB83M"
64350-K90-VB0ZB,"Cốp phải ,bộ ốp trung tâm phải Wave RSX 110cc(2018 - 2019) Trắng-NH55P*"
64350-K90-VB0ZC,"Cốp phải ,bộ ốp trung tâm phải Wave RSX 110cc(2018 - 2019) Đỏ  *R340C*"
64350-K90-VB0ZD,"Cốp phải ,bộ ốp trung tâm phải Wave RSX 110cc(2018 - 2019) XANH ngọc dương -B189*"
64350-K90-VC0ZA,"Cốp phải ,bộ ốp trung tâm phải Wave RSX 110cc(2019 - 2020) Xám xám  Đá -NHB420M*"
64350-K90-VC0ZB,"Cốp phải ,bộ ốp trung tâm phải Wave RSX 110cc(2019 - 2020) Xám đậm -NHB83M"
64350-K90-VC0ZC,"Cốp phải ,bộ ốp trung tâm phải Wave RSX 110cc(2019 - 2020) Xám đậm -NHB83M"
64350-K90-VC0ZD,"Cốp phải ,bộ ốp trung tâm phải Wave RSX 110cc(2019 - 2020) Trắng-NH55P*"
64350-K90-VC0ZE,"Cốp phải ,bộ ốp trung tâm phải Wave RSX 110cc(2019 - 2020) Đỏ  *R340C*"
64350-K90-VC0ZF,"Cốp phải ,bộ ốp trung tâm phải Wave RSX 110cc(2019 - 2020) XANH ngọc dương -B189*"
64350-K90-VG0ZA,"Cốp phải ,bộ ốp trung tâm phải Wave RSX 110cc(2021 - 2026+) Xám xám  Đá -NHB420M*"
64350-K90-VG0ZB,"Cốp phải ,bộ ốp trung tâm phải Wave RSX 110cc(2021 - 2026+) Trắng-NH55P*"
64350-K90-VG0ZC,"Cốp phải ,bộ ốp trung tâm phải Wave RSX 110cc(2021 - 2026+) Đỏ  *R340C*"
64350-K90-VG0ZD,"Cốp phải ,bộ ốp trung tâm phải Wave RSX 110cc(2021 - 2026+) XANH ngọc dương -B189*"
64350-K90-VG0ZE,"Cốp phải ,bộ ốp trung tâm phải Wave RSX 110cc(2021 - 2026+) Xám đậm -NHB83M"
64350-K90-VG0ZF,"Cốp phải ,bộ ốp trung tâm phải Wave RSX 110cc(2021 - 2026+) Trắng-NH55P*"
64350-K90-VG0ZG,"Cốp phải ,bộ ốp trung tâm phải Wave RSX 110cc(2021 - 2026+) Đỏ  *R340C*"
64350-K90-VG0ZH,"Cốp phải ,bộ ốp trung tâm phải Wave RSX 110cc(2021 - 2026+) XANH ngọc dương -B189*"
64350-K90-VJ0ZB,"Cốp phải ,bộ ốp trung tâm phải  Wave RSX 110cc(2021 - 2026+) Đen Nhám tem đồng -A76*"
64350-K90-VK0ZB,"Cốp phải ,bộ ốp trung tâm phải  Wave RSX 110cc(2021 - 2026+) Đỏ tem đỏ -R389*"
64350-K90-VL0ZA,"Cốp phải ,bộ ốp trung tâm phải  Wave RSX 110cc(2021 - 2026+) Xanh đậm tím tem đen -B421M*"
64350-K90-VL0ZB,"Cốp phải ,bộ ốp trung tâm phải  Wave RSX 110cc(2021 - 2026+) Trắng tem đen -B55P*"
64350-K90-VL0ZC,"Cốp phải ,bộ ốp trung tâm phải  Wave RSX 110cc(2021 - 2026+) Đỏ tem đen -R389*"
64350-K90-VP0ZA,"Cốp phải ,bộ ốp trung tâm phải Wave RSX 110cc(2021 - 2026+ BẠC Xanh đậm tím -B50M*"
64350-K90-VP0ZB,"Cốp phải ,bộ ốp trung tâm phải Wave RSX 110cc(2021 - 2026+) BAC tem Xám -B50M*"
64350-K90-VP0ZC,"Cốp phải ,bộ ốp trung tâm phải Wave RSX 110cc(2021 - 2026+) BẠC Đỏ đậm tím -B50M*"
64350-K90-VP0ZE,"Cốp phải ,bộ ốp trung tâm phải Wave RSX 110cc(2021 - 2026+) BẠC Xanh đậm tím -B50M*"
64350-KFL-890ZA,"Sống yên, ốp trung tâm dưới đầu yên Future 110(1999-2004) đen nhám"
64350-KPH-700,"Sống yên, ốp trung tâm dưới đầu yên Future Neo 125 (2005-2008) đen nhám"
64350-KTL-740,"ốp bình xăng phải,bộ ốp trung tâm phải Wave A 100, Wave RS 100,Wave S 100 (2005-2016) Đen nhám-NH1*"
64350-KVL-930ZA,"Sống yên, ốp trung tâm dưới đầu yên Future Neo Fi 125cc(2008-2009) Đen Bóng-A69P*"
64350-KVL-930ZB,"Sống yên, ốp trung tâm dưới đầu yên Future Neo Fi 125cc(2008-2009) TRẮNG -A96P*"
64350-KVL-930ZC,"Sống yên, ốp trung tâm dưới đầu yên Future Neo Fi 125cc(2008-2009) Đỏ Đô-R313P*"
64350-KVL-930ZH,#N/A
64350-KVL-T10,"ốp bình xăng phải,bộ ốp trung tâm phải Wave RSX 100 (2007-2008) Đen nhám-NH1*"
64350-KWW-B10ZA,"Cốp phải ,bộ ốp trung tâm phải Wave RS 110(2009-2010) Đỏ tươi - R263"
64350-KWW-B10ZC,"Cốp phải ,bộ ốp trung tâm phải Wave RS 110(2009-2010) Xanh ngọc - B206M"
64350-KWW-B10ZD,"Cốp phải ,bộ ốp trung tâm phải Wave RS 110(2009-2010) Xanh Nhạt - 203M*"
64350-KWW-B20ZA,"Cốp phải ,bộ ốp trung tâm phải Wave S110(2009-2011) ĐỎ - 313C*"
64350-KWW-B20ZB,"Cốp phải ,bộ ốp trung tâm phải Wave S110(2009-2011)  Đen bóng- 25M*"
64350-KWW-B20ZC,"Cốp phải ,bộ ốp trung tâm phải Wave S110(2009-2011) Xanh Mực - B373M*"
64350-KWW-B20ZD,"Cốp phải ,bộ ốp trung tâm phải Wave S110(2009-2011) BẠC- 411M*"
64350-KWW-C60ZB,"Cốp phải ,bộ ốp trung tâm phải Wave RS 110(2009-2010) Xanh ngọc tem ngôi sao -B206M*"
64350-KWW-C60ZD,"Cốp phải ,bộ ốp trung tâm phải Wave RS 110(2009-2010) Đỏ tươi tem ngôi sao - R263"
64350-KWW-M00ZA,"Cốp phải ,bộ ốp trung tâm phải Wave S110(2011-2013)  Trắng tem hoa văn  - B35B*"
64350-KWW-M00ZB,"Cốp phải ,bộ ốp trung tâm phải Wave S110(2011-2013)  ĐỎ tem hoa văn  - R340B*"
64350-KWW-V00ZA,"Cốp phải ,bộ ốp trung tâm phải Wave RSX 110(2009-2010) Đen bóng tem- A69M*"
64350-KWW-V00ZB,"Cốp phải ,bộ ốp trung tâm phải Wave RSX 110(2009-2010)  ĐỎ tem - 313C*"
64350-KWW-V00ZC,"Cốp phải ,bộ ốp trung tâm phải Wave RSX 110(2009-2010) Xanh ngọc tem - B206M"
64350-KWW-V00ZD,"Cốp phải ,bộ ốp trung tâm phải Wave RSX 110(2009-2010) trắng tem- A96P"
64350-KYZ-900,"Sống yên, ốp trung tâm dưới đầu yênFuture 125 Fi (2011-2018) đen nhám"
64350-KZL-E00ZA,"Bửng phải , cánh yếm , cánh gà phải , ốp trước phải  Vision 110 (2011-2013) VÀNG *Y192C*"
64350-KZL-E00ZB,"Bửng phải , cánh yếm , cánh gà phải , ốp trước phải  Vision 110 (2011-2013) Xanh ngọc -B206M"
64350-KZL-E00ZC,"Bửng phải , cánh yếm , cánh gà phải , ốp trước phải  Vision 110 (2011-2013) ĐỎ -340C*"
64350-KZL-E00ZD,"Bửng phải , cánh yếm , cánh gà phải , ốp trước phải  Vision 110 (2011-2013) Nâu *Y303M*"
64350-KZL-E00ZE,"Bửng phải , cánh yếm , cánh gà phải , ốp trước phải  Vision 110 (2011-2013)  TRẮNG -AH35P*"
64350-KZL-E00ZF,"Bửng phải , cánh yếm , cánh gà phải , ốp trước phải  Vision 110 (2011-2013)  Đen bóng - NHA69P"
64350-KZL-E70ZA,"Bửng phải , cánh yếm , cánh gà phải , ốp trước phải  Vision 110 (2011-2013)   BẠC -411M*"
64350-KZL-E80ZA,"Bửng phải , cánh yếm , cánh gà phải , ốp trước phải  Vision 110 (2011-2013) Nâu *Y303M*"
64350-KZL-E80ZB,"Bửng phải , cánh yếm , cánh gà phải , ốp trước phải  Vision 110 (2011-2013)  Đỏ Đô -R350*"
64350-KZL-E80ZC,"Bửng phải , cánh yếm , cánh gà phải , ốp trước phải  Vision 110 (2011-2013) Đen bóng - NHA69P"
64350-KZL-E80ZD,"Bửng phải , cánh yếm , cánh gà phải , ốp trước phải  Vision 110 (2011-2013) Xanh Mực -390M*"
64350-KZL-E80ZE,"Bửng phải , cánh yếm , cánh gà phải , ốp trước phải  Vision 110 (2011-2013) TRẮNG -AH35P*"
64351-KVG-V40,Hộp đồ trước Air fi (2011-2012)
64355-K03-M30ZA,"cốp trái ,bộ ốp trung tâm trái RSX 110cc (2014-2019) Trắng tem Xám đồng-NH55"
64355-K03-M30ZB,"cốp trái ,bộ ốp trung tâm trái RSX 110cc (2014-2019) Đen tem cam bạc-nh411*"
64355-K03-M30ZC,"cốp trái ,bộ ốp trung tâm trái RSX 110cc (2014-2019) Đen tem bạc đồng-NH431*"
64355-K03-M30ZD,"cốp trái ,bộ ốp trung tâm trái RSX 110cc (2014-2019) đỏ tem đen-R340"
64355-K03-M30ZE,"cốp trái ,bộ ốp trung tâm trái RSX 110cc (2014-2019) đen tem đỏ -NHB25*"
64355-K03-M60ZA,"cốp trái ,bộ ốp trung tâm trái RSX 110cc (2014-2019) Trắng tem Xám đồng-NH55"
64355-K03-M60ZB,"cốp trái ,bộ ốp trung tâm trái RSX 110cc (2014-2019) Đen tem cam bạc-nh411*"
64355-K03-M60ZC,"cốp trái ,bộ ốp trung tâm trái RSX 110cc (2014-2019) Đen tem đồng-NH431*"
64355-K03-M60ZD,"cốp trái ,bộ ốp trung tâm trái RSX 110cc (2014-2019) đen tem đỏ bạc-R431*"
64355-K03-M60ZE,"cốp trái ,bộ ốp trung tâm trái RSX 110cc (2014-2015) đen tem đỏ -NHB25*"
64355-K03-V10ZA,"cốp trái ,bộ ốp trung tâm trái Wave S110 (2013-2014) ĐỒNG -Y208*"
64355-K03-V10ZB,"cốp trái ,bộ ốp trung tâm trái Wave S110 (2013-2014) nâu Nho tem trắng hoa văn-R150*"
64355-K03-V10ZC,"cốp trái ,bộ ốp trung tâm trái Wave S110 (2013-2014) đỏ tem đen hoa văn-R340*"
64355-K03-V20ZB,"cốp trái ,bộ ốp trung tâm trái Wave RS 110cc (2013-2014) đen tem Xám -NHB25*"
64355-K03-V70ZA,"cốp trái ,bộ ốp trung tâm trái Wave RSX 110 (2010-2012)TRẮNG ngọc tem lớn -A96P*"
64355-K03-V70ZB,"cốp trái ,bộ ốp trung tâm trái Wave RSX 110 (2010-2012) Xanh ngọc tem lớn - B206M"
64355-K03-V70ZC,"cốp trái ,bộ ốp trung tâm trái Wave RSX 110 (2010-2012) ĐỎ tem lớn - 340C*"
64355-K03-V70ZD,"cốp trái ,bộ ốp trung tâm trái Wave RSX 110 (2010-2012) ĐEN tem lớn - A69PC*"
64355-K2P-V00ZA,"Ốp nạ, phải Nhựa ốp đèn pha phải, Bộ ốp trung tâm phải Winner X-V2 (2019-2021) xám có tem *NHA56M*"
64355-K2P-VF0ZA,"Ốp nạ, phải Nhựa ốp đèn pha phải, Bộ ốp trung tâm phải winner V2,V3 (2022-2025) ĐEN nhám *NHA76M*"
64355-K56-V80ZB,"Ốp nạ, phải Nhựa ốp đèn pha phải, Bộ ốp trung tâm phải winner X (2019-2021) BẠC-NHA40M*"
64355-K90-920ZA,"cốp trái ,bộ ốp trung tâm trái RSX 110cc(2014 - 2016) Trắng-NH55P*"
64355-K90-920ZB,"cốp trái ,bộ ốp trung tâm trái RSX 110cc(2014 - 2016) ĐEN *B25M*"
64355-K90-920ZC,"cốp trái ,bộ ốp trung tâm trái RSX 110cc(2014 - 2016) xanh nhớt Lục-*b142P"
64355-K90-920ZD,"cốp trái ,bộ ốp trung tâm trái RSX 110cc(2014 - 2016) Đỏ  *R340c*"
64355-K90-940ZA,"cốp trái ,bộ ốp trung tâm trái Wave RSX 110cc(2017 - 2019) Trắng-NH55P*"
64355-K90-940ZB,"cốp trái ,bộ ốp trung tâm trái Wave RSX 110cc(2017 - 2019) ĐEN *B25M*"
64355-K90-940ZC,"cốp trái ,bộ ốp trung tâm trái Wave RSX 110cc(2017 - 2019) Xanh nhớt Lục-*b142P"
64355-K90-940ZD,"cốp trái ,bộ ốp trung tâm trái Wave RSX 110cc(2017 - 2019)  Đỏ  *R340c*"
64355-K90-V00ZB,"cốp trái ,bộ ốp trung tâmtrái Wave RSX 110cc(2016 - 2017) Trắng  -NH55P*"
64355-K90-V00ZD,"cốp trái ,bộ ốp trung tâm trái Wave RSX 110cc(2016 - 2017)  Đỏ  *R340C*"
64355-K90-V00ZE,"cốp trái ,bộ ốp trung tâm trái Wave RSX 110cc(2016 - 2017) XANH ngọc dương -B189*"
64355-K90-V20ZC,"cốp trái ,bộ ốp trung tâm trái Wave RSX 110cc(2016 - 2017 Đen nhám tem đỏ -R340*"
64355-K90-V60ZA,"cốp trái ,bộ ốp trung tâm trái Wave RSX 110cc(2017 - 2018 Đen tem bạc  -NH55P*"
64355-K90-V60ZB,"cốp trái ,bộ ốp trung tâm trái Wave RSX 110cc(2017 - 2018 Trắng tem đỏ bạc -NH55P*"
64355-K90-V60ZD,"Cốp trái ,bộ ốp trung tâm trái Wave RSX 110cc(2017 - 2018 Đỏ tem bạc đen -NH55P*"
64355-K90-VB0ZA,"Cốp trái ,bộ ốp trung tâm trái Wave RSX 110cc(2018 - 2019) XANH đen tem xanh lõn chuối-B83M*"
64355-K90-VB0ZB,"Cốp trái ,bộ ốp trung tâm trái Wave RSX 110cc(2018 - 2019) Trắng-NH55P*"
64355-K90-VB0ZC,"Cốp trái ,bộ ốp trung tâm trái Wave RSX 110cc(2018 - 2019) Đỏ  *R340C*"
64355-K90-VB0ZD,"Cốp trái ,bộ ốp trung tâm trái Wave RSX 110cc(2018 - 2019) XANH ngọc dương -B189*"
64355-K90-VC0ZA,"Cốp trái ,bộ ốp trung tâm trái Wave RSX 110cc(2019 - 2020) Xám xám  Đá -NHB420M*"
64355-K90-VC0ZB,"Cốp trái ,bộ ốp trung tâmtrái Wave RSX 110cc(2019 - 2020) Xám đậm -NHB83M"
64355-K90-VC0ZC,"Cốp trái ,bộ ốp trung tâm trái Wave RSX 110cc(2019 - 2020) Xám đậm -NHB83M"
64355-K90-VC0ZD,"Cốp trái ,bộ ốp trung tâm trái Wave RSX 110cc(2019 - 2020) Trắng-NH55P*"
64355-K90-VC0ZE,"Cốp trái ,bộ ốp trung tâm trái Wave RSX 110cc(2019 - 2020) Đỏ  *R340C*"
64355-K90-VC0ZF,"Cốp trái ,bộ ốp trung tâm trái Wave RSX 110cc(2019 - 2020) XANH ngọc dương -B189*"
64355-K90-VG0ZA,"Cốp trái ,bộ ốp trung tâm trái Wave RSX 110cc(2021 - 2026+) Xám xám  Đá -NHB420M*"
64355-K90-VG0ZB,"Cốp trái ,bộ ốp trung tâm trái Wave RSX 110cc(2021 - 2026+) Trắng-NH55P*"
64355-K90-VG0ZC,"Cốp trái ,bộ ốp trung tâm trái Wave RSX 110cc(2021 - 2026+) Đỏ  *R340C*"
64355-K90-VG0ZD,"Cốp trái ,bộ ốp trung tâm trái Wave RSX 110cc(2021 - 2026+) XANH ngọc dương -B189*"
64355-K90-VG0ZE,"Cốp trái ,bộ ốp trung tâmtrái Wave RSX 110cc(2021 - 2026+) Xám đậm -NHB83M"
64355-K90-VG0ZF,"Cốp trái ,bộ ốp trung tâm trái Wave RSX 110cc(2021 - 2026+) Trắng-NH55P*"
64355-K90-VG0ZG,"Cốp trái ,bộ ốp trung tâm trái Wave RSX 110cc(2021 - 2026+) Đỏ  *R340C*"
64355-K90-VG0ZH,"Cốp trái ,bộ ốp trung tâm trái Wave RSX 110cc(2021 - 2026+) XANH ngọc dương -B189*"
64355-K90-VJ0ZB,"Cốp trái ,bộ ốp trung tâm trái Wave RSX 110cc(2021 - 2026+) Đen Nhám tem đồng -A76*"
64355-K90-VK0ZB,"Cốp trái ,bộ ốp trung tâm trái  Wave RSX 110cc(2021 - 2026+) Đỏ tem đỏ -R389*"
64355-K90-VL0ZA,"Cốp trái ,bộ ốp trung tâm trái Wave RSX 110cc(2021 - 2026+) Xanh đậm tím tem đen -B421M*"
64355-K90-VL0ZB,"Cốp trái ,bộ ốp trung tâm trái Wave RSX 110cc(2021 - 2026+) Trắng tem đen -B55P*"
64355-K90-VL0ZC,"Cốp trái ,bộ ốp trung tâm trái Wave RSX 110cc(2021 - 2026+) Đỏ tem đen -R389*"
64355-K90-VP0ZA,"Cốp trái ,bộ ốp trung tâm trái Wave RSX 110cc(2021 - 2026+ BẠC Xanh đậm tím -B50M*"
64355-K90-VP0ZB,"Cốp trái ,bộ ốp trung tâm trái Wave RSX 110cc(2021 - 2026+) BAC tem Xám -B50M*"
64355-K90-VP0ZC,"Cốp trái ,bộ ốp trung tâm trái Wave RSX 110cc(2021 - 2026+) BẠC Đỏ đậm tím -B50M*"
64355-K90-VP0ZE,"Cốp trái ,bộ ốp trung tâm trái Wave RSX 110cc(2021 - 2026+) BẠC Xanh đậm tím -B50M*"
64355-KWW-B10ZA,"Cốp trái ,bộ ốp trung tâm trái Wave RS 110(2009-2010) Đỏ tươi - R263"
64355-KWW-B10ZC,"Cốp trái ,bộ ốp trung tâm trái Wave RS 110(2009-2010) Xanh ngọc - B206M"
64355-KWW-B10ZD,"Cốp trái ,bộ ốp trung tâm trái Wave RS 110(2009-2010) Xanh Nhạt - 203M*"
64355-KWW-B20ZA,"Cốp trái ,bộ ốp trung tâm trái Wave S110(2009-2011) ĐỎ - 313C*"
64355-KWW-B20ZB,"Cốp trái ,bộ ốp trung tâm trái Wave S110(2009-2011)  Đen bóng- 25M*"
64355-KWW-B20ZC,"Cốp trái ,bộ ốp trung tâm trái Wave S110(2009-2011) Xanh Mực - B373M*"
64355-KWW-B20ZD,"Cốp trái ,bộ ốp trung tâm trái Wave S110(2009-2011) BẠC- 411M*"
64355-KWW-C60ZB,"Cốp trái ,bộ ốp trung tâm trái Wave RS 110(2009-2010) Xanh ngọc tem ngôi sao -B206M*"
64355-KWW-C60ZD,"Cốp trái ,bộ ốp trung tâm trái Wave RS 110(2009-2010) Đỏ tươi tem ngôi sao - R263"
64355-KWW-M00ZA,"Cốp trái ,bộ ốp trung tâm trái Wave S110(2011-2013)  Trắng tem hoa văn  - B35B*"
64355-KWW-M00ZB,"Cốp trái ,bộ ốp trung tâm trái Wave S110(2011-2013)  ĐỎ tem hoa văn  - R340B*"
64355-KWW-V00ZA,"Cốp trái ,bộ ốp trung tâm trái Wave RSX 110(2009-2010) Đen bóng tem- A69M*"
64355-KWW-V00ZB,"Cốp trái ,bộ ốp trung tâm trái Wave RSX 110(2009-2010)  ĐỎ tem - 313C*"
64355-KWW-V00ZC,"Cốp trái ,bộ ốp trung tâm trái Wave RSX 110(2009-2010) Xanh ngọc tem - B206M"
64355-KWW-V00ZD,"Cốp trái ,bộ ốp trung tâm trái Wave RSX 110(2009-2010) trắng tem - A96P"
64360-K07-900ZB,"Ốp trong cánh yếm trái  RSX 110cc (2012-2013) đen nhám(kiểu siêu nhân, bọ ngựa)"
64360-K12-900ZA,"Bửng trái , cánh yếm , cánh gà trái , ốp trước trái Lead 125 (2013-2016) Vàng Đồng -208M"
64360-K12-900ZB,"Bửng trái , cánh yếm , cánh gà trái , ốp trước trái Lead 125 (2013-2016) NÂU -303M"
64360-K12-900ZC,"Bửng trái , cánh yếm , cánh gà trái , ốp trước trái Lead 125 (2013-2016) Vàng Kem -299P"
64360-K12-900ZD,"Bửng trái , cánh yếm , cánh gà trái, ốp trước trái Lead 125 (2013-2016) Đỏ Đô -350C"
64360-K12-900ZF,"Bửng trái , cánh yếm , cánh gà trái , ốp trước trái Lead 125 (2013-2016) XANH Mực- 390M*"
64360-K12-900ZG,"Bửng trái , cánh yếm , cánh gà trái , ốp trước trái Lead 125 (2013-2016)TRẮNG - B35P"
64360-K12-900ZH,"Bửng trái , cánh yếm , cánh gà trái , ốp trước trái Lead 125 (2013-2016) Đen Bóng - 25M*"
64360-K12-900ZL,"Bửng trái , cánh yếm , cánh gà trái , ốp trước trái Lead 125 (2013-2016) XÁM Ghi-B50M*"
64360-K12-900ZM,"Bửng trái , cánh yếm , cánh gà trái , ốp trước trái Lead 125 (2013-2016) màu đồng nhạt *Y183M*"
64360-K12-900ZN,"Bửng trái , cánh yếm , cánh gà trái , ốp trước trái Lead 125 (2013-2016) Xanh đen-403P"
64360-K12-900ZP,"Bửng trái , cánh yếm , cánh gà trái , ốp trước trái Lead 125 (2013-2016) BẠC Nhám -B18M*"
64360-K12-V00ZA,"Bửng trái , cánh yếm , cánh gà trái , ốp trước trái Lead 125 (2017-2019) Vàng nhạt -229P"
64360-K12-V00ZC,"Bửng trái , cánh yếm , cánh gà trái , ốp trước trái Lead 125 (2017-2019) Vàng Kem -299P"
64360-K12-V00ZD,"Bửng trái , cánh yếm , cánh gà trái , ốp trước trái Lead 125 (2017-2019) Đỏ Đô đậm -R368*"
64360-K12-V00ZE,"Bửng trái , cánh yếm , cánh gà trái , ốp trước trái Lead 125 (2017-2019) Xanh đen-403P"
64360-K12-V00ZH,"Bửng trái , cánh yếm , cánh gà trái , ốp trước trái Lead 125 (2017-2019) Đen Bóng - 25M*"
64360-K12-V00ZJ,"Bửng trái , cánh yếm , cánh gà trái , ốp trước trái Lead 125 (2017-2019) BẠC Nhám -B18M*"
64360-K12-V00ZK,"Bửng trái , cánh yếm , cánh gà trái , ốp trước trái Lead 125 (2017-2019) TRẮNG - A96P*"
64360-K12-V00ZL,"Bửng trái , cánh yếm , cánh gà trái , ốp trước trái Lead 125 (2017-2019) nhớt *G209P*"
64360-K12-V00ZM,"Bửng trái , cánh yếm , cánh gà trái , ốp trước trái Lead 125 (2017-2019) Đỏ Đô nho- 350c*"
64360-K12-V00ZN,"Bửng trái , cánh yếm , cánh gà trái , ốp trước trái Lead 125 (2017-2019) ĐEN Nhám - A76M*"
64360-K2P-V60ZA,"Ốp nạ trái ,ốp trước trái,ốp đèn pha trước trái  Winner X-V3,V4 (2022-2025) đỏ nhám R406*"
64360-K2P-V60ZB,"Ốp nạ trái ,ốp trước trái ,ốp đèn pha trước trái Winner X-V3,V4 (2022-2025) đỏ tươi *R389*"
64360-K2P-V60ZC,"Ốp nạ trái ,ốp trước trái,ốp đèn pha trước trái Winner X-V3,V4 (2022-2025) đen bóng *NH1*"
64360-K2P-V60ZD,"Ốp nạ trái ,ốp trước trái,ốp đèn pha trước trái Winner X-V3,V4 (2022-2025) đen bóng *NHB25*"
64360-K2P-V60ZE,"Ốp nạ trái ,ốp trước trái,ốp đèn pha trước trái Winner X-V3,V4 (2022-2025) bạc nhám *NHB18*"
64360-K2P-V60ZF,"Ốp nạ trái ,ốp trước trái,ốp đèn pha trước trái Winner X-V3,V4 (2022-2025) đen nhám *NHA76*"
64360-K2S-N00ZB,"ốp sàn trái ,Sàn chống trái ,nẹp sàn trái  Vario 160, click 160 (2022-2025) đen nhám"
64360-K56-V50ZB,"Ốp nạ trái ,ốp trước trái,ốp đèn pha trước trái  Winner X-V2 (2019-2021) Xanh mực-PB421* "
64360-K56-V50ZC,"Ốp nạ trái ,ốp trước trái,ốp đèn pha trước trái  Winner X-V2 (2019-2021) đen nhám *NHA76*"
64360-K56-V50ZD,"Ốp nạ trái ,ốp trước trái,ốp đèn pha trước trái  Winner X-V2 (2019-2021) Bạc tem đỏ *A40*"
64360-K56-V50ZE,"Ốp nạ trái ,ốp trước trái,ốp đèn pha trước trái  Winner X-V2 (2019-2021) ĐỎ *R389*"
64360-K56-V50ZG,"Ốp nạ trái ,ốp trước trái,ốp đèn pha trước trái Winner X-V3 (2022-2025) đen bóng *NHB25*"
64360-K56-V50ZH,"Ốp nạ trái ,ốp trước trái,ốp đèn pha trước trái Winner X-V3 (2022-2025) Đỏ-R340*"
64360-K60-B60ZB," Ốp sàn dưới trái , Lườn chống Vario 125, Click 125 (2018-2024)"
64360-K73-V40ZA,"Sống yên, ốp trung tâm dưới đầu yên  Future 125 Fi, Future 125 Mập (2016-2021) Vàng -YR321*"
64360-K73-V40ZC,"Sống yên, ốp trung tâm dưới đầu yên  Future 125 Fi, Future 125 Mập (2016-2021) Đen nhám -NH1*"
64360-K73-V40ZE,"Sống yên, ốp trung tâm dưới đầu yên  Future 125 Fi, Future 125 Mập (2016-2021) Nâu-YR286R*"
64360-KTL-740,"ốp bình xăng trái,bộ ốp trung tâm trái  Wave A 100, Wave RS 100,Wave S 100 (2005-2016) Đen nhám-NH1*"
64360-KVL-T10,"ốp bình xăng trái,bộ ốp trung tâm trái Wave RSX 100 (2007-2008) Đen nhám-NH1*"
64365-040-000ZC,#N/A
64365-K2P-V00ZA,"Ốp nạ trái , Nhựa ốp đèn pha trái, Bộ ốp trung tâm trái  Winner X-V2 (2019-2021) xám có tem *NHA56M*"
64365-K2P-VF0ZA,"Ốp nạ trái ,Nhựa ốp đèn pha trái, Bộ ốp trung tâm trái  winner V2,V3 (2022-2025) ĐEN nhám *NHA76M*"
64365-K56-V80ZB,"Ốp nạ trái ,Nhựa ốp đèn pha trái , Bộ ốp trung tâm trái winner X (2019-2021) BẠC-NHA40M*"
64370-K07-900ZB,"nẹp bửng trong phải ,Ốp ống yếm phải   RSX 110cc (2012-2013) đen nhám(kiểu siêu nhân, bọ ngựa)"
64370-KEV-750YB,ốp sườn phải Wave alpha nhỏ 100cc (2001-2005) Xanh Nhạt Ghi môn không tem  -B141M*
64370-KEV-750ZA,ốp sườn phải Wave alpha nhỏ 100cc (2001-2005)  ĐEN bóng không tem -NH1*
64370-KEV-750ZF,ốp sườn phải Wave alpha nhỏ 100cc (2001-2005)  Xanh nhớt( lục) không tem-B142*
64370-KEV-750ZK,ốp sườn phải Wave alpha nhỏ 100cc (2001-2005) NÂU không tem -R150CU*
64370-KEV-750ZR,ốp sườn phải Wave alpha nhỏ 100cc (2001-2005)  BẠC không tem -411M*
64370-KEV-750ZS,ốp sườn phải Wave alpha nhỏ 100cc (2001-2005) Xanh Ngọc không tem -B305P*
64370-KEV-750ZU,ốp sườn phải Wave alpha nhỏ 100cc (2001-2005) Đỏ Đô không tem -R203M*
64370-KEV-750ZY,ốp sườn phải Wave alpha nhỏ 100cc (2001-2005) Xanh Mực đậm không tem -171MU*
64370-KTL-790ZA,ốp sườn phải Wave alpha nhỏ 100cc (2001-2005) Đỏ Tươi ( cờ) không tem -R263*
64370-KTL-790ZB,ốp sườn phải Wave alpha nhỏ 100cc (2001-2005) VÀNG không tem -Y106*
64380-K07-900ZB,"nẹp bửng trong trái ,Ốp ống yếm trái   RSX 110cc (2012-2013) đen nhám(kiểu siêu nhân, bọ ngựa)"
64380-KEV-750YB,ốp sườn trái Wave alpha nhỏ 100cc (2001-2005) Xanh Nhạt Ghi môn không tem  -B141M*
64380-KEV-750ZA,ốp sườn trái Wave alpha nhỏ 100cc (2001-2005)  ĐEN bóng không tem -NH1*
64380-KEV-750ZF,ốp sườn trái Wave alpha nhỏ 100cc (2001-2005)  Xanh nhớt( lục) không tem -B142*
64380-KEV-750ZH,ốp sườn trái Wave alpha nhỏ 100cc (2001-2005) NÂU không tem -R150CU*
64380-KEV-750ZR,ốp sườn trái Wave alpha nhỏ 100cc (2001-2005)  BẠC không tem -411M*
64380-KEV-750ZS,ốp sườn trái Wave alpha nhỏ 100cc (2001-2005) Xanh Ngọc không tem -B305P*
64380-KEV-750ZU,ốp sườn trái Wave alpha nhỏ 100cc (2001-2005) Đỏ Đô không tem -R203M*
64380-KEV-750ZY,ốp sườn trái Wave alpha nhỏ 100cc (2001-2005) Xanh Mực đậm không tem -171MU*
64380-KTL-790ZA,ốp sườn trái Wave alpha nhỏ 100cc (2001-2005) Đỏ Tươi ( cờ) không tem -R263*
64380-KTL-790ZB,ốp sườntrái Wave alpha nhỏ 100cc (2001-2005) VÀNG không tem -Y106*
64400-K1F-V10ZA,"Bộ ốp sàn bên phải, ốp hông sàn chân phải Air blade (AB)125/150 (2020-2025) đen nhám *NHA76M*"
64400-K1G-V10ZA,"Bộ ốp sàn bên phải, ốp hông sàn chân phải Air blade (AB)125/150 (2020-2025) Vàng đồng nhạt *Y234M*"
64400-K2C-V30ZA,"bửng trước bên trái ,Cánh yếm bên trái ,Vision 110 (2021-2026+) Xanh xám nhám *NHC34M*(chữ special đen)"
64400-K2C-V30ZB,"bửng trước bên trái ,Cánh yếm bên trái ,Vision 110 (2021-2026+) đen nhám( chữ special đỏ )"
64400-K2C-VF0ZA,"bửng trước bên trái ,Cánh yếm bên trái ,Vision 110 (2021-2026+) Xám xi măng *NHC60P*( tem V sọc chữa sporty đen )"
64400-K2C-VF0ZB,"bửng trước bên trái ,Cánh yếm bên trái ,Vision 110 (2021-2026+) đen nhám tem V sọc đỏ ( chữ sporty trắng )"
64400-K2C-VS0ZA,"bửng trước bên trái ,Cánh yếm bên trái ,Vision 110 (2021-2026+) Xanh xám nhám *NHC34M* ( tem sọc trắng )"
64400-K2P-V00ZA,"Bộ ốp sườn sau phải , bụng sườn sau phải Winner X-V2 (2019-2021) Xám Bạc bóng*B189*"
64400-K2P-V10ZA,"Bộ ốp sườn sau phải , bụng sườn sau phải Winner X-V3,V4 (2022-2025) Đen tem xanh *B189*"
64400-K2P-V10ZB,"Bộ ốp sườn sau phải , bụng sườn sau phải Winner X-V3,V4 (2022-2025) Đen tem trắng *NHB25*"
64400-K2P-V10ZC,"Bộ ốp sườn sau phải , bụng sườn sau phải Winner X-V3,V4 (2022-2025) Xanh đen *B421*"
64400-K2P-V10ZD,"Bộ ốp sườn sau phải , bụng sườn sau phải Winner X-V2 (2022-2025) Đỏ tem đen *R389*"
64400-K2P-V40ZA,"Bộ ốp sườn sau phải , bụng sườn sau phải Winner X-V3,V4 (2022-2025) Đen tem ĐỎ *R340*"
64400-K2P-V40ZB,"Bộ ốp sườn sau phải , bụng sườn sau phải Winner X-V3,V4 (2022-2025) Đen tem xanh nhạt *B406*"
64400-K2P-V50ZB,"Bộ ốp sườn sau phải , bụng sườn sau phải Winner X-V3,V4 (2022-2025) Đỏ tem đen *R340*"
64400-K2P-V60ZA,"Bộ ốp sườn sau phải , bụng sườn sau phải Winner X-V3,V4 (2022-2025) Bạc tem xanh *NHB56*"
64400-K2P-V60ZB,"Bộ ốp sườn sau phải , bụng sườn sau phải Winner X-V3,V4 (2022-2025) Đen tem chữ xám *NHB55*"
64400-K2P-V60ZC,"Bộ ốp sườn sau phải , bụng sườn sau phải Winner X-V3,V4 (2022-2025) Đen tem chữ trắng *NHB25*"
64400-K2P-V60ZD,"Bộ ốp sườn sau phải , bụng sườn sau phải Winner X-V3,V4 (2022-2025) Đỏ tem xám *R389*"
64400-K2P-V70ZA,"Bộ ốp sườn sau phải , bụng sườn sau phải Winner X-V3,V4 (2022-2025) BẠC nhám*B18*"
64400-K2P-V70ZB,"Bộ ốp sườn sau phải , bụng sườn sau phải Winner X-V3,V4 (2022-2025) đỏ nhám*B18*"
64400-K2P-V70ZC,"Bộ ốp sườn sau phải , bụng sườn sau phải Winner X-V3,V4 (2022-2025) đen nhám*A76*"
64400-K2P-V80ZA,"Bộ ốp sườn sau phải , bụng sườn sau phải Winner X-V3,V4 (2022-2025) Đỏ tem xanh trắng *R389*"
64400-K2P-VD0ZA,"Bộ ốp sườn sau phải , bụng sườn sau phải Winner X-V3,V4 (2022-2025) Đỏ tem xanh trắng *R389*"
64400-K2P-VE0ZA,"Bộ ốp sườn sau phải , bụng sườn sau phải Winner X-V3,V4 (2022-2025) trắng tem đỏ xám*NHB55P*"
64400-K2P-VE0ZB,"Bộ ốp sườn sau phải , bụng sườn sau phải Winner X-V3,V4 (2022-2025) XÁM tem vàng *NHB56M*"
64400-K2P-VE0ZC,"Bộ ốp sườn sau phải , bụng sườn sau phải Winner X-V3,V4 (2022-2025) Đỏ tem đen trắng *R389*"
64400-K2P-VG0ZA,"Bộ ốp sườn sau phải , bụng sườn sau phải Winner X-V3,V4 (2022-2025) Đỏ tem xanh trắng *R389*"
64400-K2Z-V70ZA,"ốp bình xăng phải ,Bộ ốp sàn bên phải Air blade (AB)125/160 (2022-2025)  Đỏ Đô*R368C*"
64400-K35-V00ZA,"yếm giữa,Tấm ốp trung tâm Pcx 125 (2014-2016) đen nhám *NH1*"
64400-K56-V00ZA,"sườn dưới phải ,bụng sau phải Winner 150 V1(2016-2019) Bạc -NH411*"
64400-K56-V00ZC,"sườn dưới phải ,bụng sau phải Winner 150 V1(2016-2019) CAM -*Y322*"
64400-K56-V00ZD,"sườn dưới phải ,bụng sau phải Winner 150 V1(2016-2019) Đen bóng-25M"
64400-K56-V00ZE,"sườn dưới phải ,bụng sau phải Winner 150 V1(2016-2019) Trắng-*NHB35P*"
64400-K56-V30ZE,"sườn dưới phải ,bụng sau phải Winner 150 V1(2016-2019) Đen bóng-25M"
64400-K56-V30ZG,"sườn dưới phải ,bụng sau phải Winner 150 V1(2016-2019) Trắng-*NHB35P*"
64400-K56-V50ZA,"sườn dưới phải ,bụng sau phải  Winner X-V2(2019-2021) Đen nhám tem xanh -*NHA76H*"
64400-K56-V50ZB,"sườn dưới phải ,bụng sau phải  Winner X-V2 (2019-2021) Đen nhám tem cam -*NHA76T*"
64400-K56-V50ZC,"sườn dưới phải ,bụng sau phải  Winner X-V2 (2019-2021) Bạc tem đỏ -*NHA40*"
64400-K56-V50ZD,"sườn dưới phải ,bụng sau phải  Winner X-V2 (2019-2021) Xanh tem trắng -*PB421*"
64400-K56-V50ZF,"sườn dưới phải ,bụng sau phải  Winner X-V2 (2019-2021) Đỏ tem đen -*R389*"
64400-K56-V60ZA,"sườn dưới phải ,bụng sau phải  Winner X-V2 (2019-2021) đen nhám*A76*"
64400-K56-V70ZA,"sườn dưới phải ,bụng sau phải  Winner X-V2 (2019-2021)  Đỏ tem xanh trắng *R389*"
64400-K56-V80ZB,"sườn dưới phải ,bụng sau phải  Winner X-V2 (2019-2021) đen nhám tem xám*B406*"
64400-K56-V80ZC,"sườn dưới phải ,bụng sau phải  Winner X-V2 (2019-2021) đen nhám tem xám Đỏ *R340*"
64400-K57-V00ZB,"Bửng trong phải ,Ốp ống yếm phải Wave Blade 110 (2015-2016) TRẮNG *NHB55P*"
64400-K57-V00ZC,"Bửng trong phải ,Ốp ống yếm phải Wave Blade 110 (2015-2016)  Đen bóng -B25M*"
64400-K57-V00ZD,"Bửng trong phải ,Ốp ống yếm phải Wave Blade 110 (2015-2016) đỏ *R340C*"
64400-K57-V00ZG,"Bửng trong phải ,Ốp ống yếm phải Wave Blade 110 (2015-2016) Xanh ngọc *NHB189C*"
64400-KEV-900ZA,"Bửng trong phải ,Ốp ống yếm phải Wave Blade 110 (2015-2016) Xanh nhớt lục *NHB142P*"
64400-KEV-900ZF,bửng trong phải Wave alpha nhỏ 100cc (2001-2005) NÂU -R150CU*
64400-KEV-900ZH,bửng trong phải Wave alpha nhỏ 100cc (2001-2005) ĐEN -NH1*
64400-KEV-900ZK,bửng trong phải Wave alpha nhỏ 100cc (2001-2005)  BẠC -411M*
64400-KEV-900ZL,bửng trong phải Wave alpha nhỏ 100cc (2001-2005)  Xanh Ngọc -B305P*
64400-KEV-900ZM,bửng trong phải Wave alpha nhỏ 100cc (2001-2005)  Đỏ Đô -R203M*
64400-KEV-900ZR,bửng trong phải Wave alpha nhỏ 100cc (2001-2005)  Đỏ Tươi -R263*
64400-KEV-900ZS,bửng trong phải Wave alpha nhỏ 100cc (2001-2005)Xanh Mực đậm -171MU*
64400-KEV-900ZU,bửng trong phải Wave alpha nhỏ 100cc (2001-2005) Xanh Nhạt Ghi -B141M*
64400-KEV-900ZY,bửng trong phải Wave alpha nhỏ 100cc (2001-2005) VÀNG -Y106*
64400-KFL-890ZA,"diều fu ngọc, ốp ổ khóa, ốp yếm chính  Future 110(1999-2004) Xanh ngọc -154M*"
64400-KFL-890ZC,"diều fu ngọc, ốp ổ khóa, ốp yếm chính  Future 110(1999-2004) Xám Ghi -183M*"
64400-KFL-890ZD,"diều fu ngọc, ốp ổ khóa, ốp yếm chính  Future 110(1999-2004) Xanh Mực đậm -171MU*"
64400-KFL-890ZE,"diều fu ngọc, ốp ổ khóa, ốp yếm chính  Future 110(1999-2004) Đỏ Tươi -R263*"
64400-KFL-890ZF,"diều fu ngọc, ốp ổ khóa, ốp yếm chính  Future 110(1999-2004) Đỏ Đô -R203M*"
64400-KFL-890ZG,"diều fu ngọc, ốp ổ khóa, ốp yếm chính  Future 110(1999-2004) Xanh nhớt( lục) -B142*"
64400-KFL-890ZH,"diều fu ngọc, ốp ổ khóa, ốp yếm chính  Future 110(1999-2004) đen đỏ -R161P*"
64400-KPH-B30ZG,ốp ống yếm phải *NH359M*
64400-KWN-710ZB,#N/A
64400-KWN-711ZB,Bộ tấm ốp trung tâm PCX 125 (2010-2013) ĐỎ nhám *R-349R*
64400-KWN-711ZC,Bộ tấm ốp trung tâm PCX 125 (2010-2013) Đen nhám *R-349R*
64400-KWN-900ZB,Bộ tấm ốp trung tâm PCX 125 (2010-2013) Nâu nhám *R286R*
64400-KWW-A00ZF,"bửng dưới phải ,ốp ống yếm phải Wave RS 110(2009-2010) BẠC không tem- 411M*"
64400-KWW-A00ZJ,"bửng dưới phải ,ốp ống yếm phải Wave S110(2009-2011) Xám không tem -A62M*"
64400-KWW-A00ZN,"bửng dưới phải ,ốp ống yếm phải Wave S110(2010-2011) Đen không tem -A69M*"
64400-KWW-A00ZP,"bửng dưới phải ,ốp ống yếm phải Wave RSX 110(2009-2010) TRẮNG ngọc không tem -A96P"
64400-KWW-A00ZQ,"bửng dưới phải ,ốp ống yếm phải Wave RSX 110(2009-2010) Đỏkhông tem - 313C*"
64400-KWW-A00ZW,"bửng dưới phải ,ốp ống yếm phải Wave S110(2009-2011) Trắng không tem- 193P*"
64400-KWW-A80ZA,"bửng dưới phải ,ốp ống yếm phải Wave S110 (2012-2013) đồng mỏ chu -Y208M*"
64400-KWW-A80ZD,"bửng dưới phải ,ốp ống yếm phải Wave S110 (2012-2013)  BẠC mỏ chu- 411M*"
64400-KWW-A80ZG,"bửng dưới phải ,ốp ống yếm phải Wave S110 (2012-2013) Trắng Mỏ chu - B35*"
64400-KWW-A80ZH,"bửng dưới phải ,ốp ống yếm phải Wave S110 (2012-2013) XÁM Mỏ chu - A62M**"
64400-KWW-A80ZM,"bửng dưới phải ,ốp ống yếm phải Wave S110 (2012-2013) ĐỎ mỏ chu - 340C*"
64400-KWW-A80ZN,#N/A
64400-KWW-A80ZP,"bửng dưới phải ,ốp ống yếm phải Wave S110 (2012-2013) Đen mỏ chu- 25M*"
64401-K1N-V00ZA,"bửng trước bên phải,Cánh yếm bên phải , cánh gà phải SH mode 125 (2021-2022) Đỏ đô- 350C"
64401-K1N-V00ZB,"bửng trước bên  trái,Cánh yếm bên  trái , cánh gà  trái SH mode 125 (2021-2022) Xanh đen-410P"
64401-K1N-V00ZC,"bửng trước bên  trái,Cánh yếm bên  trái , cánh gà  trái SH mode 125 (2021-2022) vàng nhạt"
64401-K1N-V00ZD,"bửng trước bên  trái ,Cánh yếm bên trái , cánh gà trái SH mode 125 (2021-2022) TRẮNG - 35P*"
64401-K1N-V00ZE,"bửng trước bên  trái ,Cánh yếm bên  trái , cánh gà  trái SH mode 125 (2021-2022)  Đen Bóng - 25M*"
64401-K1N-V00ZF,"bửng trước bên  trái ,Cánh yếm bên trái , cánh gà  trái SH mode 125 (2021-2022)  BẠC Nhám -B18M*"
64401-K1N-V00ZG,"bửng trước bên  trái ,Cánh yếm bên  trái , cánh gà  trái SH mode 125 (2021-2025) XÁM Xi măng - C60P"
64401-K1N-V00ZH,"bửng trước bên  trái ,Cánh yếm bên trái , cánh gà  trái  SH mode 125 (2021-2025) Đen Nhám -76M"
64401-K1N-V00ZJ,"bửng trước bên  trái ,Cánh yếm bên  trái , cánh gà  trái SH mode 125 (2021-2025) Đỏ đô- 350C"
64401-K29-900ZA,"bửng trước bên  trái ,Cánh yếm bên  trái , cánh gà  trái SH mode 125 (2013-2020) Vàng Kem -299P"
64401-K29-900ZC,"bửng trước bên  trái ,Cánh yếm bên  trái , cánh gà trái SH mode 125 (2013-2020) ĐỎ Tươi - 340C"
64401-K29-900ZE,"bửng trước bên  trái ,Cánh yếm bên  trái , cánh gà  trái  SH mode 125 (2013-2020) XANH Mực- 390M*"
64401-K29-900ZF,"bửng trước bên  trái ,Cánh yếm bên  trái , cánh gà trái SH mode 125 (2013-2020)  TRẮNG - B35P*"
64401-K29-900ZG,"bửng trước bên  trái ,Cánh yếm bên  trái , cánh gà  trái  SH mode 125 (2013-2020) Đen Bóng - 25M*"
64401-K29-900ZJ,"bửng trước bên  trái ,Cánh yếm bên  trái , cánh gà  trái SH mode 125 (2013-2020) XÁM Chì- 320M*"
64401-K29-900ZM,"bửng trước bên  trái ,Cánh yếm bên trái , cánh gà  trái SH mode 125 (2013-2020) Xanh cốm -GY150P*"
64401-K29-900ZN,"bửng trước bên  trái ,Cánh yếm bên trái , cánh gà  trái SH mode 125 (2013-2020)  Đỏ ĐÔ nho -350C*"
64401-K29-900ZP,"bửng trước bên  trái ,Cánh yếm bên  trái , cánh gà trái SH mode 125 (2013-2020)  BẠC Nhám -B18M*"
64401-K29-900ZQ,"bửng trước bên  trái ,Cánh yếm bên trái , cánh gà  trái SH mode 125 (2013-2020) Đỏ ĐÔ  -R368C*"
64401-K29-900ZR,"bửng trước bên trái ,Cánh yếm bên trái , cánh gà  trái  SH mode 125 (2013-2020) Xanh ngọc -B408P"
64401-K29-900ZV,"bửng trước bên  trái ,Cánh yếm bên  trái , cánh gà  trái SH mode 125 (2013-2020) Xanh đá -B420M"
64401-K2C-V00ZA,"bửng trước bên trái ,Cánh yếm bên trái , cánh gà trái Vision 110 (2021-2026+) Đỏ đô- 350C"
64401-K2C-V00ZD,"bửng trước bên trái ,Cánh yếm bên trái , cánh gà trái Vision 110 (2021-2026+) Trắng- B35P*"
64401-K2C-V00ZE,"bửng trước bên trái ,Cánh yếm bên trái , cánh gà trái Vision 110 (2021-2026+) Đen bóng-25M"
64401-K2C-V00ZF,"bửng trước bên trái ,Cánh yếm bên trái , cánh gà trái  Vision 110 (2021-2026+) Đen Nhám -76M"
64401-K2C-V00ZJ,"bửng trước bên trái ,Cánh yếm bên trái , cánh gà trái Vision 110 (2021-2026+) Xanh Lam Nhám -B425M*"
64401-K2C-V00ZK,"bửng trước bên trái ,Cánh yếm bên trái , cánh gà trái Vision 110 (2021-2026+) Xanh Mực bóng -B426M*"
64401-K2C-V00ZM,"bửng trước bên trái ,Cánh yếm bên trái , cánh gà trái Vision 110 (2021-2026+) Xanh mực nhám *PB434M*"
64401-K2C-V00ZN,"bửng trước bên trái ,Cánh yếm bên trái , cánh gà trái Vision 110 (2021-2026+) Xám xi măng *NHC60P*"
64405-K35-V00ZA,nắp mở bình xăng Pcx 125 (2014-2016) đen nhám *NH1*
64405-K73-V40ZA,"Tấm thông gió yếm phải ( bửng phải ) Future 125 Fi, Future 125 Mập (2018-2019) Đồng -*Y208M*"
64405-K73-V40ZB,"Tấm thông gió yếm phải ( bửng phải ) Future 125 Fi, Future 125 Mập (2018-2019) Đỏ tươi *R340c*"
64405-K73-V40ZC,"Tấm thông gió yếm phải ( bửng phải ) Future 125 Fi, Future 125 Mập (2018-2019) BẠC đậm -*B56M*"
64405-K73-V40ZD,"Tấm thông gió yếm phải ( bửng phải ) Future 125 Fi, Future 125 Mập (2018-2019)  ĐEN bóng *B25M*"
64405-K73-V40ZE,"Tấm thông gió yếm phải ( bửng phải ) Future 125 Fi, Future 125 Mập (2018-2019)  Xám lông chuột *NHA62*"
64405-K73-V40ZJ,"Tấm thông gió yếm phải ( bửng phải ) Future 125 Fi, Future 125 Mập  (2020-2021)  Đỏ Đô Nho *R350C*"
64405-K73-V40ZK,"Tấm thông gió yếm phải ( bửng phải ) Future 125 Fi ,Future LED (2021-2026+) Vàng Đồng bóng-*Y218M*"
64405-K73-V40ZM,"Tấm thông gió yếm phải ( bửng phải ) Future 125 Fi ,Future LED (2021-2026+) Xanh đá *PB389*"
64405-K73-V40ZN,"Tấm thông gió yếm phải ( bửng phải ) Future 125 Fi ,Future LED (2021-2026+)TRẮNG *NH193P*"
64405-K73-V40ZP,"Tấm thông gió yếm phải ( bửng phải ) Future 125 Fi ,Future LED (2021-2026+) Xanh Nhám *NHC34*"
64405-K73-V40ZQ,"Tấm thông gió yếm phải ( bửng phải ) Future 125 Fi ,Future LED (2021-2026+) Đen Nhám *76M*"
64405-K73-V40ZR,"Tấm thông gió yếm phải ( bửng phải ) Future 125 Fi ,Future LED (2021-2026+) Vàng Đồng nhám-*Y224M*"
64405-K73-V40ZS,"Tấm thông gió yếm phải ( bửng phải ) Future 125 Fi ,Future LED (2021-2026+) Xanh mực -*Y224M*"
64405-K97-T00ZA,nắp mở ngoài bình xăng Pcx 125 (2017-2019) đen nhám *NH1*
64405-KPH-700ZD,Thông gió yếm phải  Future Neo 125 (2005-2008) BẠC -NH411M*
64405-KVG-900,"nắp mở ngoài bình xăng, nắp chắn đường nhiên liệu  Air blade 110(2007-2008) Đen nhám"
64405-KVG-A30ZG,Nắp mở bình xăng Air blade (AB)110 Fi (2009-2010) ĐỒNG 3D -271M*
64405-KVG-A30ZJ,Nắp mở bình xăng Air blade (AB)110 Fi (2009-2010)  ĐỎ - 313C*
64405-KVG-A30ZL,Nắp mở bình xăng Air blade (AB)110 Fi (2009-2010) ĐEN Bóng -NH96P*
64405-KVG-A30ZM,Nắp mở bình xăng Air blade (AB)110 Fi (2009-2010) TRẮNG -A96P*
64405-KVG-V40ZA,Nắp mở bình xăng  Air blade (AB)110 Fi (2011-2012) ĐỒNG 3D -218M*mẫu đầu bò mập
64405-KVG-V40ZB,#N/A
64405-KVG-V40ZC,Nắp mở bình xăng  Air blade (AB)110 Fi (2011-2012) ĐỎ -R340C* mẫu đầu bò mập
64405-KVG-V40ZD,Nắp mở bình xăng  Air blade (AB)110 Fi (2011-2012)TRẮNG -B35P* mẫu đầu bò mập
64405-KVG-V40ZE,Nắp mở bình xăng  Air blade (AB)110 Fi (2011-2012) ĐEN Bóng -NH25M* mẫu đầu bò mập
64405-KVL-930,Thông gió yếm phải Future Neo 125 FI (2005-2008)  BẠC -NH411M*
64405-KWN-711ZB,nắp mở ngoài bình xăng PCX 125 (2010-2013) ĐỎ nhám *R-349R*
64405-KWN-711ZC,nắp mở ngoài bình xăng PCX 125 (2010-2013) đen nhám *NH1*
64405-KWN-900ZA,nắp mở ngoài bình xăng PCX 125 (2010-2013) Nâu nhám *R286R*
64405-KYZ-V00ZA,"Tấm thông gió yếm phải, Future 125 Fi,Future 125 Fi Mập (2013-2015) vàng đồng -Y208M"
64405-KYZ-V00ZB,"Tấm thông gió yếm phải, Future 125,Future 125 Mập (2011-2013) BẠC -B24M*"
64405-KYZ-V00ZE,"Tấm thông gió yếm phải, Future 125 Fi,Future 125 Fi Mập (2013-2015) Đỏ đô -R350C"
64405-KYZ-V00ZF,"Tấm thông gió yếm phải, Future 125 Fi,Future 125 Fi Mập (2013-2015) ĐỎ -340C*"
64405-KYZ-V00ZG,"Tấm thông gió yếm phải, Future 125 Fi,Future 125 Fi Mập (2013-2015) ĐEN -B25M"
64405-KYZ-V00ZJ,"Tấm thông gió yếm phải ,Future 125, Future 125 Fi, Future 125 Mập (2015-2016) Xám ghi -B12M"
64405-KYZ-V00ZM,"Tấm thông gió yếm phải,,Future 125, Future 125 Fi, Future 125 Mập (2015-2016) xám đậm -A62M*"
64406-KYL-840ZA,"Tấm thông gió yếm phải,Future X, Future X FI (2010-2011) Nâu Đồng -Y208M*"
64406-KYL-840ZB,"Tấm thông gió yếm phải,Future X, Future X FI (2010-2011) TRẮNG-96P"
64406-KYL-840ZC,"Tấm thông gió yếm phải,Future X, Future X FI (2010-2011) ĐỎ -340*"
64406-KYL-840ZE,"Tấm thông gió yếm phải,Future X, Future X FI (2010-2011) Xanh ngọc -B206M*"
64410-K1F-V00ZB,"Bộ ốp trên sàn bên phải, ốp hông sàn chân phải Air blade (AB)125/150 (2020-2025) Xanh ngọc-*NHB189C*"
64410-K1F-V00ZC,"Bộ ốp trên sàn bên phải, ốp hông sàn chân phải Air blade (AB)125/150 (2020-2025) Xám ghi -B12M"
64410-K1F-V00ZD,"Bộ ốp trên sàn bên phải, ốp hông sàn chân phải Air blade (AB)125/150 (2020-2025)  ĐỎ -340*"
64410-K1F-V00ZF,"Bộ ốp trên sàn bên phải, ốp hông sàn chân phải Air blade (AB) 150cc (2020-2025)  BẠC -C35M*"
64410-K1F-V00ZG,"Bộ ốp trên sàn bên phải, ốp hông sàn chân phải Air blade (AB)150 (2020-2025)  ĐEN -B25M"
64410-K1F-V00ZK,"Bộ ốp trên sàn bên phải, ốp hông sàn chân phải Air blade (AB)150 (2020-2025) Xám lông chuột-*NHC04M*"
64410-K27-V00ZA,"ốp bình xăng phải , tấm ốp yếm phải Air blade(AB)125 (2013-2015) đồng 208M*"
64410-K27-V00ZB,"ốp bình xăng phải , tấm ốp yếm phải Air blade(AB)125 (2013-2015) Xám- A62M"
64410-K27-V00ZE,"ốp bình xăng phải , tấm ốp yếm phải Air blade(AB)125 (2013-2015) Đỏ -340C*"
64410-K27-V00ZF,"ốp bình xăng phải , tấm ốp yếm phải Air blade(AB)125 (2013-2015) BẠC - B24M*"
64410-K27-V00ZH,"ốp bình xăng phải , tấm ốp yếm phải Air blade(AB)125 (2013-2015) Cam-R322C*"
64410-K27-V00ZJ,"ốp bình xăng phải , tấm ốp yếm phải Air blade(AB)125 (2013-2015) đồng nhạt -Y183M*"
64410-K27-V00ZN,"ốp bình xăng phải , tấm ốp yếm phải Air blade(AB)125 (2013-2015) ĐEN bóng -B25M"
64410-K27-V00ZP,"ốp bình xăng phải , tấm ốp yếm phải Air blade(AB)125 (2013-2015)  Đen Nhám *NH1*"
64410-K2Z-V00ZA,"Bộ ốp trên sàn bên phải, ốp hông trên sàn chân phải Air blade (AB)125/160 (2022-2025) Đỏ Đô*R368C*"
64410-K2Z-V00ZB,"Bộ ốp trên sàn bên phải, ốp hông trên sàn chân phải Air blade (AB)125/160 (2022-2025) Xanh mực bóng *PB426P*"
64410-K2Z-V00ZD,"Bộ ốp trên sàn bên phải, ốp hông trên sàn chân phải Air blade (AB)125/160 (2022-2025) Đen Bóng *NHB25M*"
64410-K2Z-V00ZE,"Bộ ốp trên sàn bên phải, ốp hông trên sàn chân phải Air blade (AB)125/160 (2022-2025)  Đen nhám *NHA76*"
64410-K35-V00ZA,"yếm giữa,Tấm ốp trung tâm Pcx 125 (2014-2016) đen nhám *NH1*"
64410-K66-V00ZA,"ốp bình xăng phải ,Tấm ốp yếm phải  Air Blade 125 (2016-2019) Đồng nhạt-Y224M"
64410-K66-V00ZB,"ốp bình xăng phải ,Tấm ốp yếm phải  Air Blade 125 (2016-2019) Bạc Nhám- B18M*"
64410-K66-V00ZC,"ốp bình xăng phải ,Tấm ốp yếm phải  Air Blade 125 (2016-2019) Đen Nhám *76M*"
64410-K66-V00ZD,"ốp bình xăng phải ,Tấm ốp yếm phải  Air Blade 125 (2016-2019) Xám Chì *A62M*"
64410-K66-V00ZE,"ốp bình xăng phải ,Tấm ốp yếm phải  Air Blade 125 (2016-2019) ĐỎ-R340C"
64410-K66-V00ZF,"ốp bình xăng phải ,Tấm ốp yếm phải  Air Blade 125 (2016-2019) Xanh mực-B390M"
64410-K66-V00ZG,"ốp bình xăng phải ,Tấm ốp yếm phải  Air Blade 125 (2016-2019) Xám nhạt *B86M*"
64410-K66-V00ZH,"ốp bình xăng phải ,Tấm ốp yếm phải  Air Blade 125 (2016-2019) Trắng-*NHB35P*"
64410-K66-V00ZJ,"ốp bình xăng phải ,Tấm ốp yếm phải  Air Blade 125 (2016-2019) đen Bóng- B25M*"
64410-K66-V00ZK,"ốp bình xăng phải ,Tấm ốp yếm phải  Air Blade 125 (2016-2019) xanh dương *B189C*"
64410-K97-T00ZA,"yếm giữa,Tấm ốp trung tâm Pcx 125 (2017-2019) đen nhám *NH1*"
64410-KPH-700ZM,#N/A
64410-KTL-640YP,Ốp sườn phải*NHB25M*
64410-KTL-640ZE,ốp sườn phải *Y106*
64410-KTL-640ZR,sườn phải wa xanh không tem
64410-KTL-640ZU,Sườn phải W@ bạc ko tem *NH411M*
64410-KTL-640ZV,ốp sườn phải *RP138M*
64410-KVG-900,"ốp bình xăng phải ,Tấm ốp yếm phải  Air Blade 110 (2007-2008) Đen nhám"
64410-KVG-V40ZA,"ốp bình xăng phải ,Tấm ốp yếm phải  Air blade (AB)110 Fi (2011-2012) ĐỎ -R340C* mẫu đầu bò mập"
64410-KVG-V40ZB,"ốp bình xăng phải ,Tấm ốp yếm phải  Air blade (AB)110 Fi (2011-2012) BẠC- B24M* mẫu đầu bò mập"
64410-KVG-V40ZD,"ốp bình xăng phải ,Tấm ốp yếm phải  Air blade (AB)110 Fi (2011-2012) ĐEN Bóng -NH25M* mẫu đầu bò mập"
64410-KVG-V40ZE,"ốp bình xăng phải ,Tấm ốp yếm phải  Air blade (AB)110 Fi (2011-2012) Xám Chì *A62M* mẫu đầu bò mập"
64410-KVG-V40ZF,"ốp bình xăng phải ,Tấm ốp yếm phải  Air blade (AB)110 Fi (2011-2012) đồng 208M* mẫu đầu bò mập"
64415-KVG-V20ZA,"ốp bình xăng phải ,Tấm ốp yếm phải  Air blade (AB)110 Fi (2009-2010) BẠC- NH411M*"
64420-K1F-V00ZB,"Bộ ốp trên sàn bên trái, ốp hông sàn chân trái Air blade (AB)125/150 (2020-2025) Xanh ngọc-*NHB189C*"
64420-K1F-V00ZC,"Bộ ốp trên sàn bên trái, ốp hông sàn chân trái Air blade (AB)125/150 (2020-2025) Xám ghi -B12M"
64420-K1F-V00ZD,"Bộ ốp trên sàn bên trái, ốp hông sàn chântrái Air blade (AB)125/150 (2020-2025)  ĐỎ -340*"
64420-K1F-V00ZF,"Bộ ốp trên sàn bên trái, ốp hông sàn chân trái Air blade (AB) 150cc (2020-2025)  BẠC -C35M*"
64420-K1F-V00ZG,"Bộ ốp trên sàn bên trái, ốp hông sàn chân trái Air blade (AB)150 (2020-2025)  ĐEN -B25M"
64420-K1F-V00ZK,"Bộ ốp trên sàn bên trái, ốp hông sàn chân trái Air blade (AB)150 (2020-2025) Xám lông chuột-*NHC04M*"
64420-K27-V00ZA,"ốp bình xăng trái , tấm ốp yếm trái Air blade(AB)125 (2013-2015) đồng 208M*"
64420-K27-V00ZB,"ốp bình xăng trái , tấm ốp yếm trái Air blade(AB)125 (2013-2015) Xám- A62M"
64420-K27-V00ZE,"ốp bình xăng trái , tấm ốp yếm trái Air blade(AB)125 (2013-2015) Đỏ -340C*"
64420-K27-V00ZF,"ốp bình xăng trái , tấm ốp yếm trái Air blade(AB)125 (2013-2015) BẠC - B24M*"
64420-K27-V00ZH,"ốp bình xăng trái , tấm ốp yếm trái Air blade(AB)125 (2013-2015) Cam-R322C*"
64420-K27-V00ZJ,"ốp bình xăng trái , tấm ốp yếm trái Air blade(AB)125 (2013-2015) đồng nhạt -Y183M*"
64420-K27-V00ZN,"ốp bình xăng trái , tấm ốp yếm trái Air blade(AB)125 (2013-2015) ĐEN bóng -B25M"
64420-K27-V00ZP,"ốp bình xăng trái , tấm ốp yếm trái Air blade(AB)125 (2013-2015)  Đen Nhám *NH1*"
64420-K2S-N00ZB,"nẹp bửng trái ,Nẹp giảm xóc trước trái Vario 160,Click 160 (2023-2025) đen nhám"
64420-K2V-N30ZA,"Nhựa nhám yếm, co bửng nhỏ vario 125 (2023-2026) đen nhám"
64420-K2Z-V00ZA,"Bộ ốp trên sàn bên trái, ốp hông trên sàn chân trái Air blade (AB)125/160 (2022-2025) Đỏ Đô*R368C*"
64420-K2Z-V00ZB,"Bộ ốp trên sàn bên trái, ốp hông trên sàn chân trái Air blade (AB)125/160 (2022-2025) Xanh mực bóng *PB426P*"
64420-K2Z-V00ZD,"Bộ ốp trên sàn bên trái, ốp hông trên sàn chân trái Air blade (AB)125/160 (2022-2025) Đen Bóng *NHB25M*"
64420-K2Z-V00ZE,"Bộ ốp trên sàn bên trái, ốp hông trên sàn chân trái Air blade (AB)125/160 (2022-2025)  Đen nhám *NHA76*"
64420-K66-V00ZA,"ốp bình xăng trái ,Tấm ốp yếm trái  Air Blade 125 (2016-2019) Đồng nhạt-Y224M"
64420-K66-V00ZB,"ốp bình xăng trái ,Tấm ốp yếm trái  Air Blade 125 (2016-2019) Bạc Nhám- B18M*"
64420-K66-V00ZC,"ốp bình xăng trái ,Tấm ốp yếm trái  Air Blade 125 (2016-2019) Đen Nhám *76M*"
64420-K66-V00ZD,"ốp bình xăng trái ,Tấm ốp yếm trái  Air Blade 125 (2016-2019) Xám Chì *A62M*"
64420-K66-V00ZE,"ốp bình xăng trái ,Tấm ốp yếm trái  Air Blade 125 (2016-2019) ĐỎ-R340C"
64420-K66-V00ZF,"ốp bình xăng trái ,Tấm ốp yếm trái  Air Blade 125 (2016-2019) Xanh mực-B390M"
64420-K66-V00ZG,"ốp bình xăng trái ,Tấm ốp yếm trái  Air Blade 125 (2016-2019) Xám nhạt *B86M*"
64420-K66-V00ZH,"ốp bình xăng trái ,Tấm ốp yếm trái  Air Blade 125 (2016-2019) Trắng-*NHB35P*"
64420-K66-V00ZJ,"ốp bình xăng trái ,Tấm ốp yếm trái  Air Blade 125 (2016-2019) đen Bóng- B25M*"
64420-K66-V00ZK,"ốp bình xăng trái ,Tấm ốp yếm trái  Air Blade 125 (2016-2019) xanh dương *B189C*"
64420-KPH-900YH,#N/A
64420-KTL-640YA,#N/A
64420-KTL-640ZR,sườn trái wa xanh không tem
64420-KTL-640ZT,sườn trái wa đen không tem
64420-KTL-640ZU,Sườn trái W@ bạc ko tem *NH411M*
64420-KTL-640ZV,0
64420-KVG-900,"ốp bình xăng trái ,Tấm ốp yếm trái  Air Blade 110 (2007-2008) Đen nhám"
64420-KVG-V40ZA,"ốp bình xăng trái ,Tấm ốp yếm trái  Air blade (AB)110 Fi (2011-2012) ĐỎ -R340C* mẫu đầu bò mập"
64420-KVG-V40ZB,"ốp bình xăng trái ,Tấm ốp yếm trái  Air blade (AB)110 Fi (2011-2012) BẠC- B24M* mẫu đầu bò mập"
64420-KVG-V40ZD,"ốp bình xăng trái ,Tấm ốp yếm trái  Air blade (AB)110 Fi (2011-2012) ĐEN Bóng -NH25M* mẫu đầu bò mập"
64420-KVG-V40ZE,"ốp bình xăng trái ,Tấm ốp yếm trái  Air blade (AB)110 Fi (2011-2012) Xám Chì *A62M* mẫu đầu bò mập"
64420-KVG-V40ZF,"ốp bình xăng trái ,Tấm ốp yếm trái  Air blade (AB)110 Fi (2011-2012) đồng 208M* mẫu đầu bò mập"
64421-K1F-V00ZB,"Ốp trước bên trong bên phải, ốp gác chân trước trẻ em phải Air blade (AB)125/150 (2020-2025) xám BẠC -C35M*"
64421-K1F-V00ZC,"Ốp trước bên trong bên phải, ốp gác chân trước trẻ em phải Air blade (AB)125/150 (2020-2025) Xám ghi -B12M"
64421-K1F-V00ZD,"Ốp trước bên trong bên phải, ốp gác chân trước trẻ em phải Air blade (AB)125/150 (2020-2025)  Đen Nhám *76M*"
64421-K1F-V00ZE,"Ốp trước bên trong bên phải, ốp gác chân trước trẻ em phải Air blade (AB)125/150 (2020-2025) ĐỎ -340*"
64421-K1F-V00ZF,"Ốp trước bên trong bên phải, ốp gác chân trước trẻ em phải Air blade (AB)125/150 (2020-2025) Xanh ngọc-*NHB189C*"
64421-K1F-V00ZG,"Ốp trước bên trong bên phải, ốp gác chân trước trẻ em phải Air blade (AB)125/150 (2020-2025) ĐEN -A69P*"
64421-K1F-V00ZH,"Ốp trước bên trong bên phải, ốp gác chân trước trẻ em phải Air blade (AB)125/150 (2020-2025) ĐEN -B25M*"
64421-K27-V00ZC,"Ốp sàn dưới phải ,thanh cạnh sàn phải  Air blade(AB)125 (2013-2015) Trắng -NHB35*"
64421-K27-V00ZD,"Ốp sàn dưới phải ,thanh cạnh sàn phải  Air blade(AB)125 (2013-2015) ĐEN bóng -B25M"
64421-K27-V00ZH,"Ốp sàn dưới phải ,thanh cạnh sàn phải  Air blade(AB)125 (2013-2015) đồng nhạt -221M*"
64421-K27-V00ZK,"Ốp sàn dưới phải ,thanh cạnh sàn phải  Air blade(AB)125 (2013-2015) Xám bạc -NHB56M*"
64421-K27-V00ZL,"Ốp sàn dưới phải ,thanh cạnh sàn phải  Air blade(AB)125 (2013-2015) Đen Nhám *76M*"
64421-K66-V00ZA,#N/A
64421-K66-V00ZB,"Ốp sàn dưới phải ,thanh cạnh sàn phải  Air Blade 125 (2016-2019) đen Bóng- B25M*"
64421-K66-V00ZC,"Ốp sàn dưới phải ,thanh cạnh sàn phải  Air Blade 125 (2016-2019) Bạc Nhám- B18M*"
64421-K66-V00ZD,"Ốp sàn dưới phải ,thanh cạnh sàn phải  Air Blade 125 (2016-2019) Đen Nhám *76M*"
64421-K66-V00ZF,"Ốp sàn dưới phải ,thanh cạnh sàn phải  Air Blade 125 (2016-2019) ĐỎ -340*"
64421-K66-V00ZG,"Ốp sàn dưới phải ,thanh cạnh sàn phải  Air Blade 125 (2016-2019) Xanh mực- B390M*"
64421-K66-V00ZH,"Ốp sàn dưới phải ,thanh cạnh sàn phải  Air Blade 125 (2016-2019) Xám nhạt *B86M*"
64421-K66-V00ZL,"Ốp sàn dưới phải ,thanh cạnh sàn phải  Air Blade 125 (2016-2019) Xanh mực- B421M*"
64425-KVG-V20ZA,"ốp bình xăng trái ,Tấm ốp yếm trái  Air blade (AB)110 Fi (2009-2010) BẠC- NH411M*"
64430-K1F-V00ZB,Nắp nhựa mở bình xăng Air blade (AB)125/150 (2020-2025) đen bóng-B25M*
64430-K1F-V00ZC,Nắp nhựa mở bình xăng Air blade (AB)125/150 (2020-2025) Đen Nhám *76M*
64430-K1F-V00ZD,Nắp nhựa mở bình xăng Air blade (AB)125/150 (2020-2025) đen bóng-B25M*
64430-K1F-V00ZE,Nắp nhựa mở bình xăng Air blade (AB)125/150 (2020-2025) ĐỎ -340*
64430-K1F-V00ZF,Nắp nhựa mở bình xăng Air blade (AB)125/150 (2020-2025) Xanh mực- B421M*
64430-K1F-V00ZG,Nắp nhựa mở bình xăng Air blade (AB)125/150 (2020-2025)  Xám ghi- A262M*
64430-K1F-V00ZH,Nắp nhựa mở bình xăng Air blade (AB)125/150 (2020-2025)  xám BẠC -C35M*
64430-K1F-V00ZJ,Nắp nhựa mở bình xăng Air blade (AB)125/150 (2020-2025) Trắng -NHB35*
64430-K1F-V00ZK,Nắp nhựa mở bình xăng Air blade (AB)125/150 (2020-2025) đen bóng-*NHC04M*
64430-K2P-V60,"nhựa nhám ốp bụng sườn sau phải ,Ốp trong thân bên phải Winner X-V2 (2022-2025)"
64430-K56-V50ZA,"nhựa nhám ốp bụng sườn sau phải ,Ốp trong thân bên phải Winner X-V2 (2019-2021)"
64430-K89-V00YA,"Bửng phải , cánh yếm phải Wave 110 (2017-2026+) Xám xi măng -C60P* Xám xi măng -NHC60P*"
64430-K89-V00ZA,"Bửng phải , cánh yếm phải Wave 110(2017-2023) Đỏ Tươi -*R263*"
64430-K89-V00ZB,"Bửng phải , cánh yếm phải Wave 110(2017-2023) TRẮNG - *NHB55*"
64430-K89-V00ZC,"Bửng phải , cánh yếm phải Wave 110 (2017-2023) Đen bóng- *NHB25*"
64430-K89-V00ZD,"Bửng phải , cánh yếm phải Wave 110 (2017-2023) Xanh bơ *GY150P*"
64430-K89-V00ZE,"Bửng phải , cánh yếm phải Wave 110 (2017-2023) Xanh ngọc *B203M*"
64430-K89-V00ZQ,"Bửng phải , cánh yếm phải Wave 110 (2017-2023) Cam *YR322C*"
64430-K89-V00ZR,"Bửng phải , cánh yếm phải Wave 110 (2017-2023) XANH mực *PB421M*"
64430-K89-V00ZU,"Bửng phải , cánh yếm phải Wave 110(2017-2026+) Đỏ *R389*"
64430-K89-V00ZV,"Bửng phải , cánh yếm phải Wave 110(2017-2026+) đen nhám *NHA76*"
64430-K89-V00ZY,"Bửng phải , cánh yếm phải Wave 110(2017-2026+) đen nhám *NHA76*"
64430-KEV-900YA,"Bửng phải , cánh yếm phải  Wave alpha nhỏ 100cc (2001-2005) Xanh Nhạt Ghi -B141M*"
64430-KEV-900YE,"Bửng phải , cánh yếm phải  Wave alpha nhỏ 100cc (2001-2005) VÀNG -Y106*"
64430-KEV-900ZA,"Bửng phải , cánh yếm phải  Wave alpha nhỏ 100cc (2001-2005) Xanh nhớt( lục) -B142*"
64430-KEV-900ZF,"Bửng phải , cánh yếm phải  Wave alpha nhỏ 100cc (2001-2005) NÂU -R150CU*"
64430-KEV-900ZH,"Bửng phải , cánh yếm phải  Wave alpha nhỏ 100cc (2001-2005) ĐEN -NH1*"
64430-KEV-900ZN,"Bửng phải , cánh yếm phải  Wave alpha nhỏ 100cc (2001-2005) BẠC -411M*"
64430-KEV-900ZP,"Bửng phải , cánh yếm phải  Wave alpha nhỏ 100cc (2001-2005) Xanh Ngọc -B305P*"
64430-KEV-900ZQ,"Bửng phải , cánh yếm phải  Wave alpha nhỏ 100cc (2001-2005) Đỏ Đô -R203M*"
64430-KEV-900ZS,"Bửng phải , cánh yếm phải  Wave alpha nhỏ 100cc (2001-2005)  Đỏ Tươi -R263*"
64430-KEV-900ZX,"Bửng phải , cánh yếm phải  Wave alpha nhỏ 100cc (2001-2005) Xanh Mực đậm -171MU*"
64430-KFL-890ZA,"Bửng phải , cánh yếm phải  Future 110(1999-2004) Xanh ngọc -154M*"
64430-KFL-890ZC,"Bửng phải , cánh yếm phải  Future 110(1999-2004) Xám Ghi -183M*"
64430-KFL-890ZD,"Bửng phải , cánh yếm phải  Future 110(1999-2004) Xanh Mực đậm -171MU*"
64430-KFL-890ZE,"Bửng phải , cánh yếm phải  Future 110(1999-2004) Đỏ Tươi -R263*"
64430-KFL-890ZF,"Bửng phải , cánh yếm phải  Future 110(1999-2004) Đỏ Đô -R203M*"
64430-KFL-890ZG,"Bửng phải , cánh yếm phải  Future 110(1999-2004) Xanh nhớt( lục) -B142*"
64430-KPH-900YB,#N/A
64430-KTL-640YA,"Bửng phải , cánh yếm phải Wave (A) cá 100 (2011-2016) TRẮNG -NH55P*"
64430-KTL-640YD,"Bửng phải , cánh yếm phải Wave (A) cá 100 (2011-2016) Màu CAM -R322C*"
64430-KTL-640YE,"Bửng phải , cánh yếm phải Wave (A) cá 100 (2011-2016) ĐEN Bóng-A69P*"
64430-KTL-640ZB,"Bửng phải , cánh yếm phải Wave (A) cá 100 (2005-2012) Xanh két -107M*"
64430-KTL-640ZE,"Bửng phải , cánh yếm phải Wave (A) cá 100 (2005-2016) ĐEN Bóng-A69P*"
64430-KTL-640ZF,"Bửng phải , cánh yếm phải Wave (A) cá 100 (2005-2012) BẠC -411M*"
64430-KTL-640ZG,"Bửng phải , cánh yếm phải Wave (A) cá 100 (2005-2007)TÍM Cà -138M*"
64430-KTL-640ZJ,"Bửng phải , cánh yếm phải Wave (A) cá 100 (2005-2007)Tím sen-173M*"
64430-KTL-640ZK,"Bửng phải , cánh yếm phải Wave (A) cá 100 (2005-2007) ĐỎ -161P*"
64430-KTL-640ZM,"Bửng phải , cánh yếm phải Wave (A) cá 100 (2005-2007) VÀNG-106*"
64430-KTL-640ZQ,"Bửng phải , cánh yếm phải Wave (A) cá 100 (2005-2012) Xám -A62M*"
64430-KTL-640ZR,"Bửng phải , cánh yếm phải Wave (A) cá 100 (2005-2014) Đỏ Tươi -R263*"
64430-KTL-640ZV,"Bửng phải , cánh yếm phải Wave (A) cá 100 (2005-2014) Xanh ngọc -B203M*"
64430-KTL-640ZW,"Bửng phải , cánh yếm phải Wave (A) cá 100 (2005-2014) ĐỒNG -208M*"
64430-KTL-640ZY,"Bửng phải , cánh yếm phải Wave (A) cá 100 (2005-2014) XÁM ghi -262M*"
64430-KTM-970ZB,"Bửng phải , cánh yếm phải Future Neo 125, 125 GT (2005-2008)  ĐEN Bóng-A69P*"
64430-KTM-970ZC,"Bửng phải , cánh yếm phải Future Neo 125, 125 GT, 125 FI (2005-2008) XÁM ghi -A62M*"
64430-KVL-N00,"mũi tên phải ,cánh yếm phải Future X, Future X FI (2010-2011) đen nhám"
64431-K1F-V00ZB,"Ốp trước bên trong bên trái, ốp gác chân trước trẻ em trái Air blade (AB)125/150 (2020-2025) xám BẠC -C35M*"
64431-K1F-V00ZC,"Ốp trước bên trong bên trái, ốp gác chân trước trẻ em trái Air blade (AB)125/150 (2020-2025) Xám ghi -B12M"
64431-K1F-V00ZD,"Ốp trước bên trong bên trái, ốp gác chân trước trẻ em trái Air blade (AB)125/150 (2020-2025)  Đen Nhám *76M*"
64431-K1F-V00ZE,"Ốp trước bên trong bên trái, ốp gác chân trước trẻ em trái Air blade (AB)125/150 (2020-2025) ĐỎ -340*"
64431-K1F-V00ZF,"Ốp trước bên trong bên trái, ốp gác chân trước trẻ em trái Air blade (AB)125/150 (2020-2025) Xanh ngọc-*NHB189C*"
64431-K1F-V00ZG,"Ốp trước bên trong bên trái, ốp gác chân trước trẻ em trái Air blade (AB)125/150 (2020-2025) ĐEN -A69P*"
64431-K1F-V00ZH,"Ốp trước bên trong bên trái, ốp gác chân trước trẻ em trái Air blade (AB)125/150 (2020-2025) ĐEN -B25M*"
64431-K1F-V00ZK,"Ốp trước bên trong bên trái, ốp gác chân trước trẻ em trái Air blade (AB)125/150 (2020-2025) Xám lông chuột *NHC04M*"
64431-K27-V00ZC,"Ốp sàn dưới trái ,thanh cạnh sàn trái  Air blade(AB)125 (2013-2015) Trắng -NHB35*"
64431-K27-V00ZD,"Ốp sàn dưới trái ,thanh cạnh sàn trái  Air blade(AB)125 (2013-2015) ĐEN bóng -B25M"
64431-K27-V00ZH,"Ốp sàn dưới trái ,thanh cạnh sàn trái  Air blade(AB)125 (2013-2015) đồng nhạt -221M*"
64431-K27-V00ZL,"Ốp sàn dưới trái ,thanh cạnh sàn trái  Air blade(AB)125 (2013-2015) Xám bạc -NHB56M*"
64431-K27-V00ZM,"Ốp sàn dưới trái ,thanh cạnh sàn trái  Air blade(AB)125 (2013-2015) Đen Nhám *76M*"
64431-K2S-N00ZP,"Ốp sàn dưới phải ,thanh cạnh sàn phải Vario 160, click 160 (2023-2026) Đỏ Nhám -R406M*"
64431-K2S-N00ZR,"Ốp sàn dưới phải ,thanh cạnh sàn phải Vario 160, click 160 (2023-2026) Xanh mực -B421M*"
64431-K2S-N00ZS,"Ốp sàn dưới phải ,thanh cạnh sàn phải Vario 160, click 160 (2023-2026) Xám xi măng *NHC60P*"
64431-K2S-N00ZT,"Ốp sàn dưới phải ,thanh cạnh sàn phải Vario 160, click 160 (2023-2026) ĐEN bóng - B25M*"
64431-K35-V00ZA,"Ốp sàn dưới phải ,thanh cạnh sàn phải Pcx 125 (2014-2016) Xám ghi *R320M*"
64431-K35-V00ZB,"Ốp sàn dưới phải ,thanh cạnh sàn phải Pcx 125 (2014-2016) Đỏ ĐÔ nho -350C*"
64431-K35-V00ZC,"Ốp sàn dưới phải ,thanh cạnh sàn phải Pcx 125 (2014-2016) Trắng- B35P*"
64431-K35-V00ZD,"Ốp sàn dưới phải ,thanh cạnh sàn phải Pcx 125 (2014-2016) Đen bóng-25M"
64431-K35-V00ZE,"Ốp sàn dưới phải ,thanh cạnh sàn phải Pcx 125 (2014-2016) BẠC Nhám -B18M*"
64431-K35-V00ZF,"Ốp sàn dưới phải ,thanh cạnh sàn phải Pcx 125 (2014-2016) ĐEN Nhám A76M"
64431-K35-V00ZW,"Ốp sàn dưới phải ,thanh cạnh sàn phải Pcx 125 (2014-2016) xanh đen *B403P*"
64431-K35-V00ZY,"Ốp sàn dưới phải ,thanh cạnh sàn phải Pcx 125 (2014-2016) Xanh nhớt ( lục) *G208M*"
64431-K66-V00ZA,"Ốp sàn dưới trái ,thanh cạnh sàn trái  Air Blade 125 (2016-2019) vàng đồng-Y224M"
64431-K66-V00ZB,"Ốp sàn dưới trái ,thanh cạnh sàn trái  Air Blade 125 (2016-2019) đen Bóng- B25M*"
64431-K66-V00ZC,"Ốp sàn dưới trái ,thanh cạnh sàn trái  Air Blade 125 (2016-2019) Bạc Nhám- B18M*"
64431-K66-V00ZD,"Ốp sàn dưới trái ,thanh cạnh sàn trái  Air Blade 125 (2016-2019) Đen Nhám *76M*"
64431-K66-V00ZF,"Ốp sàn dưới trái ,thanh cạnh sàn trái  Air Blade 125 (2016-2019) ĐỎ -340*"
64431-K66-V00ZG,"Ốp sàn dưới trái ,thanh cạnh sàn trái  Air Blade 125 (2016-2019) Xanh mực- B390M*"
64431-K66-V00ZH,"Ốp sàn dưới trái ,thanh cạnh sàn trái  Air Blade 125 (2016-2019) Xám nhạt *B86M*"
64431-K97-T00ZC,"Ốp sàn dưới phải ,thanh cạnh sàn phải  Pcx 125/150 (2018-2020) Đỏ Đô đậm -368C"
64431-K97-T00ZG,"Ốp sàn dưới phải ,thanh cạnh sàn phải  Pcx 125/150 (2018-2020) Xám *NHC04M*"
64431-K97-T00ZJ,"Ốp sàn dưới phải ,thanh cạnh sàn phải  Pcx 125/150 (2018-2020) Xám Bạc - B86M*"
64431-K97-T00ZM,"Ốp sàn dưới phải ,thanh cạnh sàn phải  Pcx 125/150 (2018-2020)TRẮNG - B35P*"
64431-K97-T00ZN,"Ốp sàn dưới phải ,thanh cạnh sàn phải  Pcx 125/150 (2018-2020) Đen bóng *NHB25M*"
64431-K97-T00ZP,"Ốp sàn dưới phải ,thanh cạnh sàn phải  Pcx 125/150 (2018-2020) Bạc nhám *NHB18M*"
64431-K97-T00ZR,"Ốp sàn dưới phải ,thanh cạnh sàn phải  Pcx 125/150 (2018-2020) Đen nhám *NHA76M*"
64431-KWN-900ZC,"Ốp sàn dưới phải ,thanh cạnh sàn phải Pcx 125 (2010-2013) Đỏ- R340C*"
64431-KWN-900ZF,"Ốp sàn dưới phải ,thanh cạnh sàn phải Pcx 125 (2010-2013) Trắng ngọc -A96P*"
64431-KWN-900ZG,"Ốp sàn dưới phải ,thanh cạnh sàn phải Pcx 125 (2010-2013) ĐEN Bóng -NH25M*"
64431-KWN-900ZH,"Ốp sàn dưới phải ,thanh cạnh sàn phải Pcx 125 (2010-2013) Vàng ĐỒNG - 208M*"
64431-KWN-900ZN,"Ốp sàn dưới phải ,thanh cạnh sàn phải Pcx 125 (2010-2013) Nâu *Y303M*"
64431-KWN-900ZP,"Ốp sàn dưới phải ,thanh cạnh sàn phải Pcx 125 (2010-2013) Đỏ Đô -R350*"
64431-KWN-900ZQ,"Ốp sàn dưới phải ,thanh cạnh sàn phải Pcx 125 (2010-2013) TRẮNG đục -B35*"
64432-K2S-N00ZP,"Ốp sàn dưới trái ,thanh cạnh sàn trái Vario 160, click 160 (2023-2026) Đỏ Nhám -R406M*"
64432-K2S-N00ZR,"Ốp sàn dưới trái ,thanh cạnh sàn trái Vario 160, click 160 (2023-2026) Xanh mực -B421M*"
64432-K2S-N00ZS,"Ốp sàn dưới trái ,thanh cạnh sàn trái Vario 160, click 160 (2023-2026) Xám xi măng *NHC60P*"
64432-K2S-N00ZT,"Ốp sàn dưới trái ,thanh cạnh sàn trái Vario 160, click 160 (2023-2026) ĐEN bóng - B25M*"
64432-K35-V00ZA,"Ốp sàn dưới trái ,thanh cạnh sàn trái Pcx 125 (2014-2016) Xám ghi *R320M*"
64432-K35-V00ZB,"Ốp sàn dưới trái ,thanh cạnh sàn trái Pcx 125 (2014-2016) Đỏ ĐÔ nho -350C*"
64432-K35-V00ZC,"Ốp sàn dưới trái ,thanh cạnh sàn trái Pcx 125 (2014-2016) Trắng- B35P*"
64432-K35-V00ZD,"Ốp sàn dưới trái ,thanh cạnh sàn trái Pcx 125 (2014-2016) Đen bóng-25M"
64432-K35-V00ZE,"Ốp sàn dưới trái ,thanh cạnh sàn trái Pcx 125 (2014-2016) BẠC Nhám -B18M*"
64432-K35-V00ZF,"Ốp sàn dưới trái ,thanh cạnh sàn trái Pcx 125 (2014-2016) ĐEN Nhám A76M"
64432-K35-V00ZW,"Ốp sàn dưới trái ,thanh cạnh sàn trái Pcx 125 (2014-2016) xanh đen *B403P*"
64432-K35-V00ZY,"Ốp sàn dưới trái ,thanh cạnh sàn trái Pcx 125 (2014-2016) Xanh nhớt ( lục) *G208M*"
64432-K97-T00ZC,"Ốp sàn dưới trái ,thanh cạnh sàn trái  Pcx 125/150 (2018-2020) Đỏ Đô đậm -368C"
64432-K97-T00ZG,"Ốp sàn dưới trái ,thanh cạnh sàn trái  Pcx 125/150 (2018-2020) Xám *NHC04M*"
64432-K97-T00ZJ,"Ốp sàn dưới trái ,thanh cạnh sàn trái  Pcx 125/150 (2018-2020) Xám Bạc - B86M*"
64432-K97-T00ZM,"Ốp sàn dưới trái ,thanh cạnh sàn trái  Pcx 125/150 (2018-2020)TRẮNG - B35P*"
64432-K97-T00ZN,"Ốp sàn dưới trái ,thanh cạnh sàn trái  Pcx 125/150 (2018-2020) Đen bóng *NHB25M*"
64432-K97-T00ZP,"Ốp sàn dưới trái ,thanh cạnh sàn trái  Pcx 125/150 (2018-2020) Bạc nhám *NHB18M*"
64432-K97-T00ZR,"Ốp sàn dưới trái ,thanh cạnh sàn trái  Pcx 125/150 (2018-2020) Đen nhám *NHA76M*"
64432-KWN-900ZC,"Ốp sàn dưới trái ,thanh cạnh sàn trái Pcx 125 (2010-2013) Đỏ- R340C*"
64432-KWN-900ZF,"Ốp sàn dưới trái ,thanh cạnh sàn trái Pcx 125 (2010-2013) Trắng ngọc -A96P*"
64432-KWN-900ZG,"Ốp sàn dưới trái ,thanh cạnh sàn trái Pcx 125 (2010-2013) ĐEN Bóng -NH25M*"
64432-KWN-900ZH,"Ốp sàn dưới trái ,thanh cạnh sàn trái Pcx 125 (2010-2013) Vàng ĐỒNG - 208M*"
64432-KWN-900ZN,"Ốp sàn dưới trái ,thanh cạnh sàn trái Pcx 125 (2010-2013) Nâu *Y303M*"
64432-KWN-900ZP,"Ốp sàn dưới trái ,thanh cạnh sàn trái Pcx 125 (2010-2013) Đỏ Đô -R350*"
64432-KWN-900ZQ,"Ốp sàn dưới trái ,thanh cạnh sàn trái Pcx 125 (2010-2013) TRẮNG đục -B35*"
64434-K2Z-V00ZA,"Nắp che bugi , tấm chắn bugi, chụp nhựa bảo dưỡng bugi Air blade 125/160 (2022-2025) đen nhám"
64434-K35-V00ZA,"Nắp che bugi , tấm chắn bugi, chụp nhựa bảo dưỡng bugi Pcx 125 (2014-2016) đen nhám"
64434-K97-T00ZA,"Nắp che bugi , tấm chắn bugi, chụp nhựa bảo dưỡng bugi Pcx 125 Pcx 125/150 (2018-2020) đen nhám"
64434-KWN-710ZB,"Nắp che bugi , tấm chắn bugi, chụp nhựa bảo dưỡng bugi Pcx 125 (2010-2013) đỏ nhám"
64434-KWN-710ZC,"Nắp che bugi , tấm chắn bugi, chụp nhựa bảo dưỡng bugi Pcx 125 (2010-2013) đen nhám"
64434-KWN-900ZA,"Nắp che bugi , tấm chắn bugi, chụp nhựa bảo dưỡng bugi Pcx 125 (2010-2013) nâu nhám"
64435-K35-V00,"Nắp hộp chứa dung dịch làm mát, nắp bảo vệ hộp chứa bình nước làm mát Pcx 125 (2014-2016) đen nhám"
64435-KPH-700,#N/A
64440-K07-940ZC,"mui rùa sau,Bộ ốp đuôi sau RSX 110cc (2012-2013) Đỏ- R340*(kiểu siêu nhân, bọ ngựa)"
64440-K07-940ZD,"mui rùa sau,Bộ ốp đuôi sau RSX 110cc (2012-2013) ĐEN -NHA69P(kiểu siêu nhân, bọ ngựa)"
64440-K07-V00ZA,"mui rùa sau,Bộ ốp đuôi sau RSX 110cc (2012-2013) Xanh ngọc 206M"
64440-K07-V00ZB,"mui rùa sau,Bộ ốp đuôi sau RSX 110cc (2012-2013) đen -NHB25*( kiểu siêu nhân)"
64440-K2P-V60,"nhựa nhám ốp bụng sườn sau phải ,Ốp trong thân bên phải Winner X-V2 (2022-2025)"
64440-K56-V50ZA,"nhựa nhám ốp bụng sườn sau phải ,Ốp trong thân bên phải Winner X-V2 (2019-2021)"
64440-KEV-900YA,"Bửng trái , cánh yếm trái  Wave alpha nhỏ 100cc (2001-2005) Xanh Nhạt Ghi -B141M*"
64440-KEV-900YE,"Bửng trái , cánh yếm trái  Wave alpha nhỏ 100cc (2001-2005) VÀNG -Y106*"
64440-KEV-900ZA,"Bửng trái , cánh yếm trái  Wave alpha nhỏ 100cc (2001-2005) Xanh nhớt( lục) -B142*"
64440-KEV-900ZF,"Bửng trái , cánh yếm trái  Wave alpha nhỏ 100cc (2001-2005) NÂU -R150CU*"
64440-KEV-900ZH,"Bửng trái , cánh yếm trái  Wave alpha nhỏ 100cc (2001-2005) ĐEN -NH1*"
64440-KEV-900ZN,"Bửng trái , cánh yếm trái  Wave alpha nhỏ 100cc (2001-2005) BẠC -411M*"
64440-KEV-900ZP,"Bửng trái , cánh yếm trái  Wave alpha nhỏ 100cc (2001-2005) Xanh Ngọc -B305P*"
64440-KEV-900ZQ,"Bửng trái , cánh yếm trái  Wave alpha nhỏ 100cc (2001-2005) Đỏ Đô -R203M*"
64440-KEV-900ZS,"Bửng trái , cánh yếm trái  Wave alpha nhỏ 100cc (2001-2005)  Đỏ Tươi -R263*"
64440-KEV-900ZX,"Bửng trái , cánh yếm trái  Wave alpha nhỏ 100cc (2001-2005) Xanh Mực đậm -171MU*"
64440-KFL-890ZA,"Bửng trái , cánh yếm trái  Future 110(1999-2004) Xanh ngọc -154M*"
64440-KFL-890ZC,"Bửng trái , cánh yếm trái  Future 110(1999-2004) Xám Ghi -183M*"
64440-KFL-890ZD,"Bửng trái , cánh yếm trái  Future 110(1999-2004) Xanh Mực đậm -171MU*"
64440-KFL-890ZE,"Bửng trái , cánh yếm trái  Future 110(1999-2004) Đỏ Tươi -R263*"
64440-KFL-890ZF,"Bửng trái , cánh yếm trái  Future 110(1999-2004) Đỏ Đô -R203M*"
64440-KFL-890ZG,"Bửng trái , cánh yếm trái  Future 110(1999-2004) Xanh nhớt( lục) -B142*"
64440-KPH-900YB,#N/A
64440-KTL-640ZB,"Bửng trái , cánh yếm trái  Wave (A) cá 100 (2005-2012) Xanh két không tem -107M*"
64440-KTL-640ZE,"Bửng trái , cánh yếm trái  Wave (A) cá 100 (2011-2016) ĐEN Bóng không tem-A69P*"
64440-KTL-640ZF,"Bửng trái , cánh yếm trái  Wave (A) cá 100 (2005-2012) BẠC không tem -411M*"
64440-KTL-640ZG,"Bửng trái , cánh yếm trái  Wave (A) cá 100 (2005-2007)TÍM Cà không tem -138M*"
64440-KTL-640ZJ,"Bửng trái , cánh yếm trái  Wave (A) cá 100 (2005-2007)Tím sen không tem-173M*"
64440-KTL-640ZK,"Bửng trái , cánh yếm trái Wave (A) cá 100 (2005-2007) ĐỎ không tem -161P*"
64440-KTL-640ZM,"Bửng trái , cánh yếm trái  Wave (A) cá 100 (2005-2007) VÀNG không tem-106*"
64440-KTL-640ZQ,#N/A
64440-KTL-640ZR,"Bửng trái , cánh yếm trái  Wave (A) cá 100 (2005-2014) Đỏ Tươi không tem -R263*"
64440-KTL-640ZT,"Bửng trái , cánh yếm trái  Wave (A) cá 100 (2005-2014) Xanh ngọc không tem -B203M*"
64440-KTM-970ZB,"Bửng trái , cánh yếm trái Future Neo 125, 125 GT (2005-2008)  ĐEN Bóng Không tem -A69P*"
64440-KTM-970ZC,"Bửng trái , cánh yếm trái  Future Neo 125, 125 GT, 125 FI (2005-2008) XÁM ghi Không tem -A62M*"
64440-KVL-N00,"mũi tên trái ,cánh yếm trái Future X, Future X FI (2010-2011) đen nhám"
64445-KPH-700,#N/A
64450-K1F-V10ZA,"Bộ ốp sàn bên trái, ốp hông sàn chân trái Air blade (AB)125/150 (2020-2025) đen nhám *NHA76M*"
64450-K1F-V40ZA,"Bộ ốp sàn bên trái, ốp hông sàn chân trái Air blade (AB) 150cc (2020-2025) đen nhám *NHA76M*"
64450-K1G-V10ZA,"Bộ ốp sàn bên trái, ốp hông sàn chân trái Air blade (AB)125/150 (2020-2025) Vàng đồng nhạt *Y234M*"
64450-K2P-V00ZA,"Bộ ốp sườn sau trái , bụng sườn sau trái Winner X-V2 (2019-2021) Xám Bạc bóng*B189*"
64450-K2P-V10ZA,"Bộ ốp sườn sau trái , bụng sườn sau trái Winner X-V3,V4 (2022-2025) Đen tem xanh *B189*"
64450-K2P-V10ZB,"Bộ ốp sườn sau trái , bụng sườn sau trái Winner X-V3,V4 (2022-2025) Đen tem trắng *NHB25*"
64450-K2P-V10ZC,"Bộ ốp sườn sau trái , bụng sườn sau trái Winner X-V3,V4 (2022-2025) Xanh đen *B421*"
64450-K2P-V10ZD,"Bộ ốp sườn sau trái , bụng sườn sau trái Winner X-V2(2019-2021) Đỏ tem đen *R389*"
64450-K2P-V40ZA,"Bộ ốp sườn sau trái , bụng sườn sau trái Winner X-V3,V4 (2022-2025) Đen tem ĐỎ *R340*"
64450-K2P-V40ZB,"Bộ ốp sườn sau trái , bụng sườn sau trái Winner X-V3,V4 (2022-2025) Đen tem xanh nhạt *B406*"
64450-K2P-V50ZB,"Bộ ốp sườn sau trái , bụng sườn sau trái Winner X-V3,V4 (2022-2025) Đỏ tem đen *R340*"
64450-K2P-V60ZA,"Bộ ốp sườn sau trái , bụng sườn sau trái Winner X-V3,V4 (2022-2025) Bạc tem xanh *NHB56*"
64450-K2P-V60ZB,"Bộ ốp sườn sau trái , bụng sườn sau trái  Winner X-V3,V4 (2022-2025) Đen tem chữ xám *NHB55*"
64450-K2P-V60ZC,"Bộ ốp sườn sau trái , bụng sườn sau trái Winner X-V3,V4 (2022-2025) Đen tem chữ trắng *NHB25*"
64450-K2P-V60ZD,"Bộ ốp sườn sau trái , bụng sườn sau trái Winner X-V3,V4 (2022-2025) Đỏ tem xám *R389*"
64450-K2P-V70ZA,"Bộ ốp sườn sau trái , bụng sườn sau trái Winner X-V3,V4 (2022-2025) BẠC nhám*B18*"
64450-K2P-V70ZB,"Bộ ốp sườn sau trái , bụng sườn sau trái Winner X-V3,V4 (2022-2025) đỏ nhám*B18*"
64450-K2P-V70ZC,"Bộ ốp sườn sau trái , bụng sườn sau trái Winner X-V3,V4 (2022-2025) đen nhám*A76*"
64450-K2P-V80ZA,"Bộ ốp sườn sau trái , bụng sườn sau trái  Winner X-V3,V4 (2022-2025) Đỏ tem xanh trắng *R389*"
64450-K2P-VD0ZA,"Bộ ốp sườn sau trái , bụng sườn sau trái  Winner X-V3,V4 (2022-2025) Đỏ tem xanh trắng *R389*"
64450-K2P-VE0ZA,"Bộ ốp sườn sau trái , bụng sườn sau trái Winner X-V3,V4 (2022-2025) trắng tem đỏ xám*NHB55P*"
64450-K2P-VE0ZB,"Bộ ốp sườn sau trái , bụng sườn sau trái  Winner X-V3,V4 (2022-2025) XÁM tem vàng *NHB56M*"
64450-K2P-VE0ZC,"Bộ ốp sườn sau trái , bụng sườn sau trái Winner X-V3,V4 (2022-2025) Đỏ tem đen trắng *R389*"
64450-K2P-VG0ZA,"Bộ ốp sườn sau trái , bụng sườn sau trái Winner X-V3,V4 (2022-2025) Đỏ tem xanh trắng *R389*"
64450-K2Z-V70ZA,"ốp bình xăng trái ,Bộ ốp sàn bên trái Air blade (AB)125/160 (2022-2025)  Đỏ Đô*R368C*"
64450-K44-V00ZF,"Bửng trái , cánh yếm , cánh gà trái , ốp trước  trái  Vision 110 (2014-2020) Đen bóng-NHB25*"
64450-K44-V00ZG,"Bửng trái , cánh yếm , cánh gà trái , ốp trước  trái  Vision 110 (2014-2020) Đỏ- R340C*"
64450-K44-V00ZH,"Bửng trái , cánh yếm , cánh gà trái , ốp trước trái  Vision 110 (2014-2020) ĐỒNG- Y317M*"
64450-K44-V00ZJ,"Bửng trái , cánh yếm , cánh gà trái , ốp trước trái  Vision 110 (2014-2020) Xanh đậm mực- B390M*"
64450-K44-V00ZK,"Bửng trái , cánh yếm , cánh gà trái , ốp trước trái Vision 110 (2014-2020) Trắng- B35P*"
64450-K44-V00ZL,"Bửng trái , cánh yếm , cánh gà trái , ốp trước trái Vision 110 (2014-2020) BẠC -411M*"
64450-K44-V00ZM,"Bửng trái , cánh yếm , cánh gà trái , ốp trước trái Vision 110 (2014-2020) XÁM Nhạt -R320M*"
64450-K44-V00ZN,"Bửng trái , cánh yếm , cánh gà trái , ốp trước trái Vision 110 (2014-2020)  Đỏ Đô nho-R350C*"
64450-K44-V30ZA,"Bửng trái , cánh yếm , cánh gà trái , ốp trước trái Vision 110 (2014-2020) Đen Nhám-A76M*"
64450-K44-V60ZA,"Bửng trái , cánh yếm , cánh gà trái , ốp trước trái Vision 110 (2014-2020) HỒNG- P197M*"
64450-K44-V60ZB,"Bửng trái , cánh yếm , cánh gà trái , ốp trước trái Vision 110 (2014-2020) Đỏ- R340C*"
64450-K44-V60ZC,"Bửng trái , cánh yếm , cánh gà trái , ốp trước trái Vision 110 (2014-2020) Vàng KEM- 229P*"
64450-K44-V60ZD,"Bửng trái , cánh yếm , cánh gà trái , ốp trước trái Vision 110 (2014-2020) Xanh đậm mực- B390M*"
64450-K44-V60ZE,"Bửng trái , cánh yếm , cánh gà trái , ốp trước trái Vision 110 (2014-2020)Trắng- B35P*"
64450-K44-V60ZF,"Bửng trái , cánh yếm , cánh gà trái , ốp trước trái  Vision 110 (2014-2020) Đỏ Đô nho-R350C*"
64450-K44-V70ZB,"Bửng trái , cánh yếm , cánh gà trái , ốp trước trái  Vision 110 (2014-2020) Đen Nhám-A76M*"
64450-K44-V80ZA,"Bửng trái , cánh yếm , cánh gà trái , ốp trước trái  Vision 110 (2014-2020) Xanh Nhớt lục- G209P*"
64450-K44-V80ZC,"Bửng trái , cánh yếm , cánh gà trái , ốp trước trái  Vision 110 (2014-2020) Vàng KEM- 229P*"
64450-K44-V80ZD,"Bửng trái , cánh yếm , cánh gà trái , ốp trước trái  Vision 110 (2014-2020)  Đỏ Đô nho-R350C*"
64450-K44-V80ZF,"Bửng trái , cánh yếm , cánh gà trái , ốp trước trái  Vision 110 (2014-2020) Đỏ- R340C*"
64450-K44-V80ZG,"Bửng trái , cánh yếm , cánh gà trái , ốp trước trái  Vision 110 (2014-2020) Xanh Đá - B420M*"
64450-K44-V90ZA,"Bửng trái , cánh yếm , cánh gà trái , ốp trước trái  Vision 110 (2014-2020)Trắng tem đỏ- B35P*"
64450-K44-V90ZB,"Bửng trái , cánh yếm , cánh gà trái , ốp trước trái Vision 110 (2014-2020) đen nhám tem cá đứt khúc "
64450-K56-V00ZA,"sườn dưới trái ,bụng sau trái Winner 150 V1(2016-2019) Bạc -NH411*"
64450-K56-V00ZC,"sườn dưới trái ,bụng sau trái Winner 150 V1(2016-2019) CAM -*Y322*"
64450-K56-V00ZD,"sườn dưới trái ,bụng sau trái Winner 150 V1(2016-2019) Đen bóng-25M"
64450-K56-V00ZE,"sườn dưới trái ,bụng sau trái Winner 150 V1(2016-2019) Trắng-*NHB35P*"
64450-K56-V30ZE,"sườn dưới trái ,bụng sau trái Winner 150 V1(2016-2019) Đen bóng-25M"
64450-K56-V30ZG,"sườn dưới trái ,bụng sau trái Winner 150 V1(2016-2019) Trắng-*NHB35P*"
64450-K56-V50ZA,"sườn dưới trái ,bụng sau trái  Winner X-V2(2019-2021) Đen nhám tem xanh -*NHA76H*"
64450-K56-V50ZB,"sườn dưới trái ,bụng sau trái  Winner X-V2 (2019-2021) Đen nhám tem cam -*NHA76T*"
64450-K56-V50ZC,"sườn dưới trái ,bụng sau trái  Winner X-V2 (2019-2021) Bạc tem đỏ -*NHA40*"
64450-K56-V50ZD,"sườn dưới trái ,bụng sau trái  Winner X-V2 (2019-2021) Xanh tem trắng -*PB421*"
64450-K56-V50ZF,"sườn dưới trái ,bụng sau trái  Winner X-V2 (2019-2021) Đỏ tem đen -*R389*"
64450-K56-V60ZA,"sườn dưới trái ,bụng sau tráii  Winner X-V2 (2019-2021) đen nhám*A76*"
64450-K56-V70ZA,"sườn dưới trái ,bụng sau trái  Winner X-V2 (2019-2021)  Đỏ tem xanh trắng *R389*"
64450-K56-V80ZB,"sườn dưới trái ,bụng sau trái  Winner X-V2 (2019-2021) đen nhám tem xám*B406*"
64450-K56-V80ZC,"sườn dưới trái ,bụng sau trái  Winner X-V2 (2019-2021) đen nhám tem xám Đỏ *R340*"
64450-K57-V00ZB,"Bửng trong trái ,Ốp ống yếm trái Wave Blade 110 (2015-2016) TRẮNG *NHB55P*"
64450-K57-V00ZC,"Bửng trong trái ,Ốp ống yếm trái  Wave Blade 110 (2015-2016)  Đen bóng -B25M*"
64450-K57-V00ZD,"Bửng trong trái  ,Ốp ống yếm trái  Wave Blade 110 (2015-2016) đỏ *R340C*"
64450-K57-V00ZH,"Bửng trong trái ,Ốp ống yếm trái  Wave Blade 110 (2015-2016) Xanh ngọc *NHB189C*"
64450-K57-V00ZJ,"Bửng trong trái ,Ốp ống yếm trái  Wave Blade 110 (2015-2016) đen nhám*NHA76M*"
64450-KEV-900ZA,"Bửng trong trái ,Ốp ống yếm trái  Wave Blade 110 (2015-2016) Xanh nhớt lục *NHB142P*"
64450-KEV-900ZF,bửng trong trái  Wave alpha nhỏ 100cc (2001-2005) NÂU -R150CU*
64450-KEV-900ZH,bửng trong trái Wave alpha nhỏ 100cc (2001-2005)  BẠC -411M*
64450-KEV-900ZJ,bửng trong trái  Wave alpha nhỏ 100cc (2001-2005)  Xanh Ngọc -B305P*
64450-KEV-900ZK,bửng trong trái  Wave alpha nhỏ 100cc (2001-2005)  Đỏ Đô -R203M*
64450-KEV-900ZP,bửng trong trái  Wave alpha nhỏ 100cc (2001-2005)  Đỏ Tươi -R263*
64450-KEV-900ZQ,bửng trong trái  Wave alpha nhỏ 100cc (2001-2005)Xanh Mực đậm -171MU*
64450-KEV-900ZS,bửng trong trái  Wave alpha nhỏ 100cc (2001-2005) Xanh Nhạt Ghi -B141M*
64450-KEV-900ZV,bửng trong trái  Wave alpha nhỏ 100cc (2001-2005) ĐEN -NH1*
64450-KEV-900ZW,bửng trong trái  Wave alpha nhỏ 100cc (2001-2005) VÀNG -Y106*
64450-KWW-A00ZF,"bửng dưới trái ,ốp ống yếm trái  Wave RS 110(2009-2010) BẠC không tem- 411M*"
64450-KWW-A00ZJ,"bửng dưới trái ,ốp ống yếm trái  Wave S110 (2009-2011) Xám không tem -A62M*"
64450-KWW-A00ZN,"bửng dưới trái ,ốp ống yếm trái  Wave S110(2010-2011) Đen không tem -A69P*"
64450-KWW-A00ZP,"bửng dưới trái ,ốp ống yếm trái Wave RSX 110(2009-2010) TRẮNG ngọc không tem -A96P"
64450-KWW-A00ZQ,"bửng dưới trái ,ốp ống yếm trái  Wave RSX 110(2009-2010) ĐỎ không tem - 313C*"
64450-KWW-A00ZW,"bửng dưới trái ,ốp ống yếm trái Wave S110(2009-2011) Trắng không tem- 193P*"
64450-KWW-A80ZA,"bửng dưới trái ,ốp ống yếm trái Wave S110 (2012-2013) đồng mỏ chu -208M*"
64450-KWW-A80ZD,"bửng dưới trái ,ốp ống yếm trái Wave S110 (2012-2013)  BẠC mỏ chu- 411M*"
64450-KWW-A80ZG,"bửng dưới trái ,ốp ống yếm trái Wave S110 (2012-2013) Trắng Mỏ chu - B35M*"
64450-KWW-A80ZH,"bửng dưới trái ,ốp ống yếm trái  Wave S110 (2012-2013) XÁM mỏ chu-A62M*"
64450-KWW-A80ZM,"bửng dưới trái ,ốp ống yếm trái Wave S110 (2012-2013) ĐỎ mỏ chu - R340C*"
64450-KWW-A80ZP,"bửng dưới trái ,ốp ống yếm trái  Wave S110 (2012-2013) Đen mỏ chu- B25M*"
64450-KZL-E00ZA,"Bửng trái , cánh yếm , cánh gà trái , ốp trước trái  Vision 110 (2011-2013) VÀNG *Y192C*"
64450-KZL-E00ZB,"Bửng trái , cánh yếm , cánh gà trái , ốp trướctrái  Vision 110 (2011-2013) Xanh ngọc -B206M"
64450-KZL-E00ZC,"Bửng trái , cánh yếm , cánh gà trái , ốp trước trái  Vision 110 (2011-2013) ĐỎ -340C*"
64450-KZL-E00ZD,"Bửng trái , cánh yếm , cánh gà trái , ốp trước trái Vision 110 (2011-2013) Nâu *Y303M*"
64450-KZL-E00ZE,"Bửng trái , cánh yếm , cánh gà trái , ốp trước trái Vision 110 (2011-2013)  TRẮNG -AH35P*"
64450-KZL-E00ZF,"Bửng trái , cánh yếm , cánh gà trái , ốp trước trái  Vision 110 (2011-2013)  Đen bóng - NHA69P"
64450-KZL-E70ZA,#N/A
64450-KZL-E80ZA,"Bửng trái , cánh yếm , cánh gà trái , ốp trước trái Vision 110 (2011-2013) Nâu *Y303M*"
64450-KZL-E80ZB,"Bửng trái , cánh yếm , cánh gà trái , ốp trước trái  Vision 110 (2011-2013)  Đỏ Đô -R350*"
64450-KZL-E80ZC,"Bửng trái , cánh yếm , cánh gà trái , ốp trước trái  Vision 110 (2011-2013) Đen bóng - NHA69P"
64450-KZL-E80ZD,"Bửng trái , cánh yếm , cánh gà trái , ốp trước trái  Vision 110 (2011-2013) Xanh Mực -390M*"
64450-KZL-E80ZE,"Bửng trái , cánh yếm , cánh gà trái , ốp trước trái  Vision 110 (2011-2013) TRẮNG -AH35P*"
64455-K66-V01,Dây cáp mở nắp nhiên liệu (nắp bình năng lớn ) Air Blade 125 (2016-2019) 
64455-K66-V12,Dây cáp mở nắp nhiên liệu (nắp bình năng lớn ) Air Blade 125 (2016-2019) 
64455-K73-V40ZA,"Tấm thông gió yếm trái ( bửng trái ) Future 125 Fi, Future 125 Mập (2018-2019) Đồng -*Y208M*"
64455-K73-V40ZB,"Tấm thông gió yếm trái ( bửng trái ) Future 125 Fi, Future 125 Mập (2018-2019) Đỏ tươi *R340c*"
64455-K73-V40ZC,"Tấm thông gió yếm trái ( bửng trái )  Future 125 Fi, Future 125 Mập (2018-2019) BẠC đậm -*B56M*"
64455-K73-V40ZD,"Tấm thông gió yếm trái ( bửng trái ) Future 125 Fi, Future 125 Mập (2018-2019)  ĐEN bóng *B25M*"
64455-K73-V40ZE,"Tấm thông gió yếm trái ( bửng trái ) Future 125 Fi, Future 125 Mập (2018-2019)  Xám lông chuột *NHA62*"
64455-K73-V40ZJ,"Tấm thông gió yếm trái ( bửng trái ) Future 125 Fi, Future 125 Mập  (2020-2021)  Đỏ Đô Nho *R350C*"
64455-K73-V40ZK,"Tấm thông gió yếm trái ( bửng trái ) Future 125 Fi ,Future LED (2021-2026+) Vàng Đồng bóng-*Y218M*"
64455-K73-V40ZM,"Tấm thông gió yếm trái ( bửng trái ) Future 125 Fi ,Future LED (2021-2026+) Xanh đá *PB389*"
64455-K73-V40ZN,"Tấm thông gió yếm trái ( bửng trái ) Future 125 Fi ,Future LED (2021-2026+)TRẮNG *NH193P*"
64455-K73-V40ZP,"Tấm thông gió yếm trái ( bửng trái ) Future 125 Fi ,Future LED (2021-2026+) Xanh Nhám *NHC34*"
64455-K73-V40ZQ,"Tấm thông gió yếm trái ( bửng trái ) Future 125 Fi ,Future LED (2021-2026+) Đen Nhám *76M*"
64455-K73-V40ZR,"Tấm thông gió yếm trái ( bửng trái ) Future 125 Fi ,Future LED (2021-2026+) Vàng Đồng nhám-*Y224M*"
64455-K73-V40ZS,"Tấm thông gió yếm trái ( bửng trái ) Future 125 Fi ,Future LED (2021-2026+) Xanh mực -*Y224M*"
64455-KPH-700ZD,Thông gió yếm trái  Future Neo 125 (2005-2008) BẠC -NH411M*
64455-KVL-930,Thông gió yếm trái Future Neo 125 FI (2005-2008)  BẠC -NH411M*
64455-KYZ-V00ZA,"Tấm thông gió yếm trái, Future 125 Fi,Future 125 Fi Mập (2013-2015) vàng đồng -Y208M"
64455-KYZ-V00ZB,"Tấm thông gió yếm trái, Future 125,Future 125 Mập (2011-2013) BẠC -B24M*"
64455-KYZ-V00ZE,"Tấm thông gió yếm trái, Future 125 Fi,Future 125 Fi Mập (2013-2015) Đỏ đô -R350C"
64455-KYZ-V00ZF,"Tấm thông gió yếm trái, Future 125 Fi,Future 125 Fi Mập (2013-2015) ĐỎ -340C*"
64455-KYZ-V00ZG,"Tấm thông gió yếm trái, Future 125 Fi,Future 125 Fi Mập (2013-2015) ĐEN -B25M"
64455-KYZ-V00ZJ,"Tấm thông gió yếm trái ,Future 125, Future 125 Fi, Future 125 Mập (2015-2016) Xám ghi -B12M"
64455-KYZ-V00ZM,"Tấm thông gió yếm trái,,Future 125, Future 125 Fi, Future 125 Mập (2015-2016) xám đậm -A62M*"
64456-KYL-840ZA,"Tấm thông gió yếm trái,Future X, Future X FI (2010-2011) Nâu Đồng -Y208M*"
64456-KYL-840ZC,"Tấm thông gió yếm trái,Future X, Future X FI (2010-2011) ĐỎ -340*"
64456-KYL-840ZE,"Tấm thông gió yếm trái,Future X, Future X FI (2010-2011) Xanh ngọc -B206M*"
64460-K03-V20ZC,"bửng dưới phải ,ốp ống yếm phải  Wave RS 110(2013-2014) đen tem đỏ -R340*"
64460-K07-940ZE,"yếm trong phải ,ốp yếm phải RSX 110cc (2012-2013) đen tem Đỏ- R340*"
64460-K07-940ZF,"yếm trong phải ,ốp yếm phải RSX 110cc (2012-2013) ĐEN tem trắng đỏ -NHA69P( kiểu siêu nhân)"
64460-K07-940ZG,"yếm trong phải ,ốp yếm phải RSX 110cc (2012-2013) vàng đồng 317M*(kiểu siêu nhân, bọ ngựa)"
64460-K07-940ZH,"yếm trong phải ,ốp yếm phải RSX 110cc (2012-2013) XÁM tem xanh -A62M(kiểu siêu nhân, bọ ngựa)"
64460-K07-V00ZB,"yếm trong phải ,ốp yếm phải RSX 110cc (2012-2013) ĐEN tem Xám cam *NHB25E*( kiểu siêu nhân)"
64460-K07-V00ZC,"yếm trong phải ,ốp yếm phải RSX 110cc (2012-2013) xanh ngọc tem trắng *NHB35H*"
64460-K07-V00ZE,"yếm trong phải ,ốp yếm phải RSX 110cc (2013-2014) Đỏ tem Đen sọc- R340*"
64460-K2C-V00ZA,"Nắp ắc quy , nắp sàn bình điện Vision 110 (2020-2025) nâu *YR286R*"
64460-K2C-V00ZB,"Nắp ắc quy , nắp sàn bình điện Vision 110 (2020-2025) đen *NH1*"
64460-K2S-N00ZB,"Nắp ắc quy , nắp sàn bình điện  Vario 160, click 160 (2022-2025) đen *NH1*"
64460-K2S-N00ZC,"Nắp ắc quy , nắp sàn bình điện  Vario 160, click 160 (2022-2025) *YR286R*"
64460-K57-A20ZA,"Bửng trong phải ,Bộ ốp ống yếm phải Wave Blade 110 (2017-2017) đen tem xanh *B189*"
64460-K57-A20ZB,"Bửng trong phải ,Bộ ốp ống yếm phải Wave Blade 110 (2017-2017) đen tem trắng-B55P*"
64460-K57-A20ZC,"Bửng trong phải ,Bộ ốp ống yếm phải Wave Blade 110 (2017-2017) đen tem đỏ -R340P*"
64460-K57-A20ZD,"Bửng trong phải ,Bộ ốp ống yếm phải Wave Blade 110 (2017-2017) đen tem đồng -B25M*"
64460-K57-A50ZA,"Bửng trong phải ,Bộ ốp ống yếm phải Wave Blade 110 (2017-2018) Xanh tem trắng -*B189*"
64460-K57-A50ZB,"Bửng trong phải ,Bộ ốp ống yếm phải Wave Blade 110 (2017-2018) trắng tem xám -B55P*"
64460-K57-A50ZC,"Bửng trong phải ,Bộ ốp ống yếm phải Wave Blade 110 (2017-2018) đỏ tem trắng -R340P*"
64460-K57-A50ZD,"Bửng trong phải ,Bộ ốp ống yếm phải Wave Blade 110 (2017-2018) đen tem đồng -B25M*"
64460-K57-A90ZA,#N/A
64460-K57-A90ZB,"Bửng trong phải ,Bộ ốp ống yếm phải Wave Blade 110 (2019-2020) đen nhám tem sọc xanh -NHA76M*"
64460-K57-A90ZC,"Bửng trong phải ,Bộ ốp ống yếm phải Wave Blade 110 (2019-2020) ĐỎ tem sọc Đỏ -R340P*"
64460-K57-A90ZD,"Bửng trong phải ,Bộ ốp ống yếm phải Wave Blade 110 (2019-2020) Trắng tem sọc Đỏ -B55P*"
64460-K57-AC0ZA,"Bửng trong phải ,Bộ ốp ống yếm phải Wave Blade 110 (2020-2026+) Xám tem xanh -NH262*"
64460-K57-AC0ZB,"Bửng trong phải ,Bộ ốp ống yếm phải Wave Blade 110 (2020-2026+) Xám tem Cam -NH411*"
64460-K57-AC0ZC,"Bửng trong phải ,Bộ ốp ống yếm phải Wave Blade 110 (2020-2026+) Xám tem đỏ -NH262**"
64460-K57-AC0ZD,"Bửng trong phải ,Bộ ốp ống yếm phải Wave Blade 110 (2020-2026+) Xám tem đỏ trắng -NHB56*"
64460-K57-AE0ZA,Bộ ốp ống yếm phải*PB421M*
64460-K57-AE0ZB,Bộ ốp ống yếm phải*R389*
64460-K57-AF0ZA,Bộ ốp ống yếm phải*PB421M*
64460-K57-AF0ZB,Bộ ốp ống yếm phải*R389*
64460-K57-AF0ZC,Bộ ốp ống yếm phải*NHA76M*
64460-K57-V00ZA,Bộ ốp ống yếm bên phải
64460-K57-V00ZB,Bộ ốp ống yếm bên phải
64460-K57-V10ZA,Bộ ốp ống yếm bên phải
64460-K57-V10ZB,Bộ ốp ống yếm bên phải
64460-K57-V10ZC,Bộ ốp ống yếm bên phải
64460-K57-V20ZA,Bộ ốp ống yếm bên phải
64460-K57-V20ZB,Bộ ốp ống yếm bên phải
64460-K57-V20ZC,Bộ ốp ống yếm bên phải
64460-K57-V20ZD,Bộ ốp ống yếm bên phải đỏ 340
64460-K57-V80ZA,Bộ ốp ống yếm phải *NHB55P*
64460-K57-V80ZB,Bộ ốp ống yếm phải *YR322C*
64460-K57-V80ZC,Bộ ốp ống yếm phải *NHB25M*
64460-K57-V80ZD,Bộ ốp ống yếm phải *R340C*
64460-KVG-900,"hộp đồ phải , gác chân em bé Air phải  blade 110(2007-2008) đen nhám"
64460-KVG-A30,"hộp đồ phải , gác chân em bé phải  Air blade 110 Fi (2009-2010) đen nhám"
64460-KVG-V40,"hộp đồ phải , gác chân em bé phải Air blade (AB)110 Fi (2011-2012) đen nhám"
64461-K1N-V00ZA,"Nắp ắc quy , nắp sàn bình điện SH mode 125 (2021-2025) nâu *YR286R*"
64461-K1N-V00ZB,"Nắp ắc quy , nắp sàn bình điện SH mode 125 (2021-2025) đen nhám *NH1*"
64461-KVG-A30,"Nắp hộp đồ phải , gác chân em bé phải  Air blade 110 Fi (2009-2010) đen nhám"
64462-KVG-A30,"núm chốt hộp đồ phải ,gác chân em bé phải  Air blade 110 Fi (2009-2010) đen nhám"
64463-KVG-A30,"vấu nắp hộp đồ phải ,gác chân em bé phải  Air blade 110 Fi (2009-2010) đen nhám"
64465-K03-V20ZB,"bửng dưới trái ,ốp ống yếm trái  Wave RS 110(2013-2014) đen tem Xám -NHB25*"
64465-K07-940ZE,"yếm trong trái ,ốp yếm trái RSX 110cc (2012-2013) đen tem Đỏ- R340*"
64465-K07-940ZF,"yếm trong trái ,ốp yếm trái RSX 110cc (2012-2013) ĐEN tem trắng đỏ -NHA69P( kiểu siêu nhân)"
64465-K07-940ZG,"yếm trong trái ,ốp yếm trái RSX 110cc (2012-2013) vàng đồng 317M*(kiểu siêu nhân, bọ ngựa)"
64465-K07-940ZH,"yếm trong trái ,ốp yếm trái RSX 110cc (2012-2013) XÁM tem xanh -A62M(kiểu siêu nhân, bọ ngựa)"
64465-K07-940ZJ,"yếm trong trái ,ốp yếm trái RSX 110cc (2012-2013) trắng tem cam *NHB25E*(kiểu siêu nhân, bọ ngựa)"
64465-K07-V00ZC,"yếm trong trái ,ốp yếm trái RSX 110cc (2012-2013) xanh ngọc tem trắng*NHB35H*"
64465-K07-V00ZE,"yếm trong trái ,ốp yếm trái RSX 110cc (2013-2014) Đỏ tem Đen sọc- R340*"
64465-K07-V00ZF,"yếm trong trái ,ốp yếm trái RSX 110cc (2012-2013) ĐEN tem đỏ rắng *NHB25k*"
64465-K57-A20ZA,Bộ ốp ống yếm trái *B189*
64465-K57-A20ZB,Bộ ốp ống yếm trái *NHB55*
64465-K57-A20ZC,Bộ ốp ống yếm trái *R340*
64465-K57-A20ZD,Bộ ốp ống yếm trái *NHB25*
64465-K57-A50ZA,Bộ ốp ống yếm trái *B189C*
64465-K57-A50ZB,Bộ ốp ống yếm trái *NHB55P*
64465-K57-A50ZC,Bộ ốp ống yếm trái *R340C*
64465-K57-A50ZD,Bộ ốp ống yếm trái *NHB25M*
64465-K57-A60ZA,Bộ ốp ống yếm trái *NHB55P*
64465-K57-A90ZB,Bộ ốp ống yếm trái *NHA76M*
64465-K57-A90ZC,#N/A
64465-K57-A90ZD,Bộ ốp ống yếm trái *NHB55P*
64465-K57-AC0ZA,Bộ ốp ống yếm trái *TYPE4* *B189*
64465-K57-AC0ZB,Bộ ốp ống yếm trái *TYPE3* *NHB55*
64465-K57-AC0ZC,Bộ ốp ống yếm trái *TYPE2* *R340*
64465-K57-AC0ZD,Bộ ốp ống yếm trái *TYPE1* *NHB25*
64465-K57-AE0ZA,Bộ ốp ống yếm trái*PB421M*
64465-K57-AE0ZB,Bộ ốp ống yếm trái*R389*
64465-K57-AF0ZA,Bộ ốp ống yếm trái*PB421M*
64465-K57-AF0ZB,Bộ ốp ống yếm trái*R389*
64465-K57-AF0ZC,Bộ ốp ống yếm trái*NHA76M*
64465-K57-V00ZA,Bộ ốp ống yếm bên trái
64465-K57-V00ZB,Bộ ốp ống yếm bên trái
64465-K57-V10ZA,Bộ ốp ống yếm bên trái
64465-K57-V10ZB,Bộ ốp ống yếm bên trái
64465-K57-V10ZC,Bộ ốp ống yếm bên trái
64465-K57-V20ZA,Bộ ốp ống yếm bên trái
64465-K57-V20ZB,Bộ ốp ống yếm bên trái
64465-K57-V20ZC,Bộ ốp ống yếm bên trái
64465-K57-V20ZD,Bộ ốp ống yếm bên trái
64465-K57-V80ZA,Bộ ốp ống yếm trái *NHB55P*
64465-K57-V80ZB,Bộ ốp ống yếm trái *YR322C*
64465-K57-V80ZC,Bộ ốp ống yếm trái *NHB25M*
64465-K57-V80ZD,Bộ ốp ống yếm trái *R340C*
64470-K03-N30ZA,"bửng nhỏ phải ,nối bửng dưới,cánh yếm nhỏ dưới phải  RSX 110cc (2014-2023) Đồng -208M"
64470-K03-N30ZB,"bửng nhỏ phải ,nối bửng dưới,cánh yếm nhỏ dưới phải  RSX 110cc (2014-2023) Cam 322C"
64470-K03-N30ZC,"bửng nhỏ phải ,nối bửng dưới,cánh yếm nhỏ dưới phải  RSX 110cc (2014-2023) Đỏ -R340C"
64470-K03-N30ZD,"bửng nhỏ phải ,nối bửng dưới,cánh yếm nhỏ dưới phải  RSX 110cc (2014-2023) trắng 55P"
64470-K03-N30ZE,"bửng nhỏ phải ,nối bửng dưới,cánh yếm nhỏ dưới phải  RSX 110cc (2014-2015) ĐEN 25M"
64470-K03-N30ZG,"bửng nhỏ phải ,nối bửng dưới,cánh yếm nhỏ dưới phải  RSX 110cc (2014-2023) đen nhám -A76M*"
64470-K03-N30ZH,"bửng nhỏ phải ,nối bửng dưới,cánh yếm nhỏ dưới phải  RSX 110cc (2014-2023) XANH-*B189C*dùng chung k90-v00zg"
64470-K07-900ZA,"chỉ bửng phải ,Nẹp cạnh bên phải RSX 110cc (2013-2014) đen nhám *NH1*( kiểu siêu nhân)"
64470-K07-900ZB,"chỉ bửng phải ,Nẹp cạnh bên phải RSX 110cc (2012-2013) cam nhám 300R(kiểu siêu nhân, bọ ngựa)"
64470-K07-900ZC,"chỉ bửng phải ,Nẹp cạnh bên phải RSX 110cc (2012-2013) Nâu nhám 286R(kiểu siêu nhân, bọ ngựa)"
64470-K07-900ZD,"Chỉ bửng phải ,Nẹp cạnh bên phải RSX 110cc (2012-2013) đỏ nhám 346R( kiểu siêu nhân)"
64470-K07-900ZE,"Chỉ bửng phải ,Nẹp cạnh bên phải RSX 110cc (2012-2013) XANH nhám -387R(kiểu siêu nhân, bọ ngựa)"
64470-KVG-900,"hộp đồ trái , gác chân em bé trái Air blade 110(2007-2008) đen nhám"
64470-KVG-A30,"hộp đồ trái , gác chân em bé trái  Air blade 110 Fi (2009-2010) đen nhám"
64470-KVG-V40,"hộp đồ trái , gác chân em bé trái Air blade (AB)110 Fi (2011-2012) đen nhám"
64470-KWW-640ZC,"bửng nhỏ phải ,nối bửng dưới,cánh yếm nhỏ dưới phải Wave S110(2012-2013) BẠC mỏ chu- 411M*"
64470-KWW-640ZN,"bửng nhỏ phải ,nối bửng dưới,cánh yếm nhỏ dưới phải Wave S110(2012-2013) Đồng mỏ chu- Y208M*"
64470-KWW-640ZP,"bửng nhỏ phải ,nối bửng dưới,cánh yếm nhỏ dưới phải Wave S110(2010-2013) Trắng Mỏ chu - B35P*"
64470-KWW-640ZQ,"bửng nhỏ phải ,nối bửng dưới,cánh yếm nhỏ dưới phải Wave S110(2012-2013) XÁM mỏ chu- A62M*"
64470-KWW-640ZU,"bửng nhỏ phải ,nối bửng dưới,cánh yếm nhỏ dưới phải Wave S110(2012-2013)  Đen mỏ chu hoa văn- A69P*"
64470-KWW-640ZV,"bửng nhỏ phải ,nối bửng dưới,cánh yếm nhỏ dưới phải Wave S110(2012-2013)  Đen mỏ chu- B25M*"
64471-K2P-V00ZA,"Mui rùa, ốp đuôi sau ,Bộ ốp sườn trung tâm Winner X-V2 (2019-2021) XÁM -*NHB56M*"
64471-K2P-V10ZB,"Mui rùa, ốp đuôi sau ,Bộ ốp sườn trung tâm Winner X-V3,V4 (2022-2025) Đen-*NHB25*"
64471-K2P-V10ZC,"Mui rùa, ốp đuôi sau ,Bộ ốp sườn trung tâm Winner X-V3,V4 (2022-2025) Xanh đen *B421*"
64471-K2P-V10ZD,"Mui rùa, ốp đuôi sau ,Bộ ốp sườn trung tâm Winner X-V3,V4 (2022-2025) Đỏ  *R389*"
64471-K2P-V10ZE,"Mui rùa, ốp đuôi sau ,Bộ ốp sườn trung tâm Winner X-V3,V4 (2022-2025) đen nhám*A76M*"
64471-K2P-V50ZA,"Mui rùa, ốp đuôi sau ,Bộ ốp sườn trung tâm Winner X-V3,V4 (2022-2025) ĐỎ *R340*"
64471-K2P-V60ZA,"Mui rùa, ốp đuôi sau ,Bộ ốp sườn trung tâm Winner X-V3,V4 (2022-2025)  BẠC nhám*B18*"
64471-K2P-V60ZB,"Mui rùa, ốp đuôi sau ,Bộ ốp sườn trung tâm Winner X-V3,V4 (2022-2025) ĐỎ Nhám *B406*"
64471-K2P-V60ZC,"Mui rùa, ốp đuôi sau ,Bộ ốp sườn trung tâm Winner X-V3,V4 (2022-2025) Đen Nhám *NHA76*"
64471-K2P-V60ZD,"Mui rùa, ốp đuôi sau ,Bộ ốp sườn trung tâm Winner X-V3,V4 (2022-2025) XÁM  *NHB56M*"
64471-K2P-V60ZE,"Mui rùa, ốp đuôi sau ,Bộ ốp sườn trung tâm Winner X-V3,V4 (2022-2025) Trắng *NHB55M*"
64471-K2P-V60ZF,"Mui rùa, ốp đuôi sau ,Bộ ốp sườn trung tâm Winner X-V3,V4 (2022-2025) Đen-*NHB25*"
64471-K2P-V60ZG,"Mui rùa, ốp đuôi sau ,Bộ ốp sườn trung tâm Winner X-V3,V4 (2022-2025) ĐỎ *R389*"
64471-K2P-VE0ZA,"Mui rùa, ốp đuôi sau ,Bộ ốp sườn trung tâm Winner X-V3,V4 (2022-2025)  BẠC nhám*B18*"
64471-K2P-VE0ZB,"Mui rùa, ốp đuôi sau ,Bộ ốp sườn trung tâm Winner X-V3,V4 (2022-2025) ĐỎ Nhám *B406*"
64471-K2P-VE0ZC,"Mui rùa, ốp đuôi sau ,Bộ ốp sườn trung tâm Winner X-V3,V4 (2022-2025) Đen Nhám *NHA76*"
64471-K2P-VE0ZD,"Mui rùa, ốp đuôi sau ,Bộ ốp sườn trung tâm Winner X-V3,V4 (2022-2025) Trắng *NHB55M*"
64471-K2P-VE0ZE,"Mui rùa, ốp đuôi sau ,Bộ ốp sườn trung tâm Winner X-V3,V4 (2022-2025) XÁM  *NHB56M*"
64471-K2P-VE0ZF,"Mui rùa, ốp đuôi sau ,Bộ ốp sườn trung tâm Winner X-V3,V4 (2022-2025) ĐỎ *R389*"
64471-K56-V50ZA,"Mui rùa, ốp đuôi sau ,Bộ ốp sườn trung tâm Winner 150 X (2019-2021) Đen Nhám *76M* "
64471-K56-V50ZB,"Mui rùa, ốp đuôi sau ,Bộ ốp sườn trung tâm Winner 150 X (2019-2021) Bạc nhám- A40* "
64471-K56-V50ZC,"Mui rùa, ốp đuôi sau ,Bộ ốp sườn trung tâm Winner 150 X (2019-2021) BẠC Bóng -B24M* "
64471-K56-V50ZE,"Mui rùa, ốp đuôi sau ,Bộ ốp sườn trung tâm Winner 150 X (2019-2021) Đỏ Tươi - R389*"
64471-KVG-A30,"Nắp hộp đồ trái , gác chân em bé trái  Air blade 110 Fi (2009-2010) đen nhám"
64472-KVG-A30,"núm chốt hộp đồ trái ,gác chân em bé trái  Air blade 110 Fi (2009-2010) đen nhám"
64473-KVG-A30,"vấu nắp hộp đồ trái ,gác chân em bé trái  Air blade 110 Fi (2009-2010) đen nhám"
64475-K03-N30ZA,"bửng nhỏ trái ,nối bửng dưới,cánh yếm nhỏ dưới trái  RSX 110cc (2014-2023) Đồng -208M"
64475-K03-N30ZB,"bửng nhỏ trái ,nối bửng dưới,cánh yếm nhỏ dưới trái  RSX 110cc (2014-2023) Cam 322C"
64475-K03-N30ZC,"bửng nhỏ trái ,nối bửng dưới,cánh yếm nhỏ dưới trái  RSX 110cc (2014-2023) Đỏ -R340C"
64475-K03-N30ZD,"bửng nhỏ trái ,nối bửng dưới,cánh yếm nhỏ dưới trái  RSX 110cc (2014-2023) trắng 55P"
64475-K03-N30ZE,"bửng nhỏ trái ,nối bửng dưới,cánh yếm nhỏ dưới trái  RSX 110cc (2014-2015) ĐEN 25M"
64475-K03-N30ZG,"bửng nhỏ trái ,nối bửng dưới,cánh yếm nhỏ dưới trái  RSX 110cc (2014-2023) đen nhám -A76M*"
64475-K03-N30ZH,"bửng nhỏ trái ,nối bửng dưới,cánh yếm nhỏ dưới trái  RSX 110cc (2014-2023) XANH-*B189C*dùng chung k90-v00zg"
64475-K07-900ZA,"chỉ bửng trái ,Nẹp cạnh bên trái RSX 110cc (2013-2014) đen nhám *NH1*( kiểu siêu nhân)"
64475-K07-900ZB,"chỉ bửng trái ,Nẹp cạnh bên trái RSX 110cc (2012-2013) cam nhám 300R(kiểu siêu nhân, bọ ngựa)"
64475-K07-900ZC,"chỉ bửng trái ,Nẹp cạnh bên trái RSX 110cc (2012-2013) Nâu nhám 286R(kiểu siêu nhân, bọ ngựa)"
64475-K07-900ZD,"Chỉ bửng trái ,Nẹp cạnh bêntrái RSX 110cc (2012-2013) đỏ nhám 346R( kiểu siêu nhân)"
64475-K07-900ZE,"Chỉ bửng trái ,Nẹp cạnh bên trái RSX 110cc (2012-2013) XANH nhám -387R(kiểu siêu nhân, bọ ngựa)"
64475-KWW-640ZC,"bửng nhỏ trái ,nối bửng dưới,cánh yếm nhỏ dưới trái Wave S110(2012-2013) BẠC mỏ chu- 411M*"
64475-KWW-640ZN,"bửng nhỏ trái ,nối bửng dưới,cánh yếm nhỏ dưới trái Wave S110(2012-2013) Đồng mỏ chu- Y208M*"
64475-KWW-640ZP,"bửng nhỏ trái ,nối bửng dưới,cánh yếm nhỏ dưới trái Wave S110(2010-2013) Trắng Mỏ chu - B35P*"
64475-KWW-640ZQ,"bửng nhỏ trái ,nối bửng dưới,cánh yếm nhỏ dưới trái Wave S110(2012-2013) XÁM mỏ chu- A62M*"
64475-KWW-640ZT,"bửng nhỏ trái ,nối bửng dưới,cánh yếm nhỏ dưới trái Wave S110(2012-2013)  Đen mỏ chu hoa văn- A69P*"
64475-KWW-640ZU,"bửng nhỏ trái ,nối bửng dưới,cánh yếm nhỏ dưới trái Wave S110(2012-2013)  Đen mỏ chu- B25M*"
64480-K07-900ZD,"Mui rùa, ốp đuôi sau RSX 110cc (2012-2013) đen bóng-A69P*"
64480-K07-900ZE,"Mui rùa, ốp đuôi sau RSX 110cc (2012-2013) bạc-B24M*"
64480-K07-900ZF,"Mui rùa, ốp đuôi sau RSX 110cc (2012-2013)Trắng *NH-B35P*"
64480-K07-900ZG,"Mui rùa, ốp đuôi sau RSX 110cc (2012-2013) Đỏ *R-340C*"
64480-K07-900ZH,"Mui rùa, ốp đuôi sau RSX 110cc (2012-2013) Đen bóng *NHB25M*"
64480-K07-900ZJ,"Mui rùa, ốp đuôi sau RSX 110cc (2012-2013) Xám ghi *NHA62M*(kiểu siêu nhân, bọ ngựa)"
64480-K56-V00ZE,"Ốp sườn sau phải , ốp sườn phải Winnner V1 (2016-2018) Đen nhám *NHA76M*"
64480-KVG-900,"co bửng phải, Nẹp ốp yếm phải  Air blade (AB) 110(2007-2008) đen nhám  air"
64480-KVG-V20ZA,"co bửng phải, Nẹp ốp yếm phải  Air blade 110 Fi (2009-2010) đen nhám"
64480-KWW-A00,"mũi tên phải , ốp sườn sau phải nhỏ nhựa nhám Wave S110, RS 110, RSX 110cc  (2009-2013),Đen nhám-NH1*"
64490-K07-900,"Bộ nắp dưới đèn hậu, ốp đèn lái dưới RSX 110cc (2012-2013) đen nhám(kiểu siêu nhân, bọ ngựa)"
64490-K56-V00ZE,"Ốp sườn sau trái , ốp sườn trái Winnner V1 (2016-2018) Đen nhám *NHA76M*"
64490-KVG-900,"co bửng trái, Nẹp ốp yếm trái  Air blade (AB) 110(2007-2008) đen nhám  air"
64490-KVG-V20ZA,"co bửng trái, Nẹp ốp yếm trái  Air blade 110 Fi (2009-2010) đen nhám"
64490-KWW-A00,"mũi tên trái , ốp sườn sau trái nhỏ nhựa nhám Wave S110, RS 110, RSX 110cc  (2009-2013),Đen nhám-NH1*"
64500-K1F-V00ZA,"bửng ngoài phải , Cánh yếm, ốp trước, cánh gà phải Air blade (AB)150 (2020-2021) Đen Bóng *NHB25M*"
64500-K1F-V00ZB,"bửng ngoài phải , Cánh yếm, ốp trước, cánh gà phải Air blade (AB)150 (2020-2021) Xám ghi *NHC04M*"
64500-K1F-V00ZC,"bửng ngoài phải , Cánh yếm, ốp trước, cánh gà phải Air blade (AB)150 (2020-2021) Đỏ Đô*R368C*"
64500-K1F-V00ZD,"bửng ngoài phải , Cánh yếm, ốp trước, cánh gà phải Air blade (AB)150 (2020-2021) Xanh mực*PB421M*"
64500-K1F-V00ZE,"bửng ngoài phải , Cánh yếm, ốp trước, cánh gà phải Air blade (AB) 150 (2020-2021) Xanh nhám*NHC34M*"
64500-K1F-V30ZA,"bửng ngoài phải , Cánh yếm, ốp trước, cánh gà phải Air blade (AB) 150 (2020-2021) Đen Bóng *NHB25M*"
64500-K1F-V30ZB,"bửng ngoài phải , Cánh yếm, ốp trước, cánh gà phải Air blade (AB) 150 (2020-2021) Xám ghi *NHC04M*"
64500-K1F-V30ZC,"bửng ngoài phải , Cánh yếm, ốp trước, cánh gà phải Air blade (AB) 150 (2020-2021) Đỏ Đô*R368C*"
64500-K1F-V30ZD,"bửng ngoài phải , Cánh yếm, ốp trước, cánh gà phải Air blade (AB) 150 (2020-2021) Xanh mực*PB421M*"
64500-K1F-V40ZA,"bửng ngoài phải , Cánh yếm, ốp trước, cánh gà phải Air blade (AB) 150 (2020-2021) Xanh nhám*NHC34M*"
64500-K1F-V70ZB,"bửng ngoài phải , Cánh yếm, ốp trước, cánh gà phải Air blade (AB)150 (2021-2023) xám xi măng tem cam xmá NHC60P*"
64500-K1G-V00ZA,"bửng ngoài phải , Cánh yếm, ốp trước, cánh gà phải  Air blade (AB) 125 (2020-2021) Trắng tem đỏ*NHB35*"
64500-K1G-V00ZB,"bửng ngoài phải , Cánh yếm, ốp trước, cánh gà phải Air blade (AB) 125 (2020-2021) Xám bạc tem đen*NH262*"
64500-K1G-V00ZC,"bửng ngoài phải , Cánh yếm, ốp trước, cánh gà phải Air blade (AB) 125 (2020-2021) Đỏ tem Xám*R340*"
64500-K1G-V00ZD,"bửng ngoài phải , Cánh yếm, ốp trước, cánh gà phải Air blade (AB) 125 (2020-2021) xanh  tem đen *B189*"
64500-K1G-V10ZA,"bửng ngoài phải , Cánh yếm, ốp trước, cánh gà phải Air blade (AB) 125 (2020-2021) Đen nhám tem đồng *A76M*"
64500-K1G-V30ZA,"bửng ngoài phải , Cánh yếm, ốp trước, cánh gà phải  Air blade (AB) 125 (2021-2023) Trắng tem đỏ*NHB35*"
64500-K1G-V30ZB,"bửng ngoài phải , Cánh yếm, ốp trước, cánh gà phải Air blade (AB) 125 (2021-2023) Xám bạc tem đen*NH262*"
64500-K1G-V30ZC,"bửng ngoài phải , Cánh yếm, ốp trước, cánh gà phải Air blade (AB) 125 (2021-2023) Đỏ tem Xám*R340*"
64500-K1G-V30ZD,"bửng ngoài phải , Cánh yếm, ốp trước, cánh gà phải Air blade (AB) 125 (2021-2023) Xanh mực tem Xám-*B421*"
64500-K1G-V40ZA,"bửng ngoài phải , Cánh yếm, ốp trước, cánh gà phải Air blade (AB)125 (2021-2023) Đen nhám tem đồng *A76M*"
64500-K1G-V90ZA,"bửng ngoài phải , Cánh yếm, ốp trước, cánh gà phải Air blade (AB) 125 (2021-2023) xám xi măng tem cam đen NHC60P*"
64500-K27-630ZA,"bửng ngoài phải , Cánh yếm, ốp trước, cánh gà phải Air blade(AB)125 (2013-2015) Đen Nhám - A76M*"
64500-K27-V00ZD,"bửng ngoài phải , Cánh yếm, ốp trước, cánh gà phải Air blade(AB)125 (2013-2015) Đỏ -340C*"
64500-K27-V00ZF,"bửng ngoài phải , Cánh yếm, ốp trước, cánh gà phải Air blade(AB)125 (2013-2015) Trắng- A62X*"
64500-K27-V00ZG,"bửng ngoài phải , Cánh yếm, ốp trước, cánh gà phải Air blade(AB)125 (2013-2015) Đen bóng - A62P*"
64500-K27-V10ZC,"bửng ngoài phải , Cánh yếm, ốp trước, cánh gà phải Air blade(AB)125 (2013-2015) đen tem đỏ -340B*"
64500-K27-V10ZD,"bửng ngoài phải , Cánh yếm, ốp trước, cánh gà phải Air blade(AB)125 (2013-2015) trắng tem đỏ -R340X*"
64500-K27-V10ZE,"bửng ngoài phải , Cánh yếm, ốp trước, cánh gà phải Air blade(AB)125 (2013-2015)đen tem đồng -Y208*"
64500-K27-V20ZA,"bửng ngoài phải , Cánh yếm, ốp trước, cánh gà phải Air blade(AB)125 (2013-2015) xám 3d -B51M*"
64500-K27-V20ZB,"bửng ngoài phải , Cánh yếm, ốp trước, cánh gà phải Air blade(AB)125 (2013-2015) đồng 3d -R219M*"
64500-K27-V60ZA,"bửng ngoài phải , Cánh yếm, ốp trước, cánh gà phải Air blade(AB)125 (2013-2015) đen tem xám -A62B*"
64500-K27-V60ZB,"bửng ngoài phải , Cánh yếm, ốp trước, cánh gà phải Air blade(AB)125 (2013-2015) đen tem cam 322*"
64500-K27-V60ZC,"bửng ngoài phải , Cánh yếm, ốp trước, cánh gà phải Air blade(AB)125 (2013-2015)trắng tem xám -A62X*"
64500-K27-V60ZD,"bửng ngoài phải , Cánh yếm, ốp trước, cánh gà phải Air blade(AB)125 (2013-2015) đen tem đồng-Y208*"
64500-K27-V60ZE,"bửng ngoài phải , Cánh yếm, ốp trước, cánh gà phải Air blade(AB)125 (2013-2015) đen tem đỏ -340*"
64500-K2Z-V00ZA,"bửng ngoài phải , Cánh yếm, ốp trước, cánh gà phải Air blade (AB)160 (2022-2025) Đen Bóng *NHB25M*"
64500-K2Z-V00ZC,"bửng ngoài phải , Cánh yếm, ốp trước, cánh gà phải Air blade (AB)160 (2022-2025) Đỏ Đô*R368C*"
64500-K2Z-V00ZD,"bửng ngoài phải , Cánh yếm, ốp trước, cánh gà phải Air blade (AB)160 (2022-2025) Xanh mực bóng *PB426P*"
64500-K2Z-V10ZA,"bửng ngoài phải , Cánh yếm, ốp trước, cánh gà phải Air blade (AB)160 (2022-2025) Xanh nhám*NHC34M*"
64500-K2Z-V40ZA,"bửng ngoài phải , Cánh yếm, ốp trước, cánh gà phải Air blade (AB)160 (2022-2025) Đen Bóng *NHB25M*"
64500-K2Z-V70ZA,"bửng ngoài phải , Cánh yếm, ốp trước, cánh gà phải Air blade (AB)160 (2022-2025) Xám xi măng *NHC60P*"
64500-K35-V10ZA,"bửng ngoài phải , Cánh yếm, ốp trước, cánh gà phải Pcx 125 (2014-2016) BẠC Nhám -B18M*"
64500-K35-V10ZB,"bửng ngoài phải , Cánh yếm, ốp trước, cánh gà phải Pcx 125 (2014-2016) ĐEN Nhám A76M"
64500-K35-V30ZA,"bửng ngoài phải , Cánh yếm, ốp trước, cánh gà phải Pcx 125 (2014-2016) BẠC Nhám -B18M*"
64500-K35-V30ZB,"bửng ngoài phải , Cánh yếm, ốp trước, cánh gà phải Pcx 125 (2014-2016) ĐEN Nhám A76M"
64500-K35-V30ZC,"bửng ngoài phải , Cánh yếm, ốp trước, cánh gà phải Pcx 125 (2014-2016) Xanh nhớt -G208M*"
64500-K3A-V00ZC,"bửng ngoài phải , Cánh yếm, ốp trước, cánh gà phải Air blade (AB)125 (2022-2025) Đỏ *R340*"
64500-K3A-V00ZD,"bửng ngoài phải , Cánh yếm, ốp trước, cánh gà phải Air blade (AB)125 (2022-2025) Xanh mực *B421*"
64500-K3A-V10ZA,"bửng ngoài phải , Cánh yếm, ốp trước, cánh gà phải Air blade (AB)125 (2022-2025) Đen nhám  *A76M*"
64500-K3A-V40ZA,#N/A
64500-K3A-V40ZB,"bửng ngoài phải , Cánh yếm, ốp trước, cánh gà phải Air blade (AB)125 (2022-2025) Đen bóng -A69*"
64500-K3A-V50ZA,#N/A
64500-K3A-V50ZB,#N/A
64500-K66-V00ZA,"bửng ngoài phải , Cánh yếm, ốp trước, cánh gà phải Air Blade 125 (2016-2019) Cam -YR322C"
64500-K66-V00ZB,"bửng ngoài phải , Cánh yếm, ốp trước, cánh gà phải Air Blade 125 (2016-2019) Trắng -*NHB35P*"
64500-K66-V00ZC,"bửng ngoài phải , Cánh yếm, ốp trước, cánh gà phải Air Blade 125 (2016-2019) Xám Chì *A62M*"
64500-K66-V00ZD,"bửng ngoài phải , Cánh yếm, ốp trước, cánh gà phải Air Blade 125 (2016-2019) ĐỎ-R340C"
64500-K66-V10ZA,"bửng ngoài phải , Cánh yếm, ốp trước, cánh gà phải Air Blade 125 (2016-2019) đen tem kim cương"
64500-K66-V10ZB,"bửng ngoài phải , Cánh yếm, ốp trước, cánh gà phải Air Blade 125 (2016-2019) Trắng tem kim cương"
64500-K66-V10ZC,"bửng ngoài phải , Cánh yếm, ốp trước, cánh gà phải Air Blade 125 (2016-2019) xanh mực tem kim cương"
64500-K66-V10ZD,"bửng ngoài phải , Cánh yếm, ốp trước, cánh gà phải Air Blade 125 (2016-2019) đỏ tem kim cương"
64500-K66-V90ZA,"bửng ngoài phải , Cánh yếm, ốp trước, cánh gà phải Air Blade 125 (2016-2019) đen nhám tem kim cương"
64500-K66-VE0ZA,"bửng ngoài phải , Cánh yếm, ốp trước, cánh gà phải Air Blade 125 (2016-2019) đen tem xanh-B189*"
64500-K66-VE0ZB,"bửng ngoài phải , Cánh yếm, ốp trước, cánh gà phải Air Blade 125 (2016-2019) đen tem trắng-B35*"
64500-K66-VE0ZC,"bửng ngoài phải , Cánh yếm, ốp trước, cánh gà phải Air Blade 125 (2016-2019) đen tem Xám-NHA62*"
64500-K66-VE0ZD,"bửng ngoài phải , Cánh yếm, ốp trước, cánh gà phải Air Blade 125 (2016-2019) đen tem Cam-R340*"
64500-K66-VF0ZB,"bửng ngoài phải , Cánh yếm, ốp trước, cánh gà phải Air Blade 125 (2016-2019) XÁM tem kim cương -B86M*"
64500-K66-VF0ZD,"bửng ngoài phải , Cánh yếm, ốp trước, cánh gà phải Air Blade 125 (2016-2019) Đen tem kim cương -B86M*"
64500-K66-VF0ZF,"bửng ngoài phải , Cánh yếm, ốp trước, cánh gà phải Air Blade 125 (2016-2019) xanh mực tem kim cương -B86M*"
64500-K66-VF0ZG,"bửng ngoài phải , Cánh yếm, ốp trước, cánh gà phải Air Blade 125 (2016-2019) đỏ tem kim cương"
64500-K66-VG0ZA,"bửng ngoài phải , Cánh yếm, ốp trước, cánh gà phải Air Blade 125 (2016-2019) đen nhám tem kim cương"
64500-K66-VN0ZA,"bửng ngoài phải , Cánh yếm, ốp trước, cánh gà phải Air Blade 125 (2016-2019) đen tem xanh-B189*"
64500-K66-VN0ZB,"bửng ngoài phải , Cánh yếm, ốp trước, cánh gà phải Air Blade 125 (2016-2019) đen tem trắng-B35*"
64500-K66-VN0ZC,"bửng ngoài phải , Cánh yếm, ốp trước, cánh gà phải Air Blade 125 (2016-2019) đen tem Xám-NHA62*"
64500-K66-VN0ZD,"bửng ngoài phải , Cánh yếm, ốp trước, cánh gà phải Air Blade 125 (2016-2019) đen tem Cam-R340*"
64500-K66-VP0ZA,"bửng ngoài phải , Cánh yếm, ốp trước, cánh gà phải Air Blade 125 (2016-2019) XÁM tem kim cương -B86M*"
64500-K66-VP0ZD,"bửng ngoài phải , Cánh yếm, ốp trước, cánh gà phải Air Blade 125 (2016-2019) đỏ tem kim cương"
64500-K66-VP0ZE,"bửng ngoài phải , Cánh yếm, ốp trước, cánh gà phải Air Blade 125 (2016-2019) xanh mực tem kim cương -B421M*"
64500-K66-VQ0ZA,"bửng ngoài phải , Cánh yếm, ốp trước, cánh gà phải Air Blade 125 (2016-2019) đen nhám tem kim cương"
64500-KFL-D20ZE,Mặt nạ trước Wave alpha nhỏ 100cc (2001-2005) BẠC không tem-411M*
64500-KFL-D20ZF,Mặt nạ trước Wave alpha nhỏ 100cc (2001-2005) Xanh Ngọc không tem -B305P*
64500-KFL-D20ZH,Mặt nạ trước Wave alpha nhỏ 100cc (2001-2005) Đỏ Đô không tem -R203M*
64500-KFL-D20ZM,Mặt nạ trước Wave alpha nhỏ 100cc (2001-2005) Xanh Mực đậm không tem -171MU*
64500-KFL-D20ZN,Mặt nạ trước Wave alpha nhỏ 100cc (2001-2005) Xanh Nhạt Ghi không tem -B141M*
64500-KFL-D20ZQ,Mặt nạ trước Wave alpha nhỏ 100cc (2001-2005)  ĐEN không tem -NH1*
64500-KFL-D20ZR,Mặt nạ trước Wave alpha nhỏ 100cc (2001-2005) VÀNG không tem -Y106*
64500-KFL-D20ZS,Mặt nạ trước Wave alpha nhỏ 100cc (2001-2005) NÂU không tem -R150CU*
64500-KFL-D20ZT,Mặt nạ trước Wave ZX thắng đĩa  (2001-2005) TRẮNG không tem-193P*
64500-KFL-D20ZU,Mặt nạ trước Wave ZX thắng đĩa  (2001-2005) TÍM Cà không tem-P138M*
64500-KTM-970ZA,Mặt nạ trước ngoài Future Neo 125 (2005-2008) Xanh lá mạ Đĩa-194M*
64500-KTM-970ZB,Mặt nạ trước ngoài Future Neo 125 (2005-2008) BẠC -411M*
64500-KTM-970ZC,Mặt nạ trước ngoài Future Neo 125 (2005-2008) Xanh MỰC-368P*
64500-KTM-970ZD,"Mặt nạ trước ngoài Future Neo 125, 125 GT, 125 FI (2005-2008) ĐỎ -R313C*"
64500-KTM-970ZF,"Mặt nạ trước ngoài Future Neo 125, 125 GT, 125 FI (2005-2008) ĐEN Bóng-A69P*"
64500-KTM-970ZG,Mặt nạ trước ngoài Future Neo 125 (2005-2008) BẠC -411M*
64500-KTM-970ZH,"Mặt nạ trước ngoài Future Neo 125, 125 GT, 125 FI (2005-2008) ĐỎ -R315C*"
64500-KTM-970ZJ,Mặt nạ trước ngoài Future Neo 125 (2005-2008) Xanh Mực đậm -373M*
64500-KTM-970ZK,"Mặt nạ trước ngoài Future Neo 125, 125 GT, 125 FI (2005-2008) TRẮNG -A96P*"
64500-KTM-970ZM,Mặt nạ trước ngoài Future Neo 125 (2005-2008) Xanh Dương-206M*
64500-KVG-950ZD,"bửng ngoài phải , Cánh yếm, ốp trước phải Air blade 110 (2007-2008) đen bóng -N69P*"
64500-KVG-950ZE,"bửng ngoài phải , Cánh yếm, ốp trước phải Air blade 110 (2007) ĐỎ - 313C*"
64500-KVG-950ZF,"bửng ngoài phải , Cánh yếm, ốp trước phải Air blade 110 (2007) TRẮNG -A96P*"
64500-KVG-B20ZB,"bửng ngoài phải , Cánh yếm, ốp trước phải Air blade 110 (2007) Đồng 3D hoa văn -Y209M*"
64500-KVG-V00ZA,"bửng ngoài phải , Cánh yếm, ốp trước phải Air blade 110 (2007-2008) cam sepsol -R271*"
64500-KVG-V10ZA,"bửng ngoài phải , Cánh yếm, ốp trước phải Air blade 110 (2008)  Xanh Mực tem -383M*"
64500-KVG-V10ZB,"bửng ngoài phải , Cánh yếm, ốp trước phải Air blade 110 (2008) ĐỎ tem- 313C*"
64500-KVG-V10ZC,"bửng ngoài phải , Cánh yếm, ốp trước phải Air blade 110 (2008) Trắng tem-A96P*"
64500-KVG-V20ZA,"bửng ngoài phải , Cánh yếm, ốp trước phải Air blade 110 Fi (2009-2010) ĐEN Bóng -NHA69P*"
64500-KVG-V20ZB,"bửng ngoài phải , Cánh yếm, ốp trước phải Air blade 110 Fi (2009-2010)TRẮNG -A96P*"
64500-KVG-V20ZC,"bửng ngoài phải , Cánh yếm, ốp trước phải Air blade 110 Fi (2009-2010) ĐỎ - 313C*"
64500-KVG-V40ZA,"bửng ngoài phải , Cánh yếm, ốp trước phải Air blade (AB)110 Fi (2011-2012) ĐỎ -R340C* mẫu đầu bò mập"
64500-KVG-V40ZB,"bửng ngoài phải , Cánh yếm, ốp trước phải Air blade (AB)110 Fi (2011-2012) TRẮNG -B35P* mẫu đầu bò mập"
64500-KVG-V40ZC,"bửng ngoài phải , Cánh yếm, ốp trước phải Air blade (AB)110 Fi (2011-2012) ĐEN Bóng -NH25M* mẫu đầu bò mập"
64500-KVG-V50ZA,"bửng ngoài phải , Cánh yếm, ốp trước phải Air blade (AB)110 Fi (2011-2012) TRẮNG tem -B35P* mẫu đầu bò mập"
64500-KVG-V50ZB,"bửng ngoài phải , Cánh yếm, ốp trước phải Air blade (AB)110 Fi (2011-2012) ĐEN tem -NH25M* mẫu đầu bò mập"
64500-KVG-V60ZA,"bửng ngoài phải , Cánh yếm, ốp trước phải Air blade (AB)110 Fi (2011-2012) XÁM 3D -B43*mẫu đầu bò mập"
64500-KVG-V60ZB,"bửng ngoài phải , Cánh yếm, ốp trước phải Air blade (AB)110 Fi (2011-2012) ĐỒNG 3D -Y209*mẫu đầu bò mập"
64500-KVG-V80ZB,"bửng ngoài phải , Cánh yếm, ốp trước phải Air blade (AB)110 Fi (2011-2012) trắng tem đỏ -B35K*"
64500-KVG-V80ZC,"bửng ngoài phải , Cánh yếm, ốp trước phải Air blade (AB)110 Fi (2011-2012) đen tem đỏ -B25K*"
64500-KVG-V80ZD,"bửng ngoài phải , Cánh yếm, ốp trước phải Air blade (AB)110 Fi (2011-2012) đen tem đồng -B25F*"
64501-K2S-V00ZA,"bửng ngoài phải , Cánh yếm, ốp trước phải Vario 160, click 160 (2023-2026) Đỏ Nhám -R406M*"
64501-K2S-V00ZC,"bửng ngoài phải , Cánh yếm, ốp trước phải Vario 160, click 160 (2023-2026) Xanh mực -B421M*"
64501-K2S-V00ZD,"bửng ngoài phải , Cánh yếm, ốp trước phải Vario 160, click 160 (2023-2026) Xám xi măng *NHC60P*"
64501-K2S-V00ZE,"bửng ngoài phải , Cánh yếm, ốp trước phải Vario 160, click 160 (2023-2026) ĐEN bóng - B25M*"
64501-K35-V00ZA,"bửng ngoài phải , Cánh yếm, ốp trước phải Pcx 125 (2014-2016) Xám ghi *R320M*"
64501-K35-V00ZB,"bửng ngoài phải , Cánh yếm, ốp trước phải Pcx 125 (2014-2016) Đỏ ĐÔ nho -350C*"
64501-K35-V00ZC,"bửng ngoài phải , Cánh yếm, ốp trước phải Pcx 125 (2014-2016) Trắng- B35P*"
64501-K35-V00ZD,"bửng ngoài phải , Cánh yếm, ốp trước phải Pcx 125 (2014-2016) Đen bóng-25M"
64501-K35-V00ZE,"bửng ngoài phải , Cánh yếm, ốp trước phải Pcx 125 (2014-2016) BẠC Nhám -B18M*"
64501-K35-V00ZF,"bửng ngoài phải , Cánh yếm, ốp trước phải Pcx 125 (2014-2016) ĐEN Nhám A76M"
64501-K35-V00ZS,"bửng ngoài phải , Cánh yếm, ốp trước phải Pcx 125 (2014-2016) Xanh đen *PB403P*"
64501-K66-V20ZA,0
64501-K66-V20ZB,0
64501-K66-V20ZC,0
64501-K66-VH0ZB,0
64501-K97-T00ZB,"bửng ngoài phải , Cánh yếm, ốp trước phải Pcx 125 (2018-2020) Đỏ Đô đậm -368C"
64501-K97-T00ZG,"bửng ngoài phải , Cánh yếm, ốp trước phải Pcx 125 (2018-2020) Xám nhạt *B86M*"
64501-K97-T00ZH,"bửng ngoài phải , Cánh yếm, ốp trước phải Pcx 125 (2018-2020) Trắng-*NHB35P*"
64501-K97-T00ZJ,"bửng ngoài phải , Cánh yếm, ốp trước phải Pcx 125 (2018-2020) Đen bóng- NHB25M*"
64501-K97-T00ZK,"bửng ngoài phải , Cánh yếm, ốp trước phải Pcx 125 (2018-2020) BẠC Nhám -B18M*"
64501-K97-T00ZL,"bửng ngoài phải , Cánh yếm, ốp trước phải Pcx 125 (2018-2020) ĐEN Nhám A76M"
64501-KVG-V40ZB,"ốp pha đèn phải , cánh gà phải Air blade (AB)110 Fi (2011-2012) ĐỎ -R340C* mẫu đầu bò mập"
64501-KVG-V40ZC,"ốp pha đèn phải , cánh gà phải Air blade (AB)110 Fi (2011-2012) BẠC -B24M* mẫu đầu bò mập"
64501-KVG-V40ZE,"ốp pha đèn phải , cánh gà phải Air blade (AB)110 Fi (2011-2012) ĐEN -NH25M* mẫu đầu bò mập"
64501-KVG-V40ZF,"ốp pha đèn phải , cánh gà phải Air blade (AB)110 Fi (2011-2012) XÁM 3D -A62*mẫu đầu bò mập"
64501-KVG-V40ZG,"ốp pha đèn phải , cánh gà phải Air blade (AB)110 Fi (2011-2012) ĐỒNG 3D -Y208*mẫu đầu bò mập"
64501-KWN-900ZF,"bửng ngoài phải , Cánh gà , ốp trước phải Pcx 125 (2010-2013) TRẮNG ngọc -A96P*"
64501-KWN-902ZC,"bửng ngoài phải , Cánh gà , ốp trước phải Pcx 125 (2010-2013) Đỏ- R340C*"
64501-KWN-902ZG,"bửng ngoài phải , Cánh gà , ốp trước phải Pcx 125 (2010-2013) ĐEN Bóng -NH25M*"
64501-KWN-902ZN,"bửng ngoài phải , Cánh gà , ốp trước phải Pcx 125 (2010-2013) Nâu *Y303M*"
64501-KWN-902ZP,"bửng ngoài phải , Cánh gà , ốp trước phải Pcx 125 (2010-2013) Đỏ Đô -R350**"
64501-KWN-902ZQ,"bửng ngoài phải , Cánh gà , ốp trước phải Pcx 125 (2010-2013) TRẮNG đục -B35*"
64502-K35-V00ZA,"bửng ngoài trái , Cánh gà , ốp trước trái Pcx 125 (2014-2016) Xám ghi *R320M*"
64502-K35-V00ZB,"bửng ngoài trái , Cánh gà , ốp trước trái Pcx 125 (2014-2016) Đỏ Đô nho -350C*"
64502-K35-V00ZC,"bửng ngoài trái , Cánh gà , ốp trước trái Pcx 125 (2014-2016) Trắng- B35P*"
64502-K35-V00ZD,"bửng ngoài trái , Cánh gà , ốp trước trái Pcx 125 (2014-2016) Đen bóng-25M"
64502-K35-V00ZE,"bửng ngoài trái , Cánh gà , ốp trước trái Pcx 125 (2014-2016) BẠC Nhám -B18M*"
64502-K35-V00ZF,"bửng ngoài trái , Cánh gà , ốp trước trái Pcx 125 (2014-2016) ĐEN Nhám A76M"
64502-K35-V00ZS,"bửng ngoài trái , Cánh gà , ốp trước trái Pcx 125 (2014-2016) Xanh đen *PB403P*"
64502-K66-V20ZA,bửng trái air 2016 đồng
64502-K66-V20ZB,bửng trái air 2016 xám đậm
64502-K66-V20ZC,bửng trái air 2016 xám nhạt
64502-K66-VH0ZA,Ốp trước bên trái *Y219M*
64502-K66-VH0ZB,Ốp trước bên trái *NHB74M*
64502-K66-VR0ZA,0
64502-K96-V00ZB,"bửng ngoài trái , Cánh yếm, ốp trước trái Pcx 125 (2018-2020) Đỏ Đô đậm -368C"
64502-K96-V00ZD,"bửng ngoài trái , Cánh yếm, ốp trước trái Pcx 125 (2018-2020) Xám nhạt *B86M*"
64502-K96-V00ZE,"bửng ngoài trái , Cánh yếm, ốp trước trái Pcx 125 (2018-2020) Trắng-*NHB35P*"
64502-K96-V00ZF,"bửng ngoài trái , Cánh yếm, ốp trước trái Pcx 125 (2018-2020) Đen bóng- NHB25M*"
64502-K96-V00ZG,"bửng ngoài trái , Cánh yếm, ốp trước trái Pcx 125 (2018-2020) BẠC Nhám -B18M*"
64502-K96-V00ZH,"bửng ngoài trái , Cánh yếm, ốp trước trái Pcx 125 (2018-2020) ĐEN Nhám A76M"
64502-KVG-V40ZB,"ốp pha đèn trái , cánh gà trái Air blade (AB)110 Fi (2011-2012) ĐỎ -R340C* mẫu đầu bò mập"
64502-KVG-V40ZC,"ốp pha đèn trái , cánh gà trái Air blade (AB)110 Fi (2011-2012) BẠC -B24M* mẫu đầu bò mập"
64502-KVG-V40ZE,"ốp pha đèn trái , cánh gà trái Air blade (AB)110 Fi (2011-2012) ĐEN -NH25M* mẫu đầu bò mập"
64502-KVG-V40ZF,"ốp pha đèn trái , cánh gà trái Air blade (AB)110 Fi (2011-2012) XÁM 3D -A62*mẫu đầu bò mập"
64502-KVG-V40ZG,"ốp pha đèn trái , cánh gà trái Air blade (AB)110 Fi (2011-2012) ĐỒNG 3D -Y208*mẫu đầu bò mập"
64502-KWN-900ZF,"bửng ngoài trái , Cánh gà , ốp trước trái Pcx 125 (2010-2013) TRẮNG ngọc -A96P*"
64502-KWN-902ZC,"bửng ngoài trái , Cánh gà , ốp trước trái Pcx 125 (2010-2013) Đỏ- R340C*"
64502-KWN-902ZH,"bửng ngoài trái , Cánh gà , ốp trước trái Pcx 125 (2010-2013) vàng đồng *Y208M*"
64502-KWN-902ZN,"bửng ngoài trái , Cánh gà , ốp trước trái Pcx 125 (2010-2013) Nâu *Y303M*"
64502-KWN-902ZP,"bửng ngoài trái , Cánh gà , ốp trước trái Pcx 125 (2010-2013) Đỏ Đô -R350**"
64503-K1Z-J10ZG,"nối ốp đèn trước,Ốp trước trung tâm đèn pha Pcx 2021 *NHA76M*"
64503-K35-V00ZB,"nối ốp đèn trước,Ốp trước trung tâm đèn pha Pcx 125 (2014-2016) Đỏ Đô nho -350C*"
64503-K35-V00ZC,"nối ốp đèn trước,Ốp trước trung tâm đèn pha Pcx 125 (2014-2016) Trắng- B35P*"
64503-K35-V00ZD,"nối ốp đèn trước,Ốp trước trung tâm đèn pha Pcx 125 (2014-2016) Đen bóng-25M"
64503-K35-V00ZE,"nối ốp đèn trước,Ốp trước trung tâm đèn pha Pcx 125 (2014-2016) BẠC Nhám -B18M*"
64503-K35-V00ZF,"nối ốp đèn trước,Ốp trước trung tâm đèn pha Pcx 125 (2014-2016) ĐEN Nhám A76M"
64503-K97-T00ZB,"nối ốp đèn trước,Ốp trước trung tâm đèn pha Pcx 125 (2018-2020) Đỏ Đô đậm -368C"
64503-K97-T00ZJ,"nối ốp đèn trước,Ốp trước trung tâm đèn pha Pcx 125 (2018-2020) Trắng-*NHB35P*"
64503-K97-T00ZK,"nối ốp đèn trước,Ốp trước trung tâm đèn pha Pcx 125 (2018-2020) Đen bóng- NHB25M*"
64503-K97-T00ZL,"nối ốp đèn trước,Ốp trước trung tâm đèn pha Pcx 125 (2018-2020) BẠC Nhám -B18M*"
64503-K97-T00ZM,"nối ốp đèn trước,Ốp trước trung tâm đèn pha Pcx 125 (2018-2020) ĐEN Nhám A76M*"
64505-K97-T00ZG,"Nẹp đèn pha bên phải ,ốp trang trí đèn pha phải Pcx 125 (2018-2020) Đỏ Đô đậm -368C"
64505-K97-T00ZK,"Nẹp đèn pha bên phải ,ốp trang trí đèn pha phải Pcx 125 (2018-2020) Trắng-*NHB35P*"
64505-K97-T00ZL,"Nẹp đèn pha bên phải ,ốp trang trí đèn pha phải Pcx 125 (2018-2020) Đen bóng- NHB25M*"
64505-K97-T00ZM,"Nẹp đèn pha bên phải ,ốp trang trí đèn pha phải Pcx 125 (2018-2020) BẠC Nhám -B18M*"
64505-K97-T00ZN,"Nẹp đèn pha bên phải ,ốp trang trí đèn pha phải Pcx 125 (2018-2020) ĐEN Nhám A76M*"
64505-KVG-950ZD,#N/A
64505-KVG-V60ZB,bửng phải air 2011 xám 3d
64506-K97-T00ZG,"Nẹp đèn pha bên trái ,ốp trang trí đèn pha trái Pcx 125 (2018-2020) Đỏ Đô đậm -368C"
64506-K97-T00ZK,"Nẹp đèn pha bên trái ,ốp trang trí đèn pha trái Pcx 125 (2018-2020) Trắng-*NHB35P*"
64506-K97-T00ZL,"Nẹp đèn pha bên trái ,ốp trang trí đèn pha trái Pcx 125 (2018-2020) Đen bóng- NHB25M*"
64506-K97-T00ZM,"Nẹp đèn pha bên trái ,ốp trang trí đèn pha trái Pcx 125 (2018-2020) BẠC Nhám -B18M*"
64506-K97-T00ZN,"Nẹp đèn pha bên trái ,ốp trang trí đèn pha trái Pcx 125 (2018-2020) ĐEN Nhám A76M*"
64506-KVG-950ZD,#N/A
64510-K03-M60ZA,"chữ V nạ , bộ ốp trước trên SX 110cc (2014-2015) ĐỎ -R340C"
64510-K03-M60ZB,"chữ V nạ , bộ ốp trước trên SX 110cc (2014-2019) Trắng -NH55"
64510-K03-M60ZC,"chữ V nạ , bộ ốp trước trên RSX 110cc (2014-2015) Đen bóng- NHB25M*"
64510-K07-940,"mặt Nạ bên trong ,bộ ốp trước bên trong RSX 110cc (2012-2013) đennhám(kiểu siêu nhân, bọ ngựa)"
64510-K27-V00ZA,"Viền Nẹp bửng phải , lổ mũi (dẫn hướng gió )phải Air blade (AB) 125 ( 2013-2015) Nâu nhám"
64510-K27-V00ZC,"Viền Nẹp bửng phải , lỗ mũi (dẫn hướng gió )phải Air blade (AB) 125 ( 2013-2015) đỏ nhám"
64510-K27-V00ZD,"Viền Nẹp bửng phải , lỗ mũi (dẫn hướng gió)phải Air blade (AB) 125 ( 2013-2015) đen nhám"
64510-K27-V00ZE,"Viền Nẹp bửng phải , lỗ mũi (dẫn hướng gió) phải Air blade (AB) 125 ( 2013-2015) Xám nhám"
64510-K2P-V60,Ốp trong bửng che két nước phải Winner 150 X-V3 (2021-2022) Đen nhám  
64510-K56-N10,"ốp trong bửng phải , cánh gà phải  Winner 150 (2016-2018) Đen nhám  "
64510-K56-V50,Ốp trong bửng che két nước phải Winner 150 X-V2 (2019-2021) Đen nhám  
64510-K73-V40ZA,"Bộ ốp trước dưới , chắn bùn trước dưới  Future 125 Fi, Future 125 Mập (2016-2026) đen nhám"
64510-K97-T00ZA,#N/A
64510-KVG-950ZA,"ốp pha đèn phải , cánh gà trước phải  Air blade 110 (2007-2008) ĐEN -NHA69P*"
64510-KVG-950ZB,"ốp pha đèn phải , cánh gà trước phải  Air blade 110 (2007-2008) TRẮNG -A96P*"
64510-KVG-950ZC,"ốp pha đèn phải , cánh gà trước phải  Air blade 110 (2007-2008) ĐỎ - 313C*"
64510-KVG-950ZD,"ốp pha đèn phải , cánh gà trước phải  Air blade 110 (2007-2008) Xanh Mực -383M*"
64510-KVG-950ZE,#N/A
64510-KWN-931ZC,#N/A
64510-KWN-931ZF,#N/A
64510-KWN-931ZG,#N/A
64510-KYZ-900,"Bộ ốp trước dưới , chắn bùn trước dưới  Future 125 Fi, Future 125 Mập (2011-2015) đen nhám"
64511-KVG-950ZA,"ốp pha đèn trái , cánh gà trước trái  Air blade 110 (2007-2008) ĐEN -NHA69P*"
64511-KVG-950ZB,"ốp pha đèn trái , cánh gà trước trái  Air blade 110 (2007-2008) TRẮNG -A96P*"
64511-KVG-950ZC,"ốp pha đèn trái , cánh gà trước trái  Air blade 110 (2007-2008) ĐỎ - 313C*"
64511-KVG-950ZD,"ốp pha đèn trái , cánh gà trước trái  Air blade 110 (2007-2008) Xanh Mực -383M*"
64511-KVG-950ZE,#N/A
64511-KVG-B20ZB,"ốp pha đèn trái , cánh gà trước trái  Air blade 110 (2007-2008) vàng đồng -209M*"
64520-K03-M60ZA,"Tấm thông gió trước dưới, hốp gió mặt nạ RSX 110cc (2014-2015) đen nhám"
64520-K27-V00ZA,"Viền Nẹp bửng trái , lổ mũi (dẫn hướng gió ) trái Air blade (AB) 125 ( 2013-2015) Nâu nhám"
64520-K27-V00ZC,"Viền Nẹp bửng trái , lỗ mũi (dẫn hướng gió ) trái Air blade (AB) 125 ( 2013-2015) đỏ nhám"
64520-K27-V00ZD,"Viền Nẹp bửng trái , lỗ mũi (dẫn hướng gió) trái Air blade (AB) 125 ( 2013-2015) đen nhám"
64520-K27-V00ZE,"Viền Nẹp bửng trái, lỗ mũi (dẫn hướng gió) trái Air blade (AB) 125 ( 2013-2015) Xám nhám"
64520-K2P-V60,Ốp trong bửng che két nước trái Winner 150 X-V3 (2021-2022) Đen nhám  
64520-K56-N10,"ốp trong bửng trái , cánh gà trái  Winner 150 (2016-2018) Đen nhám  "
64520-K56-V50,Ốp trong bửng che két nước trái Winner 150 X-V2 (2019-2021) Đen nhám  
64520-K90-VC0ZA,Tấm thông gió trước dưới *NHB83*
64520-K90-VC0ZB,0
64520-K97-T00ZA,#N/A
64520-KTM-970ZA,"thông gió mặt nạ trước Future Neo 125, GT 125 (2005-2008) màu bạc"
64520-KVG-950ZA,"Chắn sình trước , gầm đứng,chắn bùn trước bên trong Air blade(AB) 110, Fi (2007-2010) "
64520-KVG-V40,"Chắn sình trước , gầm đứng,chắn bùn trước bên trong Air blade(AB) 110 Fi (2011-2012) "
64520-KVL-930,thông gió mặt nạ trước Future Neo 125 Fi  (2005-2008) xi niken
64520-KWN-710ZB,"Chắn sình trước , gầm đứng,chắn bùn trước bên trong Pcx 125 (2010-2013) "
64520-KWW-V00ZC,"thông gió mặt nạ , lỗ mũi, nắp dưới ốp trước RSX 110(2009-2010) Xám -NH262M*"
64520-KWW-V00ZD,"thông gió mặt nạ , lỗ mũi, nắp dưới ốp trước RSX 110(2009-2010) BẠC - 411M*"
64520-KWW-V00ZE,"thông gió mặt nạ , lỗ mũi, nắp dưới ốp trước RSX 110(2009-2010) ĐỎ- 313C*"
64520-KWW-V00ZG,#N/A
64521-K35-V00ZA,"Chắn sình trước , gầm đứng,chắn bùn trước bên trong Pcx 125 (2014-2016)"
64521-K97-T00,"Chắn sình trước , gầm đứng,chắn bùn trước bên trong Pcx 125 (2018-2020)"
64521-MN5-000,#N/A
64530-K1F-V00ZA,"sàn rác dưới ,ốp dưới sàn gầm xe Air blade (AB)125/150 (2020-2025)"
64530-K27-V00,"sàn rác dưới ,ốp dưới sàn gầm xe Air blade (AB)125 (2013-2015)"
64530-K2Z-V00ZA,"sàn rác dưới ,ốp dưới sàn gầm xe Air blade (AB)125/160 (2022-2025)"
64530-K66-V00,"sàn rác dưới ,ốp dưới sàn gầm xe Air blade (AB)125 (2016-2019)"
64530-K97-T00,"sàn rác dưới ,ốp dưới sàn gầm xe Pcx 125 (2018-2020)"
64530-KVG-950ZA,"sàn rác dưới ,ốp dưới sàn gầm xe Air blade (AB) 110 (2007-2010)"
64530-KVG-V40,"sàn rác dưới ,ốp dưới sàn gầm xe Air blade (AB) 110 (2011-2012)"
64530-KWN-711,"sàn rác dưới ,ốp dưới sàn gầm xe Pcx 125 (2010-2013)"
64540-KVG-V20ZA,"ốp pha đèn phải , cánh gà trước phải  Air blade 110 FI (2007-2008) ĐEN tem -NHA69P*"
64540-KVG-V20ZB,"ốp pha đèn phải , cánh gà trước phải  Air blade 110 FI (2007-2008) TRẮNG tem -A96P*"
64540-KVG-V20ZC,"ốp pha đèn phải , cánh gà trước phải  Air blade 110 FI (2007-2008) ĐỎ tem - 313C*"
64540-KYL-900ZB,0
64550-KVG-V20ZA,"ốp pha đèn trái , cánh gà trước trái  Air blade 110 FI (2007-2008) ĐEN tem -NHA69P*"
64550-KVG-V20ZB,"ốp pha đèn trái , cánh gà trước trái  Air blade 110 FI (2007-2008) TRẮNG tem -A96P*"
64550-KVG-V20ZC,"ốp pha đèn trái , cánh gà trước trái  Air blade 110 FI (2007-2008) ĐỎ tem - 313C*"
64560-K03-M60ZA,"ốp bình xăng phải ,nhựa ốp dưới sườn phải RSX 110cc (2014-2019) đen nhám"
64560-K57-V00ZA,Ốp dưới sườn phải
64560-K90-VC0ZB,Ốp dưới sườn phải *NH1*
64560-K90-VM0ZA,Ốp dưới sườn phải *NH1*
64560-KWW-A00,"thông gió sườn phải Wave S110, RS 110(2009-2013)  Đen Nhám"
64565-K03-M60ZA,"ốp bình xăng trái ,nhựa ốp dưới sườn trái RSX 110cc (2014-2019) đen nhám"
64565-K57-V00ZA,Ốp dưới sườn trái
64565-K90-VC0ZB,Ốp dưới sườn trái *NH1*
64565-K90-VM0ZA,Ốp dưới sườn trái *NH1*
64600-K03-M30ZA,Ốp Sườn phải RSX 110cc (2014-2019) Fi trắng tem xám -NHB55*
64600-K03-M30ZC,Ốp Sườn phải RSX 110cc (2014-2019) Fi đen tem đồng-Y208*
64600-K03-M30ZD,Ốp Sườn phải RSX 110cc (2014-2019) Fi fi đỏ tem đen -NH431*
64600-K03-M30ZE,Ốp Sườn phải RSX 110cc (2014-2019) Fi đen tem đỏ -NHB25*
64600-K03-M60ZA,Ốp Sườn phải RSX 110cc (2014-2019) trắng tem trắng-NHB55*
64600-K03-M60ZB,Ốp Sườn phải RSX 110cc (2014-2019) cam tem đen -NH411*
64600-K03-M60ZC,Ốp Sườn phải RSX 110cc (2014-2019) đen tem đồng-Y208*
64600-K03-M60ZD,Ốp Sườn phải RSX 110cc (2014-2019) đỏ tem đen-NH431*
64600-K03-M60ZE,Ốp Sườn phải RSX 110cc (2014-2015) đen tem đỏ -NHB25*
64600-K03-V00ZB,Bộ ốp sườn phải Wave S110 (2013-2014) Đen thắng Đùm-NHB25*
64600-K03-V10ZA,Bộ ốp sườn phải Wave S110 (2013-2014) Đen tem Đồng hoa văn-Y208*(mẫu Duxule)
64600-K03-V10ZB,sườn phải Wave S110 (2013-2014) Trắng tem nâu Nho hoa văn-R150* (mẫu Duxule)
64600-K03-V10ZC,Bộ ốp sườn phải Wave S110  (2013-2014) Đen tem Đỏ hoa văn-R340*
64600-K03-V20ZB,Bộ ốp sườn phải Wave RS 110cc (2013-2014) đen tem Xám -NHB25*
64600-K03-V70ZA,Bộ ốp sườn phải Wave RSX 110 (2010-2012)TRẮNG ngọc tem lớn -A96P*
64600-K03-V70ZC,Bộ ốp sườn phải Wave RSX 110 (2010-2012)Đen tem lớn Xanh ngọc - B206M
64600-K03-V70ZD,Bộ ốp sườn phải Wave RSX 110 (2010-2012) ĐỎ tem lớn - 340C*
64600-K03-V70ZE,Bộ ốp sườn phải Wave RSX 110 (2010-2012)Đen ĐEN tem lớn - A69PC*
64600-K07-940ZB,"Bộ ốp sườn phải RSX 110cc (2012-2013) XÁM tem xanh -A62M*(kiểu siêu nhân, bọ ngựa)"
64600-K07-940ZC,"Bộ ốp sườn phải  RSX 110cc (2012-2013)trắng tem cam- B35P*(kiểu siêu nhân, bọ ngựa)"
64600-K07-940ZD,Bộ ốp sườn phải  RSX 110cc (2012-2013) TRẮNG tem đen - B35P*( kiểu siêu nhân)
64600-K07-940ZE,Bộ ốp sườn phải  RSX 110cc (2012-2013) ĐỎ tem đen - R340*( kiểu siêu nhân)
64600-K07-940ZF,Bộ ốp sườn phải  RSX 110cc (2012-2013) Đen tem trắng đỏ - NH69*( kiểu siêu nhân)
64600-K07-940ZG,Bộ ốp sườn phải  RSX 110cc (2012-2013) vàng đồng 317M*( kiểu siêu nhân)
64600-K07-V00ZC,Bộ ốp sườn phải  RSX 110cc (2012-2013) xanh ngọc tem trắng - B35P*( kiểu siêu nhân)
64600-K07-V00ZE,Bộ ốp sườn phải RSX 110cc (2013-2014) Đen tem đỏ sọc - R340*( kiểu siêu nhân)
64600-K1F-V00ZA,"Bửng ngoài trái , Cánh yếm, ốp trước, cánh gà trái Air blade (AB)150 (2020-2021) Đen Bóng *NHB25M*"
64600-K1F-V00ZB,"Bửng ngoài trái , Cánh yếm, ốp trước, cánh gà trái Air blade (AB)150 (2020-2021) Xám ghi *NHC04M*"
64600-K1F-V00ZC,"Bửng ngoài trái , Cánh yếm, ốp trước, cánh gà trái Air blade (AB)150 (2020-2021) Đỏ Đô*R368C*"
64600-K1F-V00ZD,"Bửng ngoài trái , Cánh yếm, ốp trước, cánh gà trái Air blade (AB)150 (2020-2021) Xanh mực*PB421M*"
64600-K1F-V00ZE,"Bửng ngoài trái , Cánh yếm, ốp trước, cánh gà trái Air blade (AB) 150 (2020-2021) Xanh nhám*NHC34M*"
64600-K1F-V30ZA,"Bửng ngoài trái , Cánh yếm, ốp trước, cánh gà trái Air blade (AB) 150 (2020-2021) Đen Bóng *NHB25M*"
64600-K1F-V30ZB,"Bửng ngoài trái , Cánh yếm, ốp trước, cánh gà trái Air blade (AB) 150 (2020-2021) Xám ghi *NHC04M*"
64600-K1F-V30ZC,"Bửng ngoài trái , Cánh yếm, ốp trước, cánh gà trái Air blade (AB) 150 (2020-2021) Đỏ Đô*R368C*"
64600-K1F-V30ZD,"Bửng ngoài trái , Cánh yếm, ốp trước, cánh gà trái Air blade (AB) 150 (2020-2021) Xanh mực*PB421M*"
64600-K1F-V40ZA,"Bửng ngoài trái , Cánh yếm, ốp trước, cánh gà trái Air blade (AB) 150 (2020-2021) Xanh nhám*NHC34M*"
64600-K1F-V70ZB,"Bửng ngoài trái , Cánh yếm, ốp trước, cánh gà trái Air blade (AB)150 (2021-2023) xám xi măng tem cam xmá NHC60P*"
64600-K1G-V00ZA,"Bửng ngoài trái , Cánh yếm, ốp trước, cánh gà trái  Air blade (AB) 125 (2020-2021) Trắng tem đỏ*NHB35*"
64600-K1G-V00ZB,"Bửng ngoài trái , Cánh yếm, ốp trước, cánh gà trái Air blade (AB) 125 (2020-2021) Xám bạc tem đen*NH262*"
64600-K1G-V00ZC,"Bửng ngoài trái , Cánh yếm, ốp trước, cánh gà trái Air blade (AB) 125 (2020-2021) Đỏ tem Xám*R340*"
64600-K1G-V00ZD,"Bửng ngoài trái , Cánh yếm, ốp trước, cánh gà trái Air blade (AB) 125 (2020-2021) xanh  tem đen *B189*"
64600-K1G-V10ZA,"Bửng ngoài trái , Cánh yếm, ốp trước, cánh gà trái Air blade (AB) 125 (2020-2021) Đen nhám tem đồng *A76M*"
64600-K1G-V30ZA,"Bửng ngoài trái , Cánh yếm, ốp trước, cánh gà trái  Air blade (AB) 125 (2021-2023) Trắng tem đỏ*NHB35*"
64600-K1G-V30ZB,"Bửng ngoài trái , Cánh yếm, ốp trước, cánh gà trái Air blade (AB) 125 (2021-2023) Xám bạc tem đen*NH262*"
64600-K1G-V30ZC,"Bửng ngoài trái , Cánh yếm, ốp trước, cánh gà trái Air blade (AB) 125 (2021-2023) Đỏ tem Xám*R340*"
64600-K1G-V30ZD,"Bửng ngoài trái , Cánh yếm, ốp trước, cánh gà trái Air blade (AB) 125 (2021-2023) Xanh mực tem Xám-*B421*"
64600-K1G-V40ZA,"Bửng ngoài trái , Cánh yếm, ốp trước, cánh gà trái  Air blade (AB)125 (2021-2023) Đen nhám tem đồng *A76M*"
64600-K1G-V90ZA,"Bửng ngoài trái , Cánh yếm, ốp trước, cánh gà trái  Air blade (AB) 125 (2021-2023) xám xi măng tem cam đen NHC60P*"
64600-K27-630ZA,"Bửng ngoài trái , Cánh yếm, ốp trước, cánh gà trái  Air blade(AB)125 (2013-2015) Đen Nhám - A76M*"
64600-K27-V00ZD,"Bửng ngoài trái , Cánh yếm, ốp trước, cánh gà trái  Air blade(AB)125 (2013-2015) Đỏ -340C*"
64600-K27-V00ZF,"Bửng ngoài trái , Cánh yếm, ốp trước, cánh gà trái  Air blade(AB)125 (2013-2015) Trắng- A62X*"
64600-K27-V10ZC,"Bửng ngoài trái , Cánh yếm, ốp trước, cánh gà trái  Air blade(AB)125 (2013-2015) đen tem đỏ -340B*"
64600-K27-V10ZD,"Bửng ngoài trái , Cánh yếm, ốp trước, cánh gà trái  Air blade(AB)125 (2013-2015) trắng tem đỏ -R340X*"
64600-K27-V10ZE,"Bửng ngoài trái , Cánh yếm, ốp trước, cánh gà trái  Air blade(AB)125 (2013-2015)đen tem đồng -Y208*"
64600-K27-V20ZA,"Bửng ngoài trái , Cánh yếm, ốp trước, cánh gà trái  Air blade(AB)125 (2013-2015) xám 3d -B51M*"
64600-K27-V20ZB,"Bửng ngoài trái , Cánh yếm, ốp trước, cánh gà trái Air blade(AB)125 (2013-2015) đồng 3d -R219M*"
64600-K27-V60ZA,"Bửng ngoài trái , Cánh yếm, ốp trước, cánh gà trái  blade(AB)125 (2013-2015) đen tem xám -A62B*"
64600-K27-V60ZB,"Bửng ngoài trái , Cánh yếm, ốp trước, cánh gà trái Air blade(AB)125 (2013-2015) đen tem cam 322*"
64600-K27-V60ZC,"Bửng ngoài trái , Cánh yếm, ốp trước, cánh gà trái Air blade(AB)125 (2013-2015)trắng tem xám -A62X*"
64600-K27-V60ZD,"Bửng ngoài trái , Cánh yếm, ốp trước, cánh gà trái Air blade(AB)125 (2013-2015) đen tem đồng-Y208*"
64600-K27-V60ZE,"Bửng ngoài trái , Cánh yếm, ốp trước, cánh gà trái Air blade(AB)125 (2013-2015) đen tem đỏ -340*"
64600-K2P-V00ZA,"Bửng ngoài phải , Cánh yếm, ốp trước, cánh gà phải Winner X-V2 (2019-2021) xám tem đỏ-B56M*"
64600-K2P-V10ZA,Bộ ốp sườn phải *TYPE4* *NHB25H*
64600-K2P-V10ZB,Bộ ốp sườn phải *TYPE3* *NHB25B*
64600-K2P-V10ZC,Bộ ốp sườn phải *TYPE2* *PB421*
64600-K2P-V10ZD,Bộ ốp sườn phải *TYPE1* *R389*
64600-K2P-V40ZA,Bộ ốp sườn phải *TYPE2 1* *R340*
64600-K2P-V40ZC,Bộ ốp sườn phải *TYPE1 1* *PB406*
64600-K2P-V50ZB,Bộ ốp trước phải *NHB25M*
64600-K2P-V60ZA,Bộ ốp trước phải *NHB56*
64600-K2P-V60ZB,Bộ ốp trước phải *NHB55*
64600-K2P-V60ZC,Bộ ốp trước phải *NHB25*
64600-K2P-V60ZD,Bộ ốp trước phải *R389*
64600-K2P-V70ZA,Bộ ốp trước phải *NHB18*
64600-K2P-V70ZB,Bộ ốp trước phải *R406*
64600-K2P-V70ZC,Bộ ốp trước phải *NHA76*
64600-K2P-V80ZA,Bộ ốp trước phải *R389*
64600-K2P-VD0ZA,Bộ ốp trước phải *R389*
64600-K2P-VE0ZA,Bộ ốp trước phải *NHB25M*
64600-K2P-VE0ZB,Bộ ốp trước phải *NHB25M*
64600-K2P-VE0ZC,0
64600-K2P-VE0ZD,0
64600-K2P-VE0ZE,0
64600-K2P-VG0ZA,Bộ ốp trước phải *R389*
64600-K2Z-V00ZA,Mặt nạ trước trái *NHB25*
64600-K2Z-V00ZC,Mặt nạ trước trái *R368*
64600-K2Z-V00ZD,Mặt nạ trước trái *PB426*
64600-K2Z-V10ZA,Mặt nạ trước trái *NHC34*
64600-K2Z-V40ZA,Mặt Nạ Trước Trái *Nhb25M*
64600-K2Z-V70ZA,0
64600-K35-V10ZB,Bộ ốp trước bên trái*NHA76M*
64600-K35-V30ZA,Bộ ốp trước bên trái *NHB18M*
64600-K35-V30ZC,Bộ ốp trước bên trái *G208M*
64600-K3A-V00ZC,BỬNG TRÁI AIR 2023 ĐỎ
64600-K3A-V00ZD,bửng trái air 2023 xanh mực 421
64600-K3A-V10ZA,bửng trái air 2023 đen nhám
64600-K3A-V40ZA,#N/A
64600-K3A-V40ZB,Mặt Nạ Trước Trái *Type1*
64600-K3A-V50ZA,#N/A
64600-K3A-V50ZB,#N/A
64600-K3A-V70ZA,#N/A
64600-K56-V00ZA,bửng phải winner trắng tem xám
64600-K56-V00ZB,bửng phải winner đỏ
64600-K56-V00ZC,bửng phải winner đen tem cam
64600-K56-V00ZD,bửng phải winner đen tem vàng
64600-K56-V00ZE,bửng phải winner xanh
64600-K56-V20ZA,0
64600-K56-V20ZB,bửng phải winer xanh nhám
64600-K56-V30ZB,bửng phải winner vàng ( V30 )
64600-K56-V30ZC,bửng phải winner xanh ( V30 )
64600-K56-V30ZD,bửng phải winner trắng tem đen
64600-K56-V30ZE,bửng phải winner đỏ tem trắng
64600-K56-V40ZC,bửng phải winner đen nhám tem đỏ
64600-K56-V50ZA,"Bộ ốp yếm sau phải *NHA76H, NHA76T*"
64600-K56-V50ZB,Bộ ốp yếm sau phải *NHA40*
64600-K56-V50ZC,Bộ ốp yếm sau phải *PB421*
64600-K56-V50ZE,Bộ ốp yếm sau phải *R389*
64600-K56-V60ZA,Bộ ốp yếm sau phải *NHA76*
64600-K56-V70ZB,Bộ ốp yếm sau phải *R389*
64600-K56-V80ZA,Bộ ốp yếm sau phải *R340*
64600-K56-V80ZB,0
64600-K56-V90ZA,Bộ ốp yếm sau phải *NHA76M*
64600-K57-A00ZA,Bộ ốp sườn phải *NHB55*
64600-K57-A00ZB,Bộ ốp sườn phải *R340*
64600-K57-A00ZC,Bộ ốp sườn phải *NHB25*
64600-K57-A20ZA,Bộ ốp sườn phải *B189*
64600-K57-A20ZB,Bộ ốp sườn phải *NHB55*
64600-K57-A20ZC,Bộ ốp sườn phải *R340*
64600-K57-A20ZD,Bộ ốp sườn phải *NHB25*
64600-K57-A30ZA,Bộ ốp sườn phải *NHB55P*
64600-K57-A30ZC,Bộ ốp sườn phải *NHB25M*
64600-K57-A50ZA,Bộ ốp sườn phải *B189C*
64600-K57-A50ZB,Bộ ốp sườn phải *NHB55P*
64600-K57-A50ZC,Bộ ốp sườn phải *R340C*
64600-K57-A50ZD,Bộ ốp sườn phải *NHB25M*
64600-K57-A60ZA,Bộ ốp sườn phải *NHB55P*
64600-K57-A70ZA,Bộ ốp sườn phải *B189C*
64600-K57-A70ZB,Bộ ốp sườn phải *R340C*
64600-K57-A70ZC,Bộ ốp sườn phải *NHB25M*
64600-K57-A90ZA,Bộ ốp sườn phải *B189C*
64600-K57-A90ZB,Bộ ốp sườn phải *NHB55P*
64600-K57-A90ZC,0
64600-K57-A90ZD,Bộ ốp sườn phải *NHA76M*
64600-K57-AB0ZA,Bộ ốp sườn phải *TYPE3* *B189*
64600-K57-AB0ZB,Bộ ốp sườn phải *TYPE2* *R340*
64600-K57-AB0ZC,Bộ ốp sườn phải *TYPE1* *NHB25*
64600-K57-AC0ZA,Bộ ốp sườn phải *TYPE4* *B189*
64600-K57-AC0ZB,Bộ ốp sườn phải *TYPE3* *NHB55*
64600-K57-AC0ZC,Bộ ốp sườn phải *TYPE2* *R340*
64600-K57-AC0ZD,Bộ ốp sườn phải *TYPE1* *NHB25*
64600-K57-AD0ZA,Bộ ốp sườn phải*NHA76M*
64600-K57-AE0ZA,Bộ ốp sườn phải*NHB25M*
64600-K57-AE0ZB,Bộ ốp sườn phải*NHB25M*
64600-K57-AF0ZA,Sườn phải W Blade Đen nhám tem xanh (AF0) ( p/bản thể thao )
64600-K57-AF0ZB,Sườn phải W Blade Đen nhám tem đỏ (AF0) ( p/bản thể thao )
64600-K57-AF0ZC,Sườn phải W Blade Đen nhám tem vàng (AF0)( p/bản thể thao )
64600-K57-V00ZA,Bộ ốp sườn phải
64600-K57-V00ZB,Bộ ốp sườn phải
64600-K57-V10ZA,Bộ ốp sườn phải
64600-K57-V10ZB,Bộ ốp sườn phải
64600-K57-V10ZC,Bộ ốp sườn phải
64600-K57-V20ZA,Bộ ốp sườn phải
64600-K57-V20ZB,Bộ ốp sườn phải
64600-K57-V20ZC,Bộ ốp sườn phải
64600-K57-V20ZD,Bộ ốp sườn phải
64600-K57-V50ZA,Bộ ốp sườn phải *NHB55P*
64600-K57-V50ZB,Bộ ốp sườn phải *R340C*
64600-K57-V80ZB,Bộ ốp sườn phải *YR322C*
64600-K57-V80ZC,Bộ ốp sườn phải *NHB25M*
64600-K57-V80ZD,Bộ ốp sườn phải *R340C*
64600-K66-V00ZA,bửng trái air 2016 đen tem cam
64600-K66-V00ZB,bửng trái air 2016 đen tem trắng
64600-K66-V00ZC,bửng trái air 2016 đen tem xám
64600-K66-V00ZD,bửng trái air 2016 đen tem đỏ
64600-K66-V10ZA,bửng trái air 2016 đen tem
64600-K66-V10ZB,bửng trái air 2016 trắng tem
64600-K66-V10ZC,bửng trái air 2016 mực tem
64600-K66-V10ZD,bửng trái air 2016 đỏ tem
64600-K66-V90ZA,bửng trái air 2016 đen nhám
64600-K66-VE0ZA,bửng trái air 2016 đen tem xanh ( VE0 )
64600-K66-VE0ZB,Bộ ốp trước bên trái *TYPE3*
64600-K66-VE0ZC,Bộ ốp trước bên trái *TYPE2*
64600-K66-VE0ZD,Bộ ốp trước bên trái *TYPE1*
64600-K66-VF0ZB,Bộ ốp trước bên trái *NHB86M*
64600-K66-VF0ZD,Bộ ốp trước bên trái *NHB25M*
64600-K66-VF0ZF,Bộ ốp trước bên trái *PB390M*
64600-K66-VF0ZG,Bộ ốp trước bên trái *R340C*
64600-K66-VG0ZA,Bộ ốp trước bên trái *NHA76M*
64600-K66-VN0ZA,Bộ ốp trước bên trái *B189C*
64600-K66-VN0ZB,Bộ ốp trước bên trái *NHB35P*
64600-K66-VN0ZC,Bộ ốp trước bên trái *NHA62M*
64600-K66-VN0ZD,Bộ ốp trước bên trái *R340C*
64600-K66-VP0ZA,Bộ ốp trước bên trái *NHB86M*
64600-K66-VP0ZB,Bộ ốp trước bên trái *NHB25M*
64600-K66-VP0ZD,Bộ ốp trước bên trái *R340C*
64600-K66-VP0ZE,Bộ ốp trước bên trái *PB421M*
64600-K66-VQ0ZA,0
64600-K73-V00ZA,Bộ ốp sườn phải *PB389M*
64600-K73-V00ZC,Bộ ốp sườn phải *R340C*
64600-K73-V00ZD,Bộ ốp sườn phải *NHB25K*
64600-K73-V00ZE,Bộ ốp sườn phải *YR303M*
64600-K73-V00ZF,Bộ ốp sườn phải *NHB25E*
64600-K73-V40ZA,Bộ ốp sườn phải *NHA62M*
64600-K73-V40ZB,Bộ ốp sườn phải *R340C*
64600-K73-V40ZC,Bộ ốp sườn phải *NHB25M*
64600-K73-V50ZA,Bộ ốp sườn phải *YR303M*
64600-K73-V50ZB,Bộ ốp sườn phải *PB389M*
64600-K73-V50ZC,Bộ ốp sườn phải *R350C*
64600-K73-V50ZD,Bộ ốp sườn phải *NHA76M*
64600-K73-V60ZA,#N/A
64600-K73-V70ZA,Bộ ốp sườn phải *YR303M*
64600-K73-V70ZB,Bộ ốp sườn phải *R350C*
64600-K73-V70ZC,Bộ ốp sườn phải *PB389M*
64600-K73-V70ZD,Bộ ốp sườn phải *NHB55P*
64600-K73-V70ZE,Bộ ốp sườn phải *NHA76M*
64600-K73-V70ZF,Bộ ốp sườn phải *NH193P*
64600-K73-V70ZG,Bộ ốp sườn phải *NHB24M*
64600-K73-V80ZA,Bộ ốp sườn phải *TYPE2*
64600-K73-V80ZB,Bộ ốp sườn phải *TYPE1*
64600-K73-VA0ZA,Bộ ốp sườn phải *R350*
64600-K73-VA0ZB,Bộ Ốp Sườn Phải *Pb389*
64600-K73-VB0ZC,Bộ ốp sườn phải *NH193*
64600-K73-VB0ZD,Bộ ốp sườn phải *PB389*
64600-K73-VB0ZE,Bộ ốp sườn phải *R350*
64600-K73-VB0ZF,Ốp sườn phải *NHC34*
64600-K73-VB0ZG,Ốp sườn phải *NHA76*
64600-K73-VD0ZA,Bộ ốp sườn phải *PB421M*
64600-K73-VE0ZA,Bộ Ốp Sườn Phải *Nhc34M*
64600-K73-VE0ZB,Bộ Ốp Sườn Phải *Nha76M*
64600-K73-VE0ZC,Bộ Ốp Sườn Phải *Nhb55P*
64600-K73-VE0ZD,Bộ ốp sườn phải *PB421M*
64600-K73-VE0ZE,Bộ ốp sườn phải *R368C*
64600-K89-V00ZA,Bộ ốp sườn phải *GY150*
64600-K89-V00ZB,Bộ ốp sườn phải *B203*
64600-K89-V00ZC,Bộ ốp sườn phải *NHB55*
64600-K89-V00ZD,Bộ ốp sườn phải *NHB25*
64600-K89-V00ZE,Bộ ốp sườn phải *R263*
64600-K89-V20ZB,Bộ ốp sườn phải *B203M*
64600-K89-V20ZD,#N/A
64600-K89-V20ZE,Bộ ốp sườn phải *R263*
64600-K89-V30ZA,Bộ ốp sườn phải *PB421M*
64600-K89-V30ZD,0
64600-K89-V30ZE,Bộ ốp sườn phải *NHB25M*
64600-K89-V40ZA,Bộ ốp sườn phải *YR322C*
64600-K89-V50ZA,Bộ ốp sườn phải *TYPE5* *PB421*
64600-K89-V50ZB,Bộ ốp sườn phải *TYPE4* *B203*
64600-K89-V50ZC,Bộ ốp sườn phải *TYPE3* *NHB55*
64600-K89-V50ZD,Bộ ốp sườn phải *TYPE2* *NHB25*
64600-K89-V50ZE,Bộ ốp sườn phải *TYPE1* *R263*
64600-K89-V60ZA,Bộ ốp sườn phải *R263*
64600-K89-V70ZA,sườn phải W@ 2022 đen nhám (V70)
64600-K89-V70ZC,0
64600-K89-V70ZD,Bộ ốp sườn phải *NHB55*
64600-K89-V70ZE,Bộ ốp sườn phải *R389*
64600-K89-V90ZA,Bộ ốp sườn phải *PB421M*
64600-K89-V90ZB,Bộ ốp sườn phải *NHB55P*
64600-K89-V90ZC,Bộ ốp sườn phải *R389*
64600-K89-V90ZD,Bộ ốp sườn phải *NHA76M*
64600-K89-VB0ZA,Sườn phải W@ 2022 kem *Y229P*
64600-K89-VB0ZB,Bộ ốp sườn phải *NHC60P*
64600-K89-VD0ZA,"SET ILLUST,R BODY COVER"
64600-K89-VD0ZB,"SET ILLUST,R BODY COVER"
64600-K90-920ZA,Bộ ốp sườn phải *NHB55P*
64600-K90-920ZB,Bộ ốp sườn phải *NHB25M*
64600-K90-920ZC,Bộ ốp sườn phải *B142P*
64600-K90-920ZD,Bộ ốp sườn phải *R340C*
64600-K90-940ZA,Bộ ốp sườn phải *NHB55*
64600-K90-940ZB,Bộ ốp sườn phải *NHB25*
64600-K90-940ZC,Bộ ốp sườn phải *B142*
64600-K90-940ZD,Bộ ốp sườn phải *R340*
64600-K90-V00ZB,Bộ ốp sườn phải *NHB55P*
64600-K90-V00ZD,Bộ ốp sườn phải *R340C*
64600-K90-V00ZE,Bộ ốp sườn phải *B189*
64600-K90-V20ZA,Bộ ốp sườn phải *NHB55P*
64600-K90-V20ZC,Bộ ốp sườn phải *R340 & NHA76*
64600-K90-V20ZD,Bộ ốp sườn phải *B189*
64600-K90-V60ZB,Bộ ốp sườn phải *NHB55*
64600-K90-V80ZD,Bộ ốp sườn phải *B189*
64600-K90-V90ZC,Bộ ốp sườn phải *R340C*
64600-K90-VB0ZA,Bộ ốp sườn phải *NHB83M*
64600-K90-VB0ZB,Bộ ốp sườn phải *NHB55P*
64600-K90-VB0ZC,Bộ ốp sườn phải *R340C*
64600-K90-VB0ZD,Bộ ốp sườn phải *B189C*
64600-K90-VC0ZA,Bộ ốp sườn phải *NHB83*
64600-K90-VC0ZB,Bộ ốp sườn phải *NHB55*
64600-K90-VC0ZC,Bộ ốp sườn phải *R340*
64600-K90-VC0ZD,Bộ ốp sườn phải *B189*
64600-K90-VE0ZA,Bộ ốp sườn phải *PB420M*
64600-K90-VE0ZB,Bộ ốp sườn phải *NHB83*
64600-K90-VE0ZC,Bộ ốp sườn phải *NHB55*
64600-K90-VE0ZD,Bộ ốp sườn phải *R340*
64600-K90-VE0ZE,Bộ ốp sườn phải *B189*
64600-K90-VG0ZA,Bộ ốp sườn phải *TYPE4* *NHB83*
64600-K90-VG0ZB,Bộ ốp sườn phải *TYPE3* *NHB55*
64600-K90-VG0ZC,Bộ ốp sườn phải *TYPE2* *R340*
64600-K90-VG0ZD,Bộ ốp sườn phải *TYPE1* *B189*
64600-K90-VH0ZA,Bộ ốp sườn phải *TYPE4* *PB420*
64600-K90-VH0ZB,Bộ ốp sườn phải *TYPE3* *NHB55*
64600-K90-VH0ZC,Bộ ốp sườn phải *TYPE2* *R340*
64600-K90-VH0ZD,Bộ ốp sườn phải *TYPE1* *B189*
64600-K90-VJ0ZB,Bộ ốp sườn phải *NHA76*
64600-K90-VK0ZB,Bộ ốp sườn phải *R389*
64600-K90-VL0ZA,Bộ ốp sườn phải *NHA76M*
64600-K90-VL0ZB,Bộ ốp sườn phải *NHA76M*
64600-K90-VL0ZC,Bộ ốp sườn phải *NHA76M*
64600-K90-VM0ZA,#N/A
64600-K90-VM0ZC,Bộ Ốp Sườn Phải *Nhb25M*
64600-K90-VM0ZD,0
64600-K90-VP0ZA,"Bộ ốp sườn phải ,ốp thân phải  *NHA76M*"
64600-K90-VP0ZB,Bộ ốp sườn phải *NHA76M*
64600-K90-VP0ZC,Bộ ốp sườn phải *NHA76M*
64600-KFL-710ZB,"Bộ ốp sườn phải ,ốp thân phải Future 110(1999-2004) Xanh nhớt( lục) -B142*"
64600-KFL-830ZA,"Bộ ốp sườn phải ,ốp thân phải Future 110(1999-2004) xanh Mực đậm -171MU*"
64600-KFL-830ZB,"Bộ ốp sườn phải ,ốp thân phải Future 110(1999-2004) Xanh ngọc -154M*"
64600-KFL-830ZC,"Bộ ốp sườn phải ,ốp thân phải Future 110(1999-2004) Xám Ghi -183M*"
64600-KFL-830ZD,"Bộ ốp sườn phải ,ốp thân phải Future 110(1999-2004) Đỏ Tươi -R263*"
64600-KFL-830ZE,"Bộ ốp sườn phải ,ốp thân phải Future 110(1999-2004) Đỏ Đô -R203M*"
64600-KRS-860ZF,Bộ ốp sườn phải Wave alpha nhỏ 100cc (2004-2005) Xanh nhớt( lục) có Tem -B142*
64600-KRS-860ZG,Bộ ốp sườn phải Wave alpha nhỏ 100cc (2004-2005) Xanh Nhạt Ghi có tem-B141M*
64600-KRS-860ZH,Bộ ốp sườn phải Wave alpha nhỏ 100cc (2004-2005) Xanh Mực đậm có tem -171MU*
64600-KRS-860ZJ,Bộ ốp sườn phải Wave alpha nhỏ 100cc (2004-2005)  Đỏ Đô có tem -R203M*
64600-KRS-900ZE,Bộ ốp sườn phải Wave alpha nhỏ 100cc (2001-2003)  BẠC có tem -411M*
64600-KRS-900ZF,Bộ ốp sườn phải Wave alpha nhỏ 100cc (2001-2003) Đỏ Đô có tem -R203M*
64600-KRS-900ZG,Bộ ốp sườn phải Wave alpha nhỏ 100cc (2001-2003) Xanh nhớt( lục) có Tem -B142*
64600-KRS-900ZH,Bộ ốp sườn phải Wave alpha nhỏ 100cc (2001-2003) Xanh Ngọc có tem -B305P*
64600-KRS-900ZJ,Bộ ốp sườn phải Wave alpha nhỏ 100cc (2001-2003) Xanh Mực đậm có tem -171MU*
64600-KTL-640ZC,Bộ ốp sườn phải Wave RS 100 (2005-2007) đỏ tươi-R263*
64600-KTL-640ZD,Bộ ốp sườn phải Wave RS 100 (2005-2007) VÀNG-Y106*
64600-KTL-640ZE,Bộ ốp sườn phải Wave RS 100 (2005-2007) Xanh Ngọc -132M*
64600-KTL-670ZB,Bộ ốp sườn phải Wave RS 100 (2005-2007) XANH Mực rsv sepsol -373M*
64600-KTL-680ZL,Bộ ốp sườn phải Wave (A) cá 100 (2005-2012) XANH Lá -107M*
64600-KTL-680ZU,Bộ ốp sườn phải Wave (A) cá 100 (2005-2012) ĐỎ -R161M*
64600-KTL-780ZA,Bộ ốp sườn phải Wave ZX 100cc (2004-2005) trắng tem-193P*
64600-KTL-780ZB,Bộ ốp sườn phải Wave ZX 100cc (2004-2005)  Đỏ tươi tem -263M*
64600-KTL-780ZC,Bộ ốp sườn phải Wave ZX 100cc (2004-2005) tím tem-138M*
64600-KTL-790ZA,Bộ ốp sườn phải Wave alpha nhỏ 100cc (2004-2005) đỏvtươi có tem *R263*M
64600-KTM-900ZB,"Bộ ốp sườn phải ,ốp thân phải Future II (125cc)(2004-2005) ĐỎ -161P*"
64600-KTM-900ZD,"Bộ ốp sườn phải ,ốp thân phải Future II (125cc)(2004-2005) TÍM Cà -138M*"
64600-KTM-970ZB,"Bộ ốp sườn phải ,ốp thân phải Future Neo 125 (2005-2008) Xanh lá mạ Đĩa-194M*"
64600-KTM-980ZA,"Bộ ốp sườn phải ,ốp thân phải Future Neo 125 GT (2005-2008)  ĐỎ -R315C*"
64600-KTM-980ZB,"Bộ ốp sườn phải ,ốp thân phải Future Neo 125 GT (2005-2008) TRẮNG -193P*"
64600-KVG-950ZD,"bửng ngoài trái , Cánh yếm, ốp trước trái Air blade 110 (2007-2008) đen bóng -N69P*"
64600-KVG-950ZE,"bửng ngoài trái , Cánh yếm, ốp trước trái Air blade 110 (2007) ĐỎ - 313C*"
64600-KVG-950ZF,"bửng ngoài trái , Cánh yếm, ốp trước trái Air blade 110 (2007) TRẮNG -A96P*"
64600-KVG-B20ZB,"bửng ngoài trái , Cánh yếm, ốp trước trái Air blade 110 (2007) Đồng 3D hoa văn -Y209M*"
64600-KVG-V00ZA,"bửng ngoài trái , Cánh yếm, ốp trước trái  Air blade 110 (2007-2008) cam sepsol -R271*"
64600-KVG-V10ZA,"bửng ngoài trái , Cánh yếm, ốp trước trái  Air blade 110 (2008)  Xanh Mực tem -383M*"
64600-KVG-V10ZB,"bửng ngoài trái , Cánh yếm, ốp trước trái Air blade 110 (2008) ĐỎ tem- 313C*"
64600-KVG-V10ZC,"bửng ngoài trái , Cánh yếm, ốp trước trái  Air blade 110 (2008) Trắng tem-A96P*"
64600-KVG-V20ZA,"bửng ngoài trái , Cánh yếm, ốp trước trái Air blade 110 Fi (2009-2010) ĐEN Bóng -NHA69P*"
64600-KVG-V20ZB,"bửng ngoài trái , Cánh yếm, ốp trước trái Air blade 110 Fi (2009-2010)TRẮNG -A96P*"
64600-KVG-V20ZC,"bửng ngoài trái , Cánh yếm, ốp trước trái Air blade 110 Fi (2009-2010) ĐỎ - 313C*"
64600-KVG-V40ZA,"bửng ngoài trái , Cánh yếm, ốp trướctrái Air blade (AB)110 Fi (2011-2012) ĐỎ -R340C* mẫu đầu bò mập"
64600-KVG-V40ZB,"bửng ngoài trái , Cánh yếm, ốp trước trái Air blade (AB)110 Fi (2011-2012) TRẮNG -B35P* mẫu đầu bò mập"
64600-KVG-V40ZC,"bửng ngoài trái , Cánh yếm, ốp trước trái Air blade (AB)110 Fi (2011-2012) ĐEN Bóng -NH25M* mẫu đầu bò mập"
64600-KVG-V50ZA,"bửng ngoài trái , Cánh yếm, ốp trước trái Air blade (AB)110 Fi (2011-2012) TRẮNG tem -B35P* mẫu đầu bò mập"
64600-KVG-V50ZB,"bửng ngoài trái , Cánh yếm, ốp trước trái Air blade (AB)110 Fi (2011-2012) ĐEN tem -NH25M* mẫu đầu bò mập"
64600-KVG-V60ZB,"bửng ngoài trái , Cánh yếm, ốp trước trái Air blade (AB)110 Fi (2011-2012) ĐỒNG 3D -Y209*mẫu đầu bò mập"
64600-KVG-V80ZB,"bửng ngoài trái , Cánh yếm, ốp trước trái Air blade (AB)110 Fi (2011-2012) trắng tem đỏ -B35K*"
64600-KVG-V80ZC,"bửng ngoài trái , Cánh yếm, ốp trước trái Air blade (AB)110 Fi (2011-2012) đen tem đỏ -B25K*"
64600-KVG-V80ZD,"bửng ngoài trái , Cánh yếm, ốp trước trái Air blade (AB)110 Fi (2011-2012) đen tem đồng -B25F*"
64600-KVL-940ZA,"Bộ Ốp sườn phải , bụng sau phải Future Neo 125 FI (2005-2008) ĐỎ -R315C*"
64600-KVL-940ZB,"Bộ Ốp sườn phải , bụng sau phải Future Neo 125 FI (2005-2008) ĐEN Bóng-A69P*"
64600-KVL-940ZC,"Bộ Ốp sườn phải , bụng sau phải Future Neo 125 FI (2005-2008) TRẮNG -A96P*"
64600-KVL-V00ZA,"Bộ Ốp sườn phải , bụng sau phải Future Neo 125 (2005-2008) ĐỎ -R313C*"
64600-KVL-V00ZC,"Bộ Ốp sườn phải , bụng sau phải Future Neo 125 (2005-2008) Xanh MỰC-368P*"
64600-KVL-V00ZD,"Bộ Ốp sườn phải , bụng sau phải Future Neo 125 (2005-2008) BẠC -411M*"
64600-KVL-V00ZE,"Bộ Ốp sườn phải , bụng sau phải Future Neo 125 (2005-2008) Xanh Mực đậm -373M*"
64600-KVL-V00ZF,"Bộ Ốp sườn phải , bụng sau phải Future Neo 125 (2005-2008) ĐEN Bóng-A69P*"
64600-KVL-V30ZA,"Bộ Ốp sườn phải , bụng sau phải Future Neo 125 (2005-2008) ĐỎ vành đúc -R313C*"
64600-KVL-V30ZE,"Bộ Ốp sườn phải , bụng sau phải Future Neo 125 (2005-2008) ĐEN Bóng vành đúc-A69P*"
64600-KVR-880ZA,"Bộ Ốp sườn phải , bụng sau phải Wave S100 (2005-2007) Màu ĐEN -A69P*"
64600-KVR-880ZB,"Bộ Ốp sườn phải , bụng sau phải Wave S100 (2005-2007) Màu Đỏ -313C*"
64600-KVR-880ZE,"Bộ Ốp sườn phải , bụng sau phải Wave S100 (2005-2007) Màu xanh mực -B373M*"
64600-KVR-910ZB,"Bộ Ốp sườn phải , bụng sau phải Wave A 100 (2006-2010)  Màu ĐEN -A69P*"
64600-KVR-920ZD,#N/A
64600-KVR-920ZE,0
64600-KVR-V40ZD,"Bộ Ốp sườn phải , bụng sau phải Wave S100 (2005-2007) Màu xanh mực -B373M*"
64600-KVR-V60ZA,"Ốp sườn phải , bụng sau phải Wave RSX 100 (2007-2008) Xanh Mực-B383M*( đời mắt phượng)"
64600-KVR-V60ZB,"Ốp sườn phải , bụng sau phải Wave RSX 100 (2007-2008) Đỏ -R315P*( đời mắt phượng)"
64600-KVR-V60ZC,"Ốp sườn phải , bụng sau phải Wave RSX 100 (2007-2008) TRẮNG -A96P*( đời mắt phượng)"
64600-KVR-V60ZD,"Ốp sườn phải , bụng sau phải Wave RSX 100 (2007-2008) Xanh Ngọc-B206M*( đời mắt phượng)"
64600-KVR-V80ZA,"Ốp sườn phải , bụng sau phải Wave RSX 100 (2007-2008) Xanh Mực-B383M*( đời mắt phượng)"
64600-KWW-B10ZA,"Ốp sườn phải , bụng sau phải Wave RS 110(2009-2010) Đỏ tươi - R263"
64600-KWW-B10ZC,"Ốp sườn phải , bụng sau phải Wave RS 110(2009-2010) Xanh ngọc - B206M"
64600-KWW-B20ZA,"ốp sườn  phải , bụng sau  phải Wave S110 (2009-2011) ĐỎ - 313C*"
64600-KWW-B20ZB,"ốp sườn  phải , bụng sau  phải  Wave S110 (2009-2011) ĐEN *NHA69P*"
64600-KWW-B20ZC,"ốp sườn  phải , bụng sau  phải  Wave S110 (2009-2011) MỰC - *PB373M*"
64600-KWW-B20ZD,"ốp sườn  phải , bụng sau  phải  Wave S110 (2009-2011) BẠC - *NH411M*"
64600-KWW-C60ZD,"ốp sườn sau bên phải, bụng sau phải Wave RS 110(2009-2010) Đỏ tươi tem ngôi sao - R263*"
64600-KWW-E00ZD,"ốp sườn sau bên phải, bụng sau phải Wave RS 110(2010-2013) Đỏ tươi  tem xọc- R263"
64600-KWW-E20ZA," ốp sườn sau bên trái, bụng saut rái Wave S 110(2012-2013) Trắng Mỏ chu - B35*"
64600-KWW-E20ZB,"ốp sườn sau bên trái, bụng sau trái Wave Wave S110(2012-2013) BẠC mỏ chu- 411M*"
64600-KWW-E20ZC," ốp sườn sau bên phải, bụng sau trái Wave S110(2012-2013) Xanh Mực mỏ chu - B373M*"
64600-KWW-E20ZD," ốp sườn sau bên phải, bụng sau phải Wave S110(2012-2013) Đen mỏ chu- 25M*"
64600-KWW-E20ZE,"ốp sườn sau bên phải, bụng sau phải Wave S110(2012-2013)  ĐỎ mỏ chu - 340C*"
64600-KWW-M00ZA,"ốp sườn sau bên phải, bụng sau phải Wave S110(2011-2013) Trắng tem hoa văn  - B35B*"
64600-KWW-M00ZB,"ốp sườn sau bên phải, bụng sau phải Wave S110(2011-2013) ĐỎ tem hoa văn  - R340B*-"
64600-KWW-V00ZA,"ốp sườn sau bên phải, bụng sau phải Wave RSX 110(2009-2010) ĐEN tem *NHA69P*"
64600-KWW-V00ZB,"ốp sườn sau bên phải, bụng sau phải Wave RSX 110(2009-2010) ĐỎ  tem- 313C*"
64600-KWW-V00ZC,"ốp sườn sau bên phải, bụng sau phải Wave RSX 110(2009-2010) Xanh ngọc tem - B206M"
64600-KWW-V00ZD,"ốp sườn sau bên phải, bụng sau phải Wave RSX 110(2009-2010) TRẮNG tem - A96P*"
64600-KWY-840ZA,"Bộ Ốp sườn phải , bụng sau phải Wave S100 (2008-2009) Màu Đỏ -313C*"
64600-KWY-860ZA,Bộ ốp sườn phải Wave RS 100 (2008-2009) đỏ tươi-R263*
64600-KWY-860ZB,Bộ ốp sườn phải Wave RS 100 (2008-2009) Xanh ngọc  - B206M
64600-KWY-940ZC,#N/A
64600-KWY-A00ZD,#N/A
64600-KWY-A20ZB,Bộ ốp sườn phải Wave (A) cá 100 (2011-2012) đồng Y208*
64600-KWY-A30ZA,Bộ ốp sườn phải Wave (A) cá 100 (2013-2015) Xám tem tổ ong -NH262*
64600-KWY-A30ZB,Bộ ốp sườn phải Wave (A) cá 100 (2013-2015)  XANH Ngọc tem tổ ong-203M*
64600-KWY-A30ZC,Bộ ốp sườn phải Wave (A) cá 100 (2013-2015) TRẮNG  tem tổ ong-NH55P*
64600-KWY-A30ZD,Bộ ốp sườn phải Wave (A) cá 100 (2013-2015) Đentem tổ ong- B25M*
64600-KWY-A30ZE,Bộ ốp sườn phải Wave (A) cá 100 (2013-2015) Đỏ tươi tem tổ ong- R263
64600-KWY-A40ZA,Bộ ốp sườn phải Wave (A) cá 100 (2013-2015) Màu CAM tem tổ ong -R322C*
64600-KWY-A40ZB,Bộ ốp sườn phải Wave (A) cá 100 (2013-2015)  XANH Ngọc tem tổ ong-203M*
64600-KYL-720ZC,Bộ ốp sườn phải Future X (2010-2011) ĐEN Bóng-25M
64600-KYL-840ZA,Bộ ốp sườn phải Future X FI (2010-2011) ĐEN tem đồng-25M
64600-KYL-840ZB,Bộ ốp sườn phải Future X FI (2010-2011) Đỏ tem đồng -R340C*
64600-KYL-840ZC,"Bộ ốp sườn phải Future X, Future X FI (2010-2011) Trắng tem đồng-A96P*"
64600-KYL-860ZA,Bộ ốp sườn phải *NHA62M*
64600-KYL-860ZB,Bộ ốp sườn phải *R340C*
64600-KYL-900ZA,Bộ ốp sườn phải *NHA69P*
64600-KYL-900ZB,Bộ ốp sườn phải *R313C*
64600-KYL-900ZC,sườn phải neo fi 2009 trắng *NHA96P*
64600-KYL-920ZA,Bộ ốp sườn phải *NHA69P*
64600-KYL-920ZB,Bộ ốp sườn phải *R313C*
64600-KYL-920ZD,Bộ ốp sườn phải *B206M*
64600-KYZ-G00ZA,Bộ ốp sườn phải *TYPE5*
64600-KYZ-G00ZB,Bộ ốp sườn phải *TYPE4*
64600-KYZ-G00ZC,Bộ ốp sườn phải *TYPE3*
64600-KYZ-G00ZD,Bộ ốp sườn phải *TYPE2*
64600-KYZ-G00ZE,Bộ ốp sườn phải *TYPE1*
64600-KYZ-V00ZB,B? ?P SÝ?N PH?I *PB373*
64600-KYZ-V00ZE,0
64600-KYZ-V00ZF,B? ?P SÝ?N PH?I *NHB25*
64600-KYZ-V00ZL,sườn phải fu 125 đỏ
64600-KYZ-V20ZA,B? ?P SÝ?N PH?I *PB373*
64600-KYZ-V20ZC,B? ?P SÝ?N PH?I *NHB35*
64600-KYZ-V20ZD,sườn phải fu 125 nâu
64600-KYZ-V20ZE,sườn phải fu 125 đen
64600-KYZ-V20ZF,sườn phải fu 125 đỏ
64600-KYZ-V60ZA,Bộ ốp sườn phải *NHA62*
64600-KYZ-V60ZB,Bộ ốp sườn phải *R340C*
64600-KYZ-V60ZC,Bộ ốp sườn phải *NHB25K*
64600-KYZ-V60ZE,Bộ ốp sườn phải *NHB25E*
64600-KYZ-V70ZA,Bộ ốp sườn phải *NHA62*
64600-KYZ-V70ZB,Bộ ốp sườn phải *R340C*
64600-KYZ-V70ZC,Bộ ốp sườn phải *NHB25K*
64600-KYZ-V70ZD,Bộ ốp sườn phải *YR303*
64600-KYZ-V70ZE,Bộ ốp sườn phải *NHB25E*
64601-K2S-V00ZA,"bửng ngoài trái , Cánh yếm, ốp trước trái Vario 160, click 160 (2023-2026) Đỏ Nhám -R406M*"
64601-K2S-V00ZC,"bửng ngoài trái , Cánh yếm, ốp trước trái Vario 160, click 160 (2023-2026) Xanh mực -B421M*"
64601-K2S-V00ZD,"bửng ngoài trái , Cánh yếm, ốp trước trái Vario 160, click 160 (2023-2026) Xám xi măng *NHC60P*"
64601-K2S-V00ZE,"bửng ngoài trái , Cánh yếm, ốp trước trái Vario 160, click 160 (2023-2026) ĐEN bóng - B25M*"
64611-K2P-V60,"Ốp B bên phải ,Nhựa nhám nẹp trong cánh yếm phải  Winner X-V3 (2022-2023) nhựa nhám"
64615-K2P-V60,Nắp che bình chứa nước làm mát ( bình nước phụ) Winner X-V3 (2022-2023) nhựa nhám
64615-K56-N10,Nắp che bình chứa nước làm mát ( bình nước phụ) Winner 150 (20216-2018) nhựa nhám
64615-K56-V50,Nắp che bình chứa nước làm mát ( bình nước phụ) Winner X-V2 (2019-2021) nhựa nhám
64621-K2P-V60,"Ốp B bên trái ,Nhựa nhám nẹp trong cánh yếm trái  Winner X-V2 (2022-2023) nhựa nhám"
64625-K56-V50,nhựa nhám Ốp sườn trái B Winner X-V2 (2019-2021)
64630-K2P-V60,"chắn sình trước ,tam giác chắn bùn trước, mỏ cày nhựa nhám Winner X-V3 (2022-2023) nhựa nhám"
64630-K56-N10,"chắn sình trước ,tam giác chắn bùn trước, mỏ cày nhựa nhám Winner 150 (20216-2018) nhựa nhám"
64630-K56-V50,"Ốp yếm dưới , chắn bùn cổ bô,tam giác chắn bùn trước  Winner X-V2 (2019-2021)"
64650-K03-M30ZA,sườn trái rsx 110-2014 fi trắng
64650-K03-M30ZB,sườn trái phải rsx 110-2014 fi cam
64650-K03-M30ZC,sườn trái rsx 110-2014 fi đen tem đồng
64650-K03-M30ZD,sườn trái rsx 110-2014 fi đỏ tem đen
64650-K03-M30ZE,sườn trái rsx 110-2014 fi đen tem đỏ
64650-K03-M60ZA,sườn trái rsx 110-2014 trắng tem trắng
64650-K03-M60ZB,sườn trái rsx 110-2014 cam tem đen
64650-K03-M60ZC,sườn trái rsx 110-2014 đen tem đồng
64650-K03-M60ZD,sườn trái rsx 110-2014 đỏ tem đen
64650-K03-M60ZE,Ốp Sườn trái RSX 110cc (2014-2015) đen tem đỏ -NHB25*
64650-K03-V00ZB,Bộ ốp sườn trái Wave S110 (2013-2014) Đen thắng Đùm-NHB25*
64650-K03-V00ZC,Bộ ốp sườn trái Wave S110 (2013-2014) Đỏ thắng Đùm-R340*
64650-K03-V10ZB,sườn trái Wave S110 (2013-2014) Trắng tem nâu Nho hoa văn-R150* (mẫu Duxule)
64650-K03-V10ZC,Bộ ốp sườn trái Wave S110  (2013-2014) Đen tem Đỏ hoa văn-R340*
64650-K03-V20ZB,Bộ ốp sườn phải Wave RS 110cc (2013-2014) đen tem Xám -NHB25*
64650-K03-V70ZA,Bộ ốp sườn trái Wave RSX 110 (2010-2012)TRẮNG ngọc tem lớn -A96P*
64650-K03-V70ZB,Bộ ốp sườn trái Wave RSX 110 (2010-2012)Đen tem lớn Xanh ngọc - B206M
64650-K03-V70ZC,Bộ ốp sườn trái Wave RSX 110 (2010-2012) ĐỎ tem lớn - 340C*
64650-K03-V70ZD,Bộ ốp sườn trái Wave RSX 110 (2010-2012)Đen ĐEN tem lớn - A69PC*
64650-K07-940ZB,"Bộ ốp sườn trái RSX 110cc (2012-2013) XÁM tem xanh -A62M*(kiểu siêu nhân, bọ ngựa)"
64650-K07-940ZC,"Bộ ốp sườn trái RSX 110cc (2012-2013) trắng tem cam - B35P*(kiểu siêu nhân, bọ ngựa)"
64650-K07-940ZD,Bộ ốp sườn trái  RSX 110cc (2012-2013) TRẮNG tem đen - B35P*( kiểu siêu nhân)
64650-K07-940ZE,Bộ ốp sườn trái  RSX 110cc (2012-2013) ĐỎ tem đen - R340*( kiểu siêu nhân)
64650-K07-940ZF,Bộ ốp sườn trái  RSX 110cc (2012-2013) Đen tem trắng đỏ - NH69*( kiểu siêu nhân)
64650-K07-940ZG,Bộ ốp sườn trái  RSX 110cc (2012-2013) vàng đồng 317M*( kiểu siêu nhân)
64650-K07-V00ZC,Bộ ốp sườn trái  RSX 110cc (2012-2013) xanh ngọc tem trắng - B35P*( kiểu siêu nhân)
64650-K07-V00ZD,Bộ ốp sườn trái  RSX 110cc (2012-2013) TRẮNG tem đỏ đen sọc - B35K*( kiểu siêu nhân)
64650-K07-V00ZE,Bộ ốp sườn trái RSX 110cc (2013-2014) Đen tem đỏ sọc - R340*( kiểu siêu nhân)
64650-K2P-V00ZA,"Bửng ngoài trái , Cánh yếm, ốp trước, cánh gà trái Winner X-V2 (2019-2021) xám tem đỏ-B56M*"
64650-K2P-V10ZA,Bộ ốp sườn trái *TYPE4* *NHB25H*
64650-K2P-V10ZB,Bộ ốp sườn trái *TYPE3* *NHB25B*
64650-K2P-V10ZC,Bộ ốp sườn trái *TYPE2* *PB421*
64650-K2P-V10ZD,Bộ ốp sườn trái *TYPE1* *R389*
64650-K2P-V40ZA,Bộ ốp sườn trái *TYPE2 1* *R340*
64650-K2P-V40ZC,Bộ ốp sườn trái *TYPE1 1* *PB406*
64650-K2P-V50ZB,Bộ ốp trước trái *NHB25M*
64650-K2P-V60ZA,Bộ ốp trước trái *NHB56*
64650-K2P-V60ZB,Bộ ốp trước trái *NHB55*
64650-K2P-V60ZC,Bộ ốp trước trái *NHB25*
64650-K2P-V60ZD,Bộ ốp trước trái *R389*
64650-K2P-V70ZA,Bộ ốp trước trái *NHB18*
64650-K2P-V70ZB,Bộ ốp trước trái *R406*
64650-K2P-V70ZC,Bộ ốp trước trái *NHA76*
64650-K2P-V80ZA,Bộ ốp trước trái *R389*
64650-K2P-VD0ZA,Bộ ốp trước trái *R389*
64650-K2P-VE0ZA,0
64650-K2P-VE0ZB,Bộ ốp trước trái *NHB25M*
64650-K2P-VE0ZC,Bộ ốp trước trái *NHB25M*
64650-K2P-VE0ZD,0
64650-K2P-VE0ZE,0
64650-K2P-VG0ZA,Bộ ốp trước trái *R389*
64650-K56-V00ZA,bửng trái winer trắng tem xám
64650-K56-V00ZB,bửng trái winer đỏ
64650-K56-V00ZC,bửng trái winer cam
64650-K56-V00ZD,bửng trái winer vàng
64650-K56-V00ZE,bửng trái winer xanh
64650-K56-V20ZA,bửng trái winer đen nhám
64650-K56-V20ZB,bửng trái winer xanh nhám
64650-K56-V30ZB,bửng trái winner vàng ( V30 )
64650-K56-V30ZC,bửng trái winner xanh ( V30 )
64650-K56-V30ZD,bửng trái winner trắng tem đen
64650-K56-V30ZE,bửng trái winner đỏ tem trắng
64650-K56-V40ZC,bửng trái winner đen nhám tem đỏ
64650-K56-V50ZA,"Bộ ốp sườn trái *NHA76H, NHA76T*"
64650-K56-V50ZB,Bộ ốp sườn trái *NHA40*
64650-K56-V50ZC,0
64650-K56-V50ZE,Bộ ốp sườn trái *R389*
64650-K56-V60ZA,Bộ ốp sườn trái *NHA76*
64650-K56-V70ZB,Bộ ốp sườn trái *R389*
64650-K56-V80ZA,Bộ ốp sườn trái *R340*
64650-K56-V80ZB,Bộ ốp sườn trái *PB406*
64650-K56-V90ZA,Bộ ốp yếm sau trái *NHA76M*
64650-K57-A00ZA,Bộ ốp sườn trái *NHB55*
64650-K57-A00ZB,Bộ ốp sườn trái *R340*
64650-K57-A00ZC,Bộ ốp sườn trái *NHB25*
64650-K57-A20ZA,Bộ ốp sườn trái *B189*
64650-K57-A20ZB,Bộ ốp sườn trái *NHB55*
64650-K57-A20ZC,Bộ ốp sườn trái *R340*
64650-K57-A20ZD,Bộ ốp sườn trái *NHB25*
64650-K57-A30ZA,Bộ ốp sườn trái *NHB55P*
64650-K57-A30ZB,Bộ ốp sườn trái *R340C*
64650-K57-A30ZC,Bộ ốp sườn trái *NHB25M*
64650-K57-A50ZA,Bộ ốp sườn trái *B189C*
64650-K57-A50ZB,Bộ ốp sườn trái *NHB55P*
64650-K57-A50ZC,Bộ ốp sườn trái *R340C*
64650-K57-A50ZD,Bộ ốp sườn trái *NHB25M*
64650-K57-A60ZA,Bộ ốp sườn trái *NHB55P*
64650-K57-A70ZA,Bộ ốp sườn trái *B189C*
64650-K57-A70ZB,Bộ ốp sườn trái *R340C*
64650-K57-A70ZC,Bộ ốp sườn trái *NHB25M*
64650-K57-A90ZA,Bộ ốp sườn trái *B189C*
64650-K57-A90ZB,Bộ ốp sườn trái *NHB55P*
64650-K57-A90ZC,Bộ ốp sườn trái *R340C*
64650-K57-A90ZD,Bộ ốp sườn trái *NHA76M*
64650-K57-AB0ZA,Bộ ốp sườn trái *TYPE3* *B189*
64650-K57-AB0ZB,Bộ ốp sườn trái *TYPE2* *R340*
64650-K57-AB0ZC,Bộ ốp sườn trái *TYPE1* *NHB25*
64650-K57-AC0ZA,Bộ ốp sườn trái *TYPE4* *B189*
64650-K57-AC0ZB,Bộ ốp sườn trái *TYPE3* *NHB55*
64650-K57-AC0ZC,Bộ ốp sườn trái *TYPE2* *R340*
64650-K57-AC0ZD,Bộ ốp sườn trái *TYPE1* *NHB25*
64650-K57-AD0ZA,Bộ ốp sườn trái*NHA76M*
64650-K57-AE0ZA,0
64650-K57-AE0ZB,Bộ ốp sườn trái*NHB25M*
64650-K57-AF0ZA,Sườn trái W Blade Đen nhám tem xanh (AF0) ( p/bản thể thao )
64650-K57-AF0ZB,Sườn trái W Blade Đen nhám tem đỏ (AF0) ( p/bản thể thao )
64650-K57-AF0ZC,Sườn trái W Blade Đen nhám tem vàng (AF0)( p/bản thể thao )
64650-K57-V00ZA,Bộ ốp sườn trái
64650-K57-V00ZB,Bộ ốp sườn trái
64650-K57-V10ZA,Bộ ốp sườn trái
64650-K57-V10ZB,Bộ ốp sườn trái
64650-K57-V10ZC,Bộ ốp sườn trái
64650-K57-V20ZA,Bộ ốp sườn trái
64650-K57-V20ZB,Bộ ốp sườn trái
64650-K57-V20ZC,Bộ ốp sườn trái
64650-K57-V20ZD,Bộ ốp sườn trái
64650-K57-V50ZA,Bộ ốp sườn trái *NHB55P*
64650-K57-V50ZB,Bộ ốp sườn trái *R340C*
64650-K57-V80ZB,Bộ ốp sườn trái *YR322C*
64650-K57-V80ZC,Bộ ốp sườn trái *NHB25M*
64650-K73-V00ZA,Bộ ốp sườn trái *PB389M*
64650-K73-V00ZB,Bộ ốp sườn trái *NHA62M*
64650-K73-V00ZC,Bộ ốp sườn trái *R340C*
64650-K73-V00ZD,Bộ ốp sườn trái *NHB25K*
64650-K73-V00ZF,Bộ ốp sườn trái *NHB25E*
64650-K73-V40ZA,Bộ ốp sườn trái *NHA62M*
64650-K73-V40ZB,Bộ ốp sườn trái *R340C*
64650-K73-V40ZC,Bộ ốp sườn trái *NHB25M*
64650-K73-V50ZA,Bộ ốp sườn trái *YR303M*
64650-K73-V50ZB,Bộ ốp sườn trái *PB389M*
64650-K73-V50ZC,Bộ ốp sườn trái *R350C*
64650-K73-V50ZD,Bộ ốp sườn trái *NHA76M*
64650-K73-V60ZA,Bộ ốp sườn trái *R340C*
64650-K73-V70ZA,Bộ ốp sườn trái *YR303M*
64650-K73-V70ZB,Bộ ốp sườn trái *R350C*
64650-K73-V70ZC,Bộ ốp sườn trái *PB389M*
64650-K73-V70ZD,Bộ ốp sườn trái *NHB55P*
64650-K73-V70ZE,Bộ ốp sườn trái *NHA76M*
64650-K73-V70ZF,Bộ ốp sườn trái *NH193P*
64650-K73-V70ZG,Bộ ốp sườn trái *NHB24M*
64650-K73-VA0ZA,Bộ ốp sườn trái *R350*
64650-K73-VA0ZB,Bộ Ốp Sườn Trái *Pb389*
64650-K73-VB0ZC,0
64650-K73-VB0ZD,Bộ ốp sườn trái *PB389*
64650-K73-VB0ZE,Bộ ốp sườn trái *R350*
64650-K73-VB0ZF,Ốp sườn trái *NHC34*
64650-K73-VB0ZG,Ốp sườn trái *NHA76*
64650-K73-VD0ZA,sườn trái fu led xanh mực 421 (VD0)
64650-K73-VE0ZA,Bộ ỐP SườN TráI *Nhc34M*
64650-K73-VE0ZB,Bộ ỐP SườN TráI *Nha76M*
64650-K73-VE0ZC,Bộ ỐP SườN TráI *Nhb55P*
64650-K73-VE0ZD,sườn trái fu led xanh mực 421 (VE0)
64650-K73-VE0ZE,Bộ ốp sườn trái *R368C*
64650-K89-V00ZA,Bộ ốp sườn trái *GY150*
64650-K89-V00ZB,Bộ ốp sườn trái *B203*
64650-K89-V00ZC,Bộ ốp sườn trái *NHB55*
64650-K89-V00ZD,Bộ ốp sườn trái *NHB25*
64650-K89-V00ZE,Bộ ốp sườn trái *R263*
64650-K89-V20ZB,Bộ ốp sườn trái *B203M*
64650-K89-V20ZC,0
64650-K89-V20ZD,Bộ ốp sườn trái *NHB25M*
64650-K89-V30ZA,Bộ ốp sườn trái *PB421M*
64650-K89-V30ZD,Bộ ốp sườn trái *NHB55P*
64650-K89-V30ZE,Bộ ốp sườn trái *NHB25M*
64650-K89-V40ZA,Bộ ốp sườn trái *YR322C*
64650-K89-V50ZA,Bộ ốp sườn trái *TYPE5* *PB421*
64650-K89-V50ZB,Bộ ốp sườn trái *TYPE4* *B203*
64650-K89-V50ZC,Bộ ốp sườn trái *TYPE3* *NHB55*
64650-K89-V50ZD,Bộ ốp sườn trái *TYPE2* *NHB25*
64650-K89-V50ZE,Bộ ốp sườn trái *TYPE1**R263*
64650-K89-V60ZA,Bộ ốp sườn trái *R263*
64650-K89-V70ZA,0
64650-K89-V70ZC,0
64650-K89-V70ZD,Bộ ốp sườn trái *NHB55*
64650-K89-V70ZE,Bộ ốp sườn trái *R389*
64650-K89-V90ZA,Bộ ốp sườn trái *PB421M*
64650-K89-V90ZB,Bộ ốp sườn trái *NHB55P*
64650-K89-V90ZC,Bộ ốp sườn trái *R389*
64650-K89-V90ZD,0
64650-K89-VB0ZA,Sườn trái W@ 2022 kem *Y229P*
64650-K89-VB0ZB,sườn trái W@ 2022 xám xi măng ( VB0 )
64650-K89-VD0ZA,"SET ILLUST,L BODY COVER"
64650-K89-VD0ZB,"SET ILLUST,L BODY COVER"
64650-K90-920ZA,Bộ ốp sườn trái *NHB55P*
64650-K90-920ZB,Bộ ốp sườn trái *NHB25M*
64650-K90-920ZC,Bộ ốp sườn trái *B142P*
64650-K90-920ZD,Bộ ốp sườn trái *R340C*
64650-K90-940ZA,Bộ ốp sườn trái *NHB55*
64650-K90-940ZB,Bộ ốp sườn trái *NHB25*
64650-K90-940ZC,Bộ ốp sườn trái *B142*
64650-K90-940ZD,Bộ ốp sườn trái *R340*
64650-K90-V00ZB,Bộ ốp sườn trái *NHB55P*
64650-K90-V00ZD,Bộ ốp sườn trái *R340C*
64650-K90-V00ZE,Bộ ốp sườn trái *B189*
64650-K90-V20ZA,Bộ ốp sườn trái *NHB55P*
64650-K90-V20ZC,Bộ ốp sườn trái *R340 & NHA76*
64650-K90-V20ZD,Bộ ốp sườn trái *B189*
64650-K90-V60ZA,Bộ ốp sườn trái *NHB83*
64650-K90-V60ZB,Bộ ốp sườn trái *NHB55*
64650-K90-V60ZD,Bộ ốp sườn trái *B189*
64650-K90-V80ZD,Bộ ốp sườn trái *B189*
64650-K90-V90ZB,Bộ ốp sườn trái *NHB55P*
64650-K90-V90ZD,Bộ ốp sườn trái *B189C*
64650-K90-VB0ZA,Bộ ốp sườn trái *NHB83M*
64650-K90-VB0ZB,Bộ ốp sườn trái *NHB55P*
64650-K90-VB0ZC,Bộ ốp sườn trái *R340C*
64650-K90-VB0ZD,Bộ ốp sườn trái *B189C*
64650-K90-VC0ZA,Bộ ốp sườn trái *NHB83*
64650-K90-VC0ZB,Bộ ốp sườn trái *NHB55*
64650-K90-VC0ZC,Bộ ốp sườn trái *R340*
64650-K90-VC0ZD,Bộ ốp sườn trái *B189*
64650-K90-VE0ZA,Bộ ốp sườn trái *PB420M*
64650-K90-VE0ZB,Bộ ốp sườn trái *NHB83*
64650-K90-VE0ZC,Bộ ốp sườn trái *NHB55*
64650-K90-VE0ZD,Bộ ốp sườn trái *R340*
64650-K90-VE0ZE,Bộ ốp sườn trái *B189*
64650-K90-VG0ZA,Bộ ốp sườn trái *TYPE4* *NHB83*
64650-K90-VG0ZB,Bộ ốp sườn trái *TYPE3* *NHB55*
64650-K90-VG0ZC,Bộ ốp sườn trái *TYPE2* *R340*
64650-K90-VG0ZD,Bộ ốp sườn trái *TYPE1* *B189*
64650-K90-VH0ZA,Bộ ốp sườn trái *TYPE4* *PB420*
64650-K90-VH0ZB,Bộ ốp sườn trái *TYPE3* *NHB55*
64650-K90-VH0ZC,Bộ ốp sườn trái *TYPE2* *R340*
64650-K90-VH0ZD,Bộ ốp sườn trái *TYPE1* *B189*
64650-K90-VJ0ZB,Bộ ốp sườn trái *NHA76*
64650-K90-VK0ZB,Bộ ốp sườn trái *R389*
64650-K90-VL0ZA,Bộ ốp sườn trái *NHA76M*
64650-K90-VL0ZB,Bộ ốp sườn trái *NHA76M*
64650-K90-VL0ZC,Bộ ốp sườn trái *NHA76M*
64650-K90-VM0ZC,Bộ Ốp Sườn Trái *Nhb25M*
64650-K90-VM0ZD,0
64650-K90-VP0ZA,Bộ ốp sườn trái *NHA76M*
64650-K90-VP0ZB,Bộ ốp sườn trái *NHA76M*
64650-K90-VP0ZC,Bộ ốp sườn trái *NHA76M*
64650-KFL-710ZB,"Bộ ốp sườn trái ,ốp thân trái Future 110(1999-2004) Xanh nhớt( lục) -B142*"
64650-KFL-830ZA,"Bộ ốp sườn trái ,ốp thân trái Future 110(1999-2004) xanh Mực đậm -171MU*"
64650-KFL-830ZB,"Bộ ốp sườn trái ,ốp thân trái Future 110(1999-2004) Xanh ngọc -154M*"
64650-KFL-830ZC,"Bộ ốp sườn trái ,ốp thân trái Future 110(1999-2004) Xám Ghi -183M*"
64650-KFL-830ZD,"Bộ ốp sườn trái ,ốp thân trái Future 110(1999-2004) Đỏ Tươi -R263*"
64650-KFL-830ZE,"Bộ ốp sườn trái ,ốp thân trái Future 110(1999-2004) Đỏ Đô -R203M*"
64650-KRS-860ZF,Bộ ốp sườn trái Wave alpha nhỏ 100cc (2004-2005) Xanh nhớt( lục) có Tem -B142*
64650-KRS-860ZG,Bộ ốp sườn trái Wave alpha nhỏ 100cc (2004-2005) Xanh Nhạt Ghi có tem-B141M*
64650-KRS-860ZH,Bộ ốp sườn trái Wave alpha nhỏ 100cc (2004-2005) Xanh Mực đậm có tem -171MU*
64650-KRS-860ZJ,Bộ ốp sườn trái Wave alpha nhỏ 100cc (2004-2005)  Đỏ Đô có tem -R203M*
64650-KRS-900ZE,Bộ ốp sườn trái Wave alpha nhỏ 100cc (2001-2003)  BẠC có tem -411M*
64650-KRS-900ZF,Bộ ốp sườn trái Wave alpha nhỏ 100cc (2001-2003) Đỏ Đô có tem -R203M*
64650-KRS-900ZG,Bộ ốp sườn trái Wave alpha nhỏ 100cc (2001-2003) Xanh nhớt( lục) có Tem -B142*
64650-KRS-900ZH,Bộ ốp sườn trái Wave alpha nhỏ 100cc (2001-2003) Xanh Ngọc có tem -B305P*
64650-KRS-900ZJ,Bộ ốp sườn trái Wave alpha nhỏ 100cc (2001-2003) Xanh Mực đậm có tem -171MU*
64650-KTL-640ZB,Bộ ốp sườn trái Wave RS 100 (2005-2007) tím sen-R173P*
64650-KTL-640ZC,Bộ ốp sườn trái Wave RS 100 (2005-2007) đỏ tươi-R263*
64650-KTL-640ZD,Bộ ốp sườn trái Wave RS 100 (2005-2007) VÀNG-Y106*
64650-KTL-640ZE,Bộ ốp sườn trái Wave RS 100 (2005-2007) Xanh Ngọc -132M*
64650-KTL-670ZB,Bộ ốp sườn trái Wave RS 100 (2005-2007) XANH Mực rsv sepsol -373M*
64650-KTL-680ZL,Bộ ốp sườn trái Wave (A) cá 100 (2005-2012) XANH Lá -107M*
64650-KTL-680ZU,Bộ ốp sườn trái Wave (A) cá 100 (2005-2012) ĐỎ -R161M*
64650-KTL-680ZW,Bộ ốp sườn trái Wave (A) cá 100 (2005-2012) VÀNG -Y106M*
64650-KTL-780ZA,Bộ ốp sườn trái Wave ZX 100cc (2004-2005) trắng tem-193P*
64650-KTL-780ZB,Bộ ốp sườn trái Wave ZX 100cc (2004-2005)  Đỏ tươi tem -263M*
64650-KTL-780ZC,Bộ ốp sườn trái Wave ZX 100cc (2004-2005) tím tem-138M*
64650-KTL-790ZA,Bộ ốp sườn trái Wave alpha nhỏ 100cc (2004-2005) đỏvtươi có tem *R263*M
64650-KTM-900ZA,"Bộ ốp sườn trái ,ốp thân trái Future II (125cc)(2004-2005) TRẮNG -193P*"
64650-KTM-900ZB,"Bộ ốp sườn trái ,ốp thân trái Future II (125cc)(2004-2005) ĐỎ -161P*"
64650-KTM-900ZC,"Bộ ốp sườn trái ,ốp thân trái Future II (125cc)(2004-2005) XANH -107P*"
64650-KTM-970ZB,"Bộ ốp sườn trái ,ốp thân trái Future Neo 125 (2005-2008) Xanh lá mạ Đĩa-194M*"
64650-KTM-980ZA,"Bộ ốp sườn trái ,ốp thân trái Future Neo 125 GT (2005-2008)  ĐỎ -R315C*"
64650-KTM-980ZB,"Bộ ốp sườn trái ,ốp thân trái Future Neo 125 GT (2005-2008) TRẮNG -193P*"
64650-KVL-940ZA,"Bộ Ốp sườn trái , bụng sau trái Future Neo 125 FI (2005-2008) ĐỎ -R315C*"
64650-KVL-940ZB,"Bộ Ốp sườn trái , bụng sau trái Future Neo 125 FI (2005-2008) ĐEN Bóng-A69P*"
64650-KVL-940ZC,"Bộ Ốp sườn trái , bụng sau trái Future Neo 125 FI (2005-2008) TRẮNG -A96P*"
64650-KVL-V00ZA,"Bộ Ốp sườn trái , bụng sau trái Future Neo 125 (2005-2008) ĐỎ -R313C*"
64650-KVL-V00ZC,"Bộ Ốp sườn trái , bụng sau trái Future Neo 125 (2005-2008) Xanh MỰC-368P*"
64650-KVL-V00ZD,"Bộ Ốp sườn trái , bụng sau trái Future Neo 125 (2005-2008) BẠC -411M*"
64650-KVL-V00ZF,"Bộ Ốp sườn trái , bụng sau trái Future Neo 125 (2005-2008) ĐEN Bóng-A69P*"
64650-KVL-V30ZA,"Bộ Ốp sườn trái , bụng sau trái Future Neo 125 (2005-2008) ĐỎ vành đúc -R313C*"
64650-KVL-V30ZD,0
64650-KVL-V30ZE,"Bộ Ốp sườn trái , bụng sau trái Future Neo 125 (2005-2008) ĐEN Bóng vành đúc-A69P*"
64650-KVR-880ZA,"Bộ Ốp sườn trái , bụng sau trái Wave S100 (2005-2007) Màu ĐEN -A69P*"
64650-KVR-880ZB,"Bộ Ốp sườn trái , bụng sau trái Wave S100 (2005-2007) Màu Đỏ -313C*"
64650-KVR-880ZE,"Bộ Ốp sườn trái , bụng sau trái Wave S100 (2005-2007) Màu xanh mực -B373M*"
64650-KVR-910ZB,"Bộ Ốp sườn trái , bụng sau trái Wave A 100 (2006-2010)  Màu ĐEN -A69P*"
64650-KVR-920ZE,Bộ ốp sườn trái *Y106*
64650-KVR-V40ZD,"Bộ Ốp sườn trái , bụng sau trái Wave S100 (2005-2007) Màu xanh mực -B373M*"
64650-KVR-V60ZA,"Ốp sườn trái , bụng sau trái Wave RSX 100 (2007-2008) Xanh Mực-B383M*( đời mắt phượng)"
64650-KVR-V60ZB,"Ốp sườn trái , bụng sau trái Wave RSX 100 (2007-2008) Đỏ -R315P*( đời mắt phượng)"
64650-KVR-V60ZC,"Ốp sườn trái , bụng sau trái Wave RSX 100 (2007-2008) TRẮNG -A96P*( đời mắt phượng)"
64650-KVR-V60ZD,"Ốp sườn trái , bụng sau trái Wave RSX 100 (2007-2008) Xanh Ngọc-B206M*( đời mắt phượng)"
64650-KVR-V80ZA,"Ốp sườn trái , bụng sau trái Wave RSX 100 (2007-2008) Xanh Mực-B383M*( đời mắt phượng)"
64650-KWW-B10ZA,"Ốp sườn trái , bụng sau trái Wave RS 110(2009-2010) Đỏ tươi - R263"
64650-KWW-B10ZD,"Ốp sườn trái , bụng sau trái Wave RS 110(2009-2010) Xanh ngọc - B206M"
64650-KWW-B20ZA,"ốp sườn trái , bụng sau trái Wave S110 (2009-2011) ĐỎ - 313C*"
64650-KWW-B20ZB,"ốp sườn trái , bụng sau trái Wave S110 (2009-2011) ĐEN *NHA69P*"
64650-KWW-B20ZC,"ốp sườn trái , bụng sau trái Wave S110 (2009-2011) MỰC - *PB373M*"
64650-KWW-B20ZD,"ốp sườn trái , bụng sau trái Wave S110 (2009-2011) BẠC - *NH411M*"
64650-KWW-C60ZB,"ốp sườn sau bên trái, bụng sau trái Wave RS 110(2009-2010)  Xanh ngọc tem ngôi sao - B206M"
64650-KWW-C60ZD,"ốp sườn sau bên trái, bụng sau trái Wave RS 110(2009-2010) Đỏ tươi tem ngôi sao - R263*"
64650-KWW-E00ZD,"ốp sườn sau bên trái, bụng sau trái Wave RS 110(2010-2013) đỏ tươi tem xọc -R263*"
64650-KWW-E20ZA,"ốp sườn sau bên trái, bụng sau trái Wave S 110(2012-2013) Trắng Mỏ chu - B35*"
64650-KWW-E20ZB," ốp sườn sau bên trái, bụng sau trái Wave Wave S110(2012-2013) BẠC mỏ chu- 411M*"
64650-KWW-E20ZC," ốp sườn sau bên trái, bụng sau trái Wave S110(2012-2013) Xanh Mực mỏ chu - B373M*"
64650-KWW-E20ZD," ốp sườn sau bên trái, bụng sau trái Wave S110(2012-2013) Đen mỏ chu- 25M*"
64650-KWW-E20ZE,"ốp sườn sau bên trái, bụng sau trái Wave S110(2012-2013)  ĐỎ mỏ chu - 340C*"
64650-KWW-M00ZA,"ốp sườn sau bên trái, bụng sau trái Wave S110(2011-2013) Trắng tem hoa văn  - B35B*"
64650-KWW-M00ZB,"ốp sườn sau bên trái, bụng sau trái Wave S110(2011-2013) ĐỎ tem hoa văn  - R340B*-"
64650-KWW-V00ZA,"ốp sườn sau bên trái, bụng sau trái Wave RSX 110(2009-2010) ĐEN tem *NHA69P*"
64650-KWW-V00ZB,"ốp sườn sau bên trái, bụng sau trái Wave RSX 110(2009-2010) ĐỎ tem - 313C*"
64650-KWW-V00ZC,"ốp sườn sau bên trái, bụng sau trái Wave RSX 110(2009-2010) Xanh ngọc tem - B206M"
64650-KWW-V00ZD,"ốp sườn sau bên trái, bụng sau trái Wave RSX 110(2009-2010) Trắng tem - A96P*"
64650-KWY-840ZA,"Bộ Ốp sườn trái , bụng sau trái Wave S100 (2008-2009) Màu Đỏ -313C*"
64650-KWY-860ZB,Bộ ốp sườn trái Wave RS 100 (2008-2009) Xanh ngọc  - B206M
64650-KWY-940ZA,#N/A
64650-KWY-940ZC,#N/A
64650-KWY-A10ZC,#N/A
64650-KWY-A20ZB,Bộ ốp sườn trái Wave (A) cá 100 (2011-2012) đồng Y208*
64650-KWY-A30ZA,Bộ ốp sườn trái Wave (A) cá 100 (2013-2015) Xám tem tổ ong -NH262*
64650-KWY-A30ZB,Bộ ốp sườn trái Wave (A) cá 100 (2013-2015)  XANH Ngọc tem tổ ong-203M*
64650-KWY-A30ZC,Bộ ốp sườn trái Wave (A) cá 100 (2013-2015) TRẮNG  tem tổ ong-NH55P*
64650-KWY-A30ZD,Bộ ốp sườn trái Wave (A) cá 100 (2013-2015) Đentem tổ ong- B25M*
64650-KWY-A30ZE,Bộ ốp sườn trái Wave (A) cá 100 (2013-2015) Đỏ tươi tem tổ ong- R263
64650-KWY-A40ZA,Bộ ốp sườn trái Wave (A) cá 100 (2013-2015) Màu CAM tem tổ ong -R322C*
64650-KYL-700ZA,Bộ ốp sườn trái *NHA96P*
64650-KYL-700ZC,Bộ ốp sườn trái *NHB25M*
64650-KYL-720ZB,Bộ ốp sườn trái Future X (2010-2011)-đỏ *R340C*
64650-KYL-720ZC,Bộ ốp sườn trái Future X (2010-2011) ĐEN Bóng-25M
64650-KYL-840ZA,Bộ ốp sườn trái Future X FI (2010-2011) ĐEN tem đồng-25M
64650-KYL-840ZB,Bộ ốp sườn trái Future X FI (2010-2011) Đỏ tem đồng -R340C*
64650-KYL-840ZC,"Bộ ốp sườn trái Future X, Future X FI (2010-2011) Trắng tem đồng-A96P*"
64650-KYL-860ZB,Bộ ốp sườn trái *R340C*
64650-KYL-900ZA,Bộ ốp sườn trái *NHA69P*
64650-KYL-900ZB,Bộ ốp sườn trái *R313C*
64650-KYL-900ZC,Bộ ốp sườn trái *NHA96P*
64650-KYL-920ZA,Bộ ốp sườn trái *NHA69P*
64650-KYL-920ZB,Bộ ốp sườn trái *R313C*
64650-KYL-920ZD,Bộ ốp sườn trái *B206M*
64650-KYZ-G00ZA,Bộ ốp sườn trái *TYPE5*
64650-KYZ-G00ZB,Bộ ốp sườn trái *TYPE4*
64650-KYZ-G00ZC,Bộ ốp sườn trái *TYPE3*
64650-KYZ-G00ZD,Bộ ốp sườn trái *TYPE2*
64650-KYZ-G00ZE,Bộ ốp sườn trái *TYPE1*
64650-KYZ-V00ZB,B? ?P SÝ?N TRÁI *PB373*
64650-KYZ-V00ZD,B? ?P SÝ?N TRÁI *NHB35*
64650-KYZ-V00ZE,B? ?P SÝ?N TRÁI *YR303*
64650-KYZ-V00ZF,B? ?P SÝ?N TRÁI *NHB25*
64650-KYZ-V00ZL,sườn trái fu 125 đỏ
64650-KYZ-V20ZA,B? ?P SÝ?N TRÁI *PB373*
64650-KYZ-V20ZC,B? ?P SÝ?N TRÁI *NHB35*
64650-KYZ-V20ZD,sườn trái fu 125 nâu
64650-KYZ-V20ZE,sườn trái fu 125 đen
64650-KYZ-V20ZF,sườn trái fu 125 đỏ
64650-KYZ-V60ZA,Bộ ốp sườn trái *NHA62*
64650-KYZ-V60ZB,Bộ ốp sườn trái *R340C*
64650-KYZ-V60ZC,Bộ ốp sườn trái *NHB25K*
64650-KYZ-V60ZE,Bộ ốp sườn trái *NHB25E*
64650-KYZ-V70ZA,sườn trái fu 125 trái xám
64650-KYZ-V70ZB,Bộ ốp sườn trái *R340C*
64650-KYZ-V70ZC,Bộ ốp sườn trái *NHB25K*
64650-KYZ-V70ZD,Bộ ốp sườn trái *YR303*
64650-KYZ-V70ZE,0
64650-KYZ-V90ZD,Bộ ốp sườn trái *TYPE2*
64660-K2P-V60ZA,"Ốp dưới phải ,Mỏ cày phải ,Ốp bảo vệ chân yếm phải Winner X-V4 (2024-2025) Đỏ-*R389*"
64660-K2P-V60ZB,"Ốp dưới phải ,Mỏ cày phải ,Ốp bảo vệ chân yếm phải Winner X-V3 (2022-2023) Đen Bóng *NH1* "
64660-K2P-V60ZC,"Ốp dưới phải ,Mỏ cày phải ,Ốp bảo vệ chân yếm phải Winner X-V3 (2022-2023) Đen Bóng-B25*"
64660-K2P-V60ZD,"Ốp dưới phải ,Mỏ cày phải ,Ốp bảo vệ chân yếm phải Winner X-V3 (2022-2023) Đen Nhám *76M*"
64660-K2P-V60ZE,"Ốp dưới phải ,Mỏ cày phải ,Ốp bảo vệ chân yếm phải Winner X-V4 (2024-2025) Bạc-*B56M*"
64660-K2P-V60ZF,"Ốp dưới phải ,Mỏ cày phải ,Ốp bảo vệ chân yếm phải Winner X-V4 (2024-2025) Trắng-*NHB55P*"
64660-K56-V50,"Ốp yếm dưới phải , mỏ cày phải Winner X-V2 (2019-2021)"
64665-K2P-V80ZA,"Ốp dưới phải ,Mỏ cày phải ,Ốp bảo vệ chân yếm phải Winner X-V4 (2024-2025) Đỏ tem honda -*R389*"
64670-K2P-V60ZB,"Ốp dưới phải ,Mỏ cày trái ,Ốp bảo vệ chân yếm trái Winner X-V3 (2022-2023) Đen Bóng *NH1* "
64670-K2P-V60ZC,"Ốp dưới trái,Mỏ cày tráii ,Ốp bảo vệ chân yếm trái Winner X-V3 (2022-2023) Đen Bóng-B25*"
64670-K2P-V60ZD,"Ốp dưới trái ,Mỏ cày trái ,Ốp bảo vệ chân yếm trái Winner X-V3 (2022-2023) Đen Nhám *76M*"
64670-K2P-V60ZE,"Ốp dưới trái ,Mỏ cày trái ,Ốp bảo vệ chân yếmtrái Winner X-V4 (2024-2025) Bạc-*B56M*"
64670-K2P-V60ZF,"Ốp dưới trái ,Mỏ cày trái ,Ốp bảo vệ chân yếm trái Winner X-V4 (2024-2025) Trắng-*NHB55P*"
64670-K56-V50,"Ốp yếm dưới trái , mỏ cày trái Winner X-V2 (2019-2021)"
64675-K2P-V80ZA,"Ốp dưới trái ,Mỏ cày trái ,Ốp bảo vệ chân yếm trái Winner X-V4 (2024-2025) Đỏ tem honda -*R389*"
64700-K07-940ZE,"Bửng phải , cánh yếm phải  RSX 110cc (2012-2013) đen tem đỏ trắng - B35P*( kiểu siêu nhân, bọ ngựa)"
64700-K07-940ZF,"Bửng phải , cánh yếm phải  RSX 110cc (2012-2013) ) Đen tem trắng đỏ - NH69*( kiểu siêu nhân)"
64700-K07-940ZG,"Bửng phải , cánh yếm phải  RSX 110cc (2012-2013) vàng đồng 317M*( kiểu siêu nhân)"
64700-K07-940ZH,"Bửng phải , cánh yếm phải  RSX 110cc (2012-2013) XÁM tem xanh -A62M*(kiểu siêu nhân, bọ ngựa)"
64700-K07-940ZJ,"Bửng phải , cánh yếm phải  RSX 110cc (2012-2013) TRẮNG tem cam - B35P*( kiểu siêu nhân)"
64700-K07-V00ZA,"Bửng phải , cánh yếm phải  RSX 110cc (2012-2013) XÁM tem đồng -A62M*( kiểu siêu nhân)"
64700-K07-V00ZB,"Bửng phải , cánh yếm phải  RSX 110cc (2012-2013) Đen tem xám cam - B25E*( kiểu siêu nhân)"
64700-K07-V00ZC,"Bửng phải , cánh yếm phải  RSX 110cc (2012-2013) xanh ngọc tem trắng - B35P*( kiểu siêu nhân)"
64700-K07-V00ZD,"Bửng phải , cánh yếm phải  RSX 110cc (2012-2013) TRẮNG tem đỏ đen sọc - B35K*( kiểu siêu nhân)"
64700-K07-V00ZE,"Bửng phải , cánh yếm phải  RSX 110cc (2013-2014) Đỏ tem đỏ sọc - R340*( kiểu siêu nhân)"
64700-K07-V00ZF,"Bửng phải , cánh yếm phải  RSX 110cc (2012-2013) Đen tem đỏ sọc - R340*( kiểu siêu nhân)"
64700-KTM-900ZD,"Bửng phải , cánh yếm phải Future II (125cc)(2004-2005) TÍM Cà -138M*"
64700-KTM-900ZF,"Bửng phải , cánh yếm phải Future II (125cc)(2004-2005) ĐỎ -161P*"
64700-KTM-900ZG,"Bửng phải , cánh yếm phải Future II (125cc)(2004-2005) Xanh *BG107M*"
64700-KTM-980ZA,"Bửng phải , cánh yếm phải Future Neo 125 GT (2005-2008) ĐỎ -R315C*"
64700-KTM-980ZB,"Bửng phải , cánh yếm phải Future Neo 125 GT (2005-2008)TRẮNG -193P*"
64700-KTM-980ZC,"Bửng phải , cánh yếm phải Future Neo 125 GT (2005-2008) Đen - NH69*"
64700-KVL-V30ZE,Bộ cánh yếm phải *NHA69P*
64700-KVR-V60ZA,"Bửng phải , cánh yếm phải Future Neo 125 GT (2005-2008) Đen - NH69*"
64700-KVR-V60ZB,"Bửng phải , cánh yếm phải Wave RSX 100 (2007-2008) Đỏ -R315P*( đời mắt phượng)"
64700-KVR-V60ZC,"Bửng phải , cánh yếm phải Wave RSX 100 (2007-2008) TRẮNG -A96P*( đời mắt phượng)"
64700-KVR-V60ZD,"Bửng phải , cánh yếm phải Wave RSX 100 (2007-2008) Xanh Ngọc-B206M*( đời mắt phượng)"
64700-KVR-V80ZA,"Bửng phải , cánh yếm phải Wave RSX 100 (2007-2008) Xanh mực repsol *PB383M*"
64700-KYL-900ZA,Bộ cánh yếm phải *NHA69P*
64700-KYL-900ZB,Bộ cánh yếm phải *R313C*
64700-KYL-900ZC,Bộ cánh yếm phải *NHA96P*
64700-KYL-920ZA,Bộ cánh yếm phải *NHA69P*
64700-KYL-920ZB,Bộ cánh yếm phải *R313C*
64700-KYL-920ZD,Bộ cánh yếm phải *B206M*
64710-KVG-V30ZA,Bộ ốp trung tâm *NHA96P*
64750-K07-940ZE,"Bửng trái , cánh yếm trái  RSX 110cc (2012-2013) đen tem đỏ trắng - B35P*( kiểu siêu nhân, bọ ngựa)"
64750-K07-940ZF,"Bửng trái , cánh yếm trái  RSX 110cc (2012-2013) ) Đen tem trắng đỏ - NH69*( kiểu siêu nhân)"
64750-K07-940ZG,"Bửng trái , cánh yếm trái  RSX 110cc (2012-2013) vàng đồng 317M*( kiểu siêu nhân)"
64750-K07-940ZH,"Bửng trái , cánh yếm trái  RSX 110cc (2012-2013) XÁM tem xanh -A62M*(kiểu siêu nhân, bọ ngựa)"
64750-K07-940ZJ,"Bửng trái , cánh yếm trái  RSX 110cc (2012-2013) TRẮNG tem cam - B35P*( kiểu siêu nhân)"
64750-K07-V00ZB,"Bửng trái , cánh yếm trái  RSX 110cc (2012-2013) Đen tem xám cam- B25E*( kiểu siêu nhân)"
64750-K07-V00ZC,"Bửng trái , cánh yếm trái  RSX 110cc (2012-2013) xanh ngọc tem trắng - B35P*( kiểu siêu nhân)"
64750-K07-V00ZD,"Bửng trái , cánh yếm trái  RSX 110cc (2012-2013) TRẮNG tem đỏ đen sọc - B35K*( kiểu siêu nhân)"
64750-K07-V00ZE,"Bửng trái , cánh yếm trái RSX 110cc (2013-2014) Đỏ tem đỏ sọc - R340*( kiểu siêu nhân)"
64750-K27-V00ZA,"nắp chụp bình xăng ,nắp ngoài bình xăng Air Blade 125 (2013-2015) đồng -Y208*"
64750-K27-V00ZB,"nắp chụp bình xăng ,nắp ngoài bình xăng Air blade(AB)125 (2013-2015) Xám- A62M"
64750-K27-V00ZE,"nắp chụp bình xăng ,nắp ngoài bình xăng Air blade(AB)125 (2013-2015) Đỏ -340C*"
64750-K27-V00ZF,"nắp chụp bình xăng ,nắp ngoài bình xăng Air blade(AB)125 (2013-2015) BẠC- B24M*"
64750-K27-V00ZH,"nắp chụp bình xăng ,nắp ngoài bình xăng Air blade(AB)125 (2013-2015) Cam-R322C"
64750-K27-V00ZJ,"nắp chụp bình xăng ,nắp ngoài bình xăng Air blade(AB)125 (2013-2015) đồng nhạt -Y183M*"
64750-K27-V00ZN,"nắp chụp bình xăng ,nắp ngoài bình xăng Air blade(AB)125 (2013-2015) ĐEN bóng - B25M*"
64750-K57-A00ZA,Bửng ngoài blade trắng phải *NHB55*
64750-K57-A00ZB,Bộ cánh yếm phải *R340*
64750-K57-A00ZC,Bộ cánh yếm phải *NHB25*
64750-K57-A20ZA,Bộ cánh yếm phải *B189*
64750-K57-A20ZB,Bộ cánh yếm phải *NHB55*
64750-K57-A20ZC,Bộ cánh yếm phải *R340*
64750-K57-A20ZD,Bộ cánh yếm phải *NHB25*
64750-K57-A30ZA,Bộ cánh yếm phải *NHB55P*
64750-K57-A30ZB,Bộ cánh yếm phải *R340C*
64750-K57-A30ZC,Bộ cánh yếm phải *NHB25M*
64750-K57-A50ZA,Bộ cánh yếm phải *B189C*
64750-K57-A50ZB,Bộ cánh yếm phải *NHB55P*
64750-K57-A50ZC,Bộ cánh yếm phải *R340C*
64750-K57-A50ZD,Bộ cánh yếm phải *NHB25M*
64750-K57-A60ZA,Bộ cánh yếm phải *R263*
64750-K57-A70ZA,Bộ cánh yếm phải *B189C*
64750-K57-A70ZB,Bộ cánh yếm phải *R340C*
64750-K57-A70ZC,Bộ cánh yếm phải *NHB25M*
64750-K57-A90ZA,Bộ cánh yếm phải *B189C*
64750-K57-A90ZB,Bộ cánh yếm phải *NHB55P*
64750-K57-A90ZC,Bộ cánh yếm phải *R340C*
64750-K57-A90ZD,bửng phải blade đen nhám
64750-K57-AB0ZA,Bộ cánh yếm phải *TYPE3* *B189*
64750-K57-AB0ZB,Bộ cánh yếm phải *TYPE2* *R340*
64750-K57-AB0ZC,Bộ cánh yếm phải *TYPE1* *NHB25*
64750-K57-AC0ZA,Bộ cánh yếm phải *TYPE4* *B189*
64750-K57-AC0ZB,Bộ cánh yếm phải *TYPE3* *NHB55*
64750-K57-AC0ZC,Bộ cánh yếm phải *TYPE2* *R340*
64750-K57-AC0ZD,Bộ cánh yếm phải *TYPE1* *NHB25*
64750-K57-AD0ZA,Bộ cánh yếm phải*NHA76M*
64750-K57-AE0ZA,Bộ cánh yếm phải*NHB25M*
64750-K57-AE0ZB,Bộ cánh yếm phải*NHB25M*
64750-K57-AF0ZA,Bộ cánh yếm phải*NHA76M*
64750-K57-AF0ZB,Bộ cánh yếm phải*NHA76M*
64750-K57-AF0ZC,Bộ cánh yếm phải*NHA76M*
64750-K57-V00ZA,Bộ cánh yếm phải
64750-K57-V00ZB,Bộ cánh yếm phải
64750-K57-V10ZA,Bộ cánh yếm phải
64750-K57-V10ZB,Bộ cánh yếm phải
64750-K57-V10ZC,Bộ cánh yếm phải
64750-K57-V20ZA,bửng phải blade đen tem trắng
64750-K57-V20ZB,bửng phải blade đen tem cam
64750-K57-V20ZC,Bộ cánh yếm phải
64750-K57-V20ZD,Bộ cánh yếm phải
64750-K57-V50ZA,Bửng ngoài phải k57 trắng *NHB55P*
64750-K57-V50ZB,0
64750-K57-V50ZC,Bộ cánh yếm phải *NHB25M*
64750-K57-V80ZA,Bộ cánh yếm phải *NHB55P*
64750-K57-V80ZB,Bộ cánh yếm phải *YR322C*
64750-K57-V80ZC,Bộ cánh yếm phải *NHB25M*
64750-K57-V80ZD,Bộ cánh yếm phải *R340C*
64750-K66-V00ZB,"nắp chụp bình xăng ,nắp ngoài bình xăng Air blade(AB)125 (2016-2019) Cam-R322C"
64750-K66-V00ZC,"nắp chụp bình xăng ,nắp ngoài bình xăng Air blade(AB)125 (2016-2019) ĐỎ-R340C"
64750-K66-V00ZD,"nắp chụp bình xăng ,nắp ngoài bình xăng Air blade(AB)125 (2016-2019) Xanh mực-B390M"
64750-K66-V00ZG,"nắp chụp bình xăng ,nắp ngoài bình xăng Air blade(AB)125 (2016-2019) Trắng-*NHB35P*"
64750-K66-V00ZH,"nắp chụp bình xăng ,nắp ngoài bình xăng Air blade(AB)125 (2016-2019) ĐEN Bóng- 25M*"
64750-K66-V00ZJ,"nắp chụp bình xăng ,nắp ngoài bình xăng Air blade(AB)125 (2016-2019) Xám Chì *A62M*"
64750-K66-V00ZK,"nắp chụp bình xăng ,nắp ngoài bình xăng Air blade(AB)125 (2016-2019) Xám đậm -B56M"
64750-K66-V00ZL,"nắp chụp bình xăng ,nắp ngoài bình xăng Air blade(AB)125 (2016-2019) Xám đen-B83M*"
64750-K66-V00ZM,"nắp chụp bình xăng ,nắp ngoài bình xăng Air blade(AB)125 (2016-2019) đồng -Y221M*"
64750-K66-V00ZN,"nắp chụp bình xăng ,nắp ngoài bình xăng Air blade(AB)125 (2016-2019) BẠC- B24M*"
64750-KTL-640ZB,"Bửng phải , cánh yếm phải Wave RS 100 (2005-2007) tím sen-RP173M*"
64750-KTL-640ZC,"Bửng phải , cánh yếm phải Wave RS 100 (2005-2007) đỏ tươi-R263*"
64750-KTL-640ZD,"Bửng phải , cánh yếm phải Wave RS 100 (2005-2007) VÀNG-Y106*"
64750-KTL-640ZE,"Bửng phải , cánh yếm phải Wave RS 100 (2005-2007) Xanh Ngọc -132M*"
64750-KTL-670ZA,"Bửng phải , cánh yếm phải Wave RS Repsol 100 (2005-2007) xanh mực-B373M*"
64750-KTL-780ZA,"Bửng phải , cánh yếm phải Wave ZX 100cc (2004-2005) trắng tem-193P*"
64750-KTL-780ZB,"Bửng phải , cánh yếm phải Wave ZX 100cc (2004-2005) Đỏ tươi tem -263M*"
64750-KTL-780ZC,"Bửng phải , cánh yếm phải Wave ZX 100cc (2004-2005) tím tem-138M*"
64750-KTM-900ZF,"Bửng trái , cánh yếm trái Future II (125cc)(2004-2005) ĐỎ -161P*"
64750-KTM-900ZG,"Bửng trái , cánh yếm trái Future II (125cc)(2004-2005) Xanh *BG107M*"
64750-KTM-900ZH,"Bửng trái , cánh yếm trái Future II (125cc)(2004-2005) TÍM Cà -138M*"
64750-KTM-980ZA,"Bửng trái , cánh yếm trái Future Neo 125 GT (2005-2008) ĐỎ -R315C*"
64750-KTM-980ZB,"Bửng trái , cánh yếm trái Future Neo 125 GT (2005-2008)TRẮNG -193P*"
64750-KTM-980ZC,"Bửng trái , cánh yếm trái Future Neo 125 GT (2005-2008) Đen - NH69*"
64750-KVR-920ZF,Bộ cánh yếm phải *BG132M*
64750-KVR-V20ZD,#N/A
64750-KVR-V20ZE,0
64750-KVR-V40ZA,"Bửng phải ,cánh yếm phải Wave S100 (2005-2007) Đen - NH69*"
64750-KVR-V40ZB,"Bửng phải ,cánh yếm phải Wave S100 (2005-2007) Đỏ -R313C*"
64750-KVR-V40ZD,"Bửng phải ,cánh yếm phải Wave S100 (2005-2007) Xanh mực-B373M*"
64750-KVR-V60ZA,"Bửng trái , cánh yếm trái Wave RSX 100 (2007-2008) Xanh mực- *PB383M*"
64750-KVR-V60ZB,"Bửng trái , cánh yếm trái Wave RSX 100 (2007-2008) Đỏ -R315P*( đời mắt phượng)"
64750-KVR-V60ZC,"Bửng trái , cánh yếm trái Wave RSX 100 (2007-2008) TRẮNG -A96P*( đời mắt phượng)"
64750-KVR-V60ZD,"Bửng trái , cánh yếm trái Wave RSX 100 (2007-2008) Xanh Ngọc-B206M*( đời mắt phượng)"
64750-KVR-V80ZA,"Bửng trái , cánh yếm trái Wave RSX 100 (2007-2008) Xanh mực repsol *PB383M*"
64750-KWY-840ZA,#N/A
64750-KWY-860ZA,#N/A
64750-KWY-940ZC,#N/A
64750-KYL-900ZA,Bộ cánh yếm trái *NHA69P*
64750-KYL-900ZB,Bửng trái fu neo fi đỏ 2009
64750-KYL-900ZC,Bộ cánh yếm trái *NHA96P*
64750-KYL-920ZA,Bộ cánh yếm trái *NHA69P*
64750-KYL-920ZB,Bộ cánh yếm trái *R313C*
64750-KYL-920ZD,Bộ cánh yếm trái *B206M*
64770-K57-A00ZA,Bửng ngoài blade trắng trái *NHB55*
64770-K57-A00ZB,Bộ cánh yếm trái *R340*
64770-K57-A00ZC,Bộ cánh yếm trái *NHB25*
64770-K57-A20ZA,Bộ cánh yếm trái *B189*
64770-K57-A20ZB,Bộ cánh yếm trái *NHB55*
64770-K57-A20ZC,Bộ cánh yếm trái *R340*
64770-K57-A20ZD,Bộ cánh yếm trái *NHB25*
64770-K57-A30ZB,Bộ cánh yếm trái *R340C*
64770-K57-A30ZC,Bộ cánh yếm trái *NHB25M*
64770-K57-A50ZB,Bộ cánh yếm trái *NHB55P*
64770-K57-A50ZC,Bộ cánh yếm trái *R340C*
64770-K57-A50ZD,Bộ cánh yếm trái *NHB25M*
64770-K57-A70ZA,Bộ cánh yếm trái *B189C*
64770-K57-A70ZB,Bộ cánh yếm trái *R340C*
64770-K57-A70ZC,Bộ cánh yếm trái *NHB25M*
64770-K57-A90ZA,0
64770-K57-A90ZB,Bộ cánh yếm trái *NHB55P*
64770-K57-A90ZC,Bộ cánh yếm trái *R340C*
64770-K57-A90ZD,bửng trái blade đen nhám
64770-K57-AB0ZA,0
64770-K57-AB0ZB,Bộ cánh yếm trái *TYPE2* *R340*
64770-K57-AB0ZC,0
64770-K57-AC0ZA,Bộ cánh yếm trái *TYPE4* *B189*
64770-K57-AC0ZB,Bộ cánh yếm trái *TYPE3* *NHB55*
64770-K57-AC0ZC,Bộ cánh yếm trái *TYPE2* *R340*
64770-K57-AC0ZD,Bộ cánh yếm trái *TYPE1* *NHB25*
64770-K57-AD0ZA,Bộ cánh yếm trái*NHA76M*
64770-K57-AE0ZA,Bộ cánh yếm trái*NHB25M*
64770-K57-AE0ZB,Bộ cánh yếm trái*NHB25M*
64770-K57-AF0ZA,Bộ cánh yếm trái*NHA76M*
64770-K57-AF0ZB,Bộ cánh yếm trái*NHA76M*
64770-K57-AF0ZC,Bộ cánh yếm trái*NHA76M*
64770-K57-V00ZA,0
64770-K57-V00ZB,Bộ cánh yếm trái
64770-K57-V10ZA,Bộ cánh yếm trái
64770-K57-V10ZB,0
64770-K57-V10ZC,Bộ cánh yếm trái
64770-K57-V20ZA,bửng trái blade đen tem trắng
64770-K57-V20ZB,bửng trái blade đen tem cam
64770-K57-V20ZC,Bộ cánh yếm trái
64770-K57-V20ZD,Bộ cánh yếm trái
64770-K57-V50ZA,Bửng ngoài trái k57 trắng *NHB55P*
64770-K57-V50ZB,0
64770-K57-V50ZC,Bộ cánh yếm trái *NHB25M*
64770-K57-V80ZA,Bộ cánh yếm trái *NHB55P*
64770-K57-V80ZB,0
64770-K57-V80ZC,Bộ cánh yếm trái *NHB25M*
64770-K57-V80ZD,Bộ cánh yếm trái *R340C*
64770-K89-V00ZA,0
64770-K89-V00ZB,bửng trái Wa 110 xanh ngọc *B203*
64770-K89-V00ZC,bửng trái Wa 110 trắng *NHB55*
64770-K89-V00ZD,bửng trái Wa 110 đen *NHB25*
64770-K89-V00ZE,bửng trái Wa 110 tươi *R263*
64770-K89-V20ZA,Cánh yếm trái *GY150P*
64770-K89-V20ZC,Cánh yếm trái *NHB55P*
64770-K89-V20ZD,Cánh yếm trái *NHB25M*
64770-K89-V20ZE,Cánh yếm trái *R263*
64770-K89-V30ZA,bửng trái Wa 110 mực *PB421M*
64770-K89-V30ZB,Bộ cánh yếm trái *GY150P*
64770-K89-V30ZD,Bộ cánh yếm trái *NHB55P*
64770-K89-V30ZE,Bộ cánh yếm trái *NHB25M*
64770-K89-V40ZA,bửng trái Wa 110 cam *YR322C*
64770-K89-V50ZA,bửng trái Wa 110 mực tem vàng*PB421*
64770-K89-V50ZB,bửng trái Wa 110 xanh ngọc tem vàng *B203*
64770-K89-V50ZC,bửng trái Wa 110 trắng tem vàng *NHB55*
64770-K89-V50ZD,bửng trái Wa 110 đen tem vàng *NHB25*
64770-K89-V50ZE,bửng trái Wa 110 tươi tem vàng *R263*
64770-K89-V70ZA,bửng trái W@ 2022 đen nhám tem trắng (V70)
64770-K89-V70ZB,Bộ ốp cánh yếm trái *PB421*
64770-K89-V70ZC,bửng trái Wa 110 trắng tem xanh *NHB55*
64770-K89-V70ZD,Bộ ốp cánh yếm trái *R389*
64770-K89-V90ZA,Bộ cánh yếm trái*PB421M*
64770-K89-V90ZB,0
64770-K89-V90ZC,Bộ cánh yếm trái*R389*
64770-K89-V90ZD,Bộ cánh yếm trái*NHA76M*
64770-K89-VB0ZA,bửng trái W@ 2022 kem *Y229P*
64770-K89-VB0ZB,bửng trái W@ 2022 trắng tem xám xi măng (VB0)
64770-K89-VD0ZA,0
64770-K89-VD0ZB,Bộ cánh yếm trái *PB408P*
64770-KTL-640ZB,"Bửng trái , cánh yếm trái Wave RS 100 (2005-2007) tím sen-RP173M*"
64770-KTL-640ZC,"Bửng trái, cánh yếm trái Wave RS 100 (2005-2007) đỏ tươi-R263*"
64770-KTL-640ZD,"Bửng trái, cánh yếm trái Wave RS 100 (2005-2007) VÀNG-Y106*"
64770-KTL-640ZE,"Bửng trái, cánh yếm trái Wave RS 100 (2005-2007) Xanh Ngọc -132M*"
64770-KTL-670ZA,"Bửng trái, cánh yếm trái Wave RS Repsol 100 (2005-2007) xanh mực-B373M*"
64770-KTL-780ZA,"Bửng trái, cánh yếm trái Wave ZX 100cc (2004-2005) trắng tem-193P*"
64770-KTL-780ZB,"Bửng trái, cánh yếm trái Wave ZX 100cc (2004-2005) Đỏ tươi tem -263M*"
64770-KTL-780ZC,"Bửng trái, cánh yếm trái Wave ZX 100cc (2004-2005) tím tem-138M*"
64770-KVR-920ZF,0
64770-KVR-V20ZD,#N/A
64770-KVR-V20ZE,0
64770-KVR-V40ZA,"Bửng trái ,cánh yếm trái Wave S100 (2005-2007) Đen - NH69*"
64770-KVR-V40ZB,"Bửng trái ,cánh yếm trái Wave S100 (2005-2007) Đỏ -R313C*"
64770-KVR-V40ZD,"Bửng trái ,cánh yếm trái Wave S100 (2005-2007) Xanh mực-B373M*"
64770-KWY-860ZB,#N/A
64770-KWY-940ZC,Bộ cánh yếm trái *NHA69P*
64770-KWY-A10ZC,#N/A
64770-KWY-A10ZE,#N/A
64770-KWY-A20ZB,"Bửng trái , cánh yếm trái Wave (A) cá 100 (2011-2012) đồng Y208*"
64770-KWY-A30ZA,"Bửng trái , cánh yếm trái Wave (A) cá 100 (2013-2015) Xám tem tổ ong -NH262*"
64770-KWY-A30ZB,"Bửng trái , cánh yếm trái Wave (A) cá 100 (2013-2015) XANH Ngọc tem tổ ong-203M*"
64770-KWY-A30ZC,"Bửng trái , cánh yếm trái Wave (A) cá 100 (2013-2015) TRẮNG  tem tổ ong-NH55P*"
64770-KWY-A30ZD,"Bửng trái , cánh yếm trái Wave (A) cá 100 (2013-2015) Đen tem tổ ong- B25M*"
64770-KWY-A30ZE,"Bửng trái , cánh yếm trái Wave (A) cá 100 (2013-2015) Đỏ tươi tem tổ ong- R263"
64770-KWY-A40ZA,"Bửng trái , cánh yếm trái Wave (A) cá 100 (2013-2015) Màu CAM tem tổ ong -R322C*"
64800-KTM-970ZB,Bộ cốp bên phải Future Neo 125 (2005-2007) Xanh lá mạ Đĩa-194M*
64800-KTM-980ZA,Bộ cốp bên phải Future Neo 125 GT (2005-2007) ĐỎ -R315C*
64800-KTM-980ZB,Bộ cốp bên phải Future Neo 125 GT (2005-2007)TRẮNG -193P*
64800-KVL-940ZA,Bộ cốp bên phải Future Neo 125 FI (2005-2008) ĐEN-A69P*- ĐỎ R315P*
64800-KVL-940ZB,Bộ cốp bên phải Future Neo 125 FI (2005-2008) TRẮNG -A96P*
64800-KVL-V00ZA,Bộ cốp bên phải Future Neo 125 (2005-2007) ĐỎ -R313C*
64800-KVL-V00ZC,Bộ cốp bên phải Future Neo 125 (2005-2007)  Xanh mực 368P*- Bạc 411M*
64800-KVL-V00ZD,"Bộ cốp bên phải Future Neo 125, 125 GT (2005-2007) ĐEN Bóng-A69P*"
64800-KVL-V30ZA,Bộ cốp bên phải Future Neo 125 (2007-2008) ĐỎ -R313C*
64800-KVL-V30ZE,Bộ cốp bên phải Future Neo 125 (2007-2008) ĐEN Bóng-A69P*
64800-KYL-700ZB,Bộ ốp cốp phải Future X FI (2010-2011) Đỏ -*R340C*
64800-KYL-700ZC,Bộ ốp cốp phải Future X FI (2010-2011) ĐEN -A69P*
64800-KYL-720ZB,Bộ ốp cốp phải Future X (2010-2011) Đỏ -*R340C*
64800-KYL-720ZC,Bộ ốp cốp phải Future X (2010-2011) ĐEN -A69P*
64800-KYL-840ZA,Bộ ốp cốp phải Future X FI (2010-2011) Xám -*A62M*
64800-KYL-840ZB,Bộ ốp cốp phải Future X FI (2010-2011) Đỏ -*R340C*
64800-KYL-840ZC,Bộ ốp cốp phải Future X FI (2010-2011) TRẮNG -A96P*
64800-KYL-860ZA,Bộ ốp cốp phải Future X (2010-2011) Xám -*A62M*
64800-KYL-860ZB,Bộ ốp cốp phải Future X (2010-2011) Đỏ -*R340C*
64800-KYL-860ZC,Bộ ốp cốp phải Future X (2010-2011) Xanh ngọc *B206M*
64800-KYL-900ZA,Bộ cốp bên phải Future Neo 125 FI (2008-2009) ĐEN-A69P*- ĐỎ R315P*
64800-KYL-920ZA,Bộ cốp bên trái Future Neo 125 (2008-2010) ĐEN -A69P*
64800-KYL-920ZB,Bộ cốp bên trái Future Neo 125 (2008-2010) ĐỎ -R313C*
64800-KYL-920ZD,Bộ cốp bên trái Future Neo 125 (2008-2010) Xanh ngọc *B206M*
64850-KTM-970ZB,Bộ cốp bên trái Future Neo 125 (2005-2007) Xanh lá mạ Đĩa-194M*
64850-KTM-980ZA,Bộ cốp bên trái Future Neo 125 GT (2005-2008) ĐỎ -R315C*
64850-KTM-980ZB,Bộ cốp bên trái Future Neo 125 GT (2005-2008)TRẮNG -193P*
64850-KVL-940ZA,Bộ cốp bên trái Future Neo 125 FI (2005-2008) ĐEN-A69P*- ĐỎ R315P*
64850-KVL-940ZB,Bộ cốp bên trái Future Neo 125 FI (2005-2008) TRẮNG -A96P*
64850-KVL-V00ZA,Bộ cốp bên trái Future Neo 125 (2005-2008) ĐỎ -R313C*
64850-KVL-V00ZC,Bộ cốp bên trái Future Neo 125 (2005-2008)  Xanh mực 368P*- Bạc 411M*
64850-KVL-V00ZD,"Bộ cốp bên trái Future Neo 125, 125 GT (2005-2008) ĐEN Bóng-A69P*"
64850-KVL-V30ZA,Bộ cốp bên trái Future Neo 125 (2007-2008) ĐỎ -R313C*
64850-KVL-V30ZE,Bộ cốp bên trái Future Neo 125 (2007-2008) ĐEN Bóng-A69P*
64850-KYL-700ZB,Bộ ốp cốp trái Future X FI (2010-2011) Đỏ -*R340C*
64850-KYL-720ZB,Bộ ốp cốp trái Future X (2010-2011) Đỏ -*R340C*
64850-KYL-840ZA,Bộ ốp cốp trái Future X FI (2010-2011) Xám -*A62M*
64850-KYL-840ZB,Bộ ốp cốp trái Future X FI (2010-2011) Đỏ -*R340C*
64850-KYL-840ZC,Bộ ốp cốp trái Future X FI (2010-2011) TRẮNG -A96P*
64850-KYL-860ZA,Bộ ốp cốp trái Future X (2010-2011) Xám -*A62M*
64850-KYL-860ZB,Bộ ốp cốp trái Future X (2010-2011) Đỏ -*R340C*
64850-KYL-860ZC,Bộ ốp cốp trái Future X (2010-2011) Xanh ngọc *B206M*
64850-KYL-900ZA,Bộ cốp bên trái Future Neo 125 FI (2008-2009) ĐEN-A69P*- ĐỎ R315P*
64850-KYL-920ZA,Bộ cốp bên trái Future Neo 125 (2008-2010) ĐEN -A69P*
64850-KYL-920ZB,Bộ cốp bên trái Future Neo 125 (2008-2010) ĐỎ -R313C*
64850-KYL-920ZD,Bộ cốp bên trái Future Neo 125 (2008-2010) Xanh ngọc *B206M*
67100-K35-V00ZA,"Bộ tấm chắn đồng hồ tốc độ, ốp chắn gió đồng hồ Pcx 125 (2014-2016)"
67100-K96-V00ZA,"Bộ tấm chắn đồng hồ tốc độ, ốp chắn gió đồng hồ Pcx 125 (2017-2020)"
67100-KWN-871ZA,"Bộ tấm chắn đồng hồ tốc độ, ốp chắn gió đồng hồ Pcx 125 (2010-2013)"
72148-S04-000,Pin điều khiển
72148-SEA-900,#N/A
77110-KEV-900,#N/A
77120-KEV-900,#N/A
77200-GGE-900,yên lead
77200-K01-900ZB,Yên xe
77200-K03-M60,yên rsx 110-2014
77200-K03-V40,Yên xe
77200-K07-940,Yên xe
77200-K07-V00,yên rsx 110-2012
77200-K0R-V00ZB,Yên Sh 2020
77200-K12-920ZA,Yên xe
77200-K12-950ZA,Yên xe *YR286R*
77200-K27-V00ZD,yên xe air 2013
77200-K29-900ZA,"Yên xe R340, NHB25K"
77200-K29-900ZB,#N/A
77200-K29-900ZC,#N/A
77200-K2C-V00ZA,Yên xe Vision 2022 Đen *TYPE3*
77200-K2S-V00ZA,Yên Vario 160 Nâu
77200-K44-V00ZA,Yên xe vision 2014 nâu
77200-K44-V00ZB,Yên vision 14 đen
77200-K44-V80ZD,Yên xe *NHB55P*
77200-K56-V00,Yên xe
77200-K57-A00,Yên xe
77200-K66-V00ZA,Yên Air 16 đen chỉ đỏ
77200-K66-V00ZB,Yên Air 16 đen bạc
77200-K66-V00ZC,Yên Air 16 Đen
77200-K73-V40ZA,0
77200-K73-V40ZB,Yên Fu Led đen
77200-K73-V90ZA,Yên Fu Led Nâu
77200-K89-V00,Yên xe
77200-K90-VC0,Yên xe
77200-KEV-900,yên w
77200-KFV-950,yên spe
77200-KTL-680,yên wa
77200-KTL-740,yên rs
77200-KTL-780,yên zx
77200-KTM-970,yên fu neo
77200-KVB-950,Yên xe
77200-KVG-910,yên air
77200-KVG-V40ZA,Yên xe SPORT
77200-KVG-V40ZB,Yên xe STD
77200-KVG-V80ZA,Yên xe *NH-B25F*
77200-KVG-V80ZB,#N/A
77200-KVL-930,YÊN FU NEO FI
77200-KWN-980ZB,yên pcx đen
77200-KWW-B80,0
77200-KWW-E00,yên ws 110-2012
77200-KWY-A30,#N/A
77200-KYZ-V10,0
77200-KZL-E10,Yên xe
77200-KZV-V30,#N/A
77201-KPH-900,bản lề yên neo
77201-KVG-900,bát yên air
77201-KVR-960,bản lề yên rs
77201-KWW-B20,bát  yên ws 110
77230-GN5-730,Cụm gài chốt khoá yên xe
77230-K07-900,#N/A
77230-K12-900,#N/A
77230-K27-V00,Bộ khóa yên xe
77230-K2C-V00,Kẹp yên Vision 2022
77230-K44-V00,Kẹp yên Vision 2014
77230-K56-N10,Cụm khóa yên xe
77230-KEV-900,khóa yên w
77230-KPH-701,khóa yên neo
77230-KPH-901,#N/A
77230-KTL-741,Cụm khóa yên xe
77230-KVG-900,khóa yên air
77230-KWW-600,#N/A
77230-KYZ-900,#N/A
77230-KZL-930,Cụm khóa yên xe
77235-GGE-900,khóa yên lead
77235-KEV-900,#N/A
77240-K12-901,Dây cáp khóa yên
77240-K29-961,Dây cáp khóa yên
77240-K2C-V02,Dây cáp khoá yên xe
77240-K44-V81,Dây cáp khóa yên
77240-K66-V01,Dây cáp khóa yên
77240-K90-VC1,#N/A
77241-K27-V01,#N/A
77241-KTM-971,0
77241-KVG-900,dây mở yên air
77241-KYZ-V01,DÂY CÁP KHOÁ YÊN XE
80100-GN5-900ZM,"Chắn bùn sau, đuôi bắt biển số sau ,vè sau Sper Dream 100, DREAM II (1997-2009) Nâu - *R150C*"
80100-K01-900ZA,"Chắn bùn sau, đuôi bắt biển số sau ,vè sau SH 125/150 (2012-2016) "
80100-K07-940ZA,"Chắn bùn sau, đuôi bắt biển số sau ,vè sau RSX 110cc (2012-2013)(kiểu siêu nhân, bọ ngựa)"
80100-K0R-V00ZA," Chắn bùn sau , đuôi bắt biển số sau, dè sau SH 125/150/160 (2020-2015)"
80100-K0S-V50ZA," Chắn bùn sau , đuôi bắt biển số sau, dè sau SH 125/150/160 (2020-2015)"
80100-K27-V00," Chắn bùn sau , đuôi bắt biển số sau, dè sau Air blade(AB)125 (2013-2015)"
80100-K2S-V00ZA," Chắn bùn sau , đuôi bắt biển số sau, dè sau Vario125 , click 125(2018-2023)"
80100-K44-V00ZA," Chắn bùn sau , đuôi bắt biển số sau, dè sau Vision 110 (2014-2020)"
80100-K56-N10,"Cóc đuôi , chụp đèn soi biển số , chắn bùn sau trên Winer 150 (2016-2018)"
80100-K56-V50," Chắn bùn sau phía trên, dè biển số, cóc dè sau Winner X-V2 (2019-2021)"
80100-KEV-900," Chắn bùn sau , đuôi bắt biển số sau, dè sau Wave alpha nhỏ 100cc (2001-2005)"
80100-KFL-890," Chắn bùn sau , đuôi bắt biển số sau, dè sau Future 110(1999-2004)"
80100-KPH-700," Chắn bùn sau , đuôi bắt biển số sau,  dè sau Future neo 125 (2005-2008)"
80100-KPH-900," Chắn bùn sau , đuôi bắt biển số sau, dè sau Future II (125cc)(2004-2005)"
80100-KTF-980," Chắn bùn sau , đuôi bắt biển số sau, dè sau SH 125/150(2009-2011)"
80100-KVG-V40," Chắn bùn sau , đuôi bắt biển số sau, dè sau Air blade (AB)110 Fi (2011-2012)"
80100-KVL-T10," Chắn bùn sau , đuôi bắt biển số sau,  dè sau  Wave RSX 100 (2007-2008)"
80100-KWW-A80ZA,"Chắn bùn sau, đuôi bắt biển số sau, vè sau Wave S110 (2012-2013) mỏ chu đen nhám"
80100-KWW-B80,"Chắn bùn sau, đuôi bắt biển số sau, vè sau Wave S110 (2009-2011) đen nhám"
80100-KYZ-V00,"Chắn bùn sau,đuôi bắt biển số sau, vè sau Future 125-125 FI , Future 125 mập (2012-2015) "
80100-KZV-V30,"Chắn bùn sau, đuôi bắt biển số sau ,vè sau Sper Dream 110 (2013-2017)"
80101-GBG-B20,"cóc rùa ,mui rùa,chắn bùn sau bên trong Sper Dream 100, DREAM II (1997-2009) đen nhám"
80101-K01-900,"Chắn bùn sau B, chắn bùn sau bên trong SH 125/150 (2012-2016) "
80101-K1F-V00,"Dè con sau ,chắn bùn sau bên trong Air blade (AB)125/150 (2021-2021)"
80101-K1N-D00ZA," Chắn bùn sau , đuôi bắt biển số sau, dè sau SH Mode 125 (2021-2025) đen nhám"
80101-K1N-V00ZA,"Chắn bùn sau , đuôi bắt biển số sau, dè sau SH Mode 125 (2021-2025) Nâu *YR286*"
80101-K1N-V00ZB,"Chắn bùn sau , đuôi bắt biển số sau, dè sau SH Mode 125 (2021-2025) đen *NH1*"
80101-K27-V00,"dè con sau dưới,chắn bùn trong sau Air blade(AB)125 (2013-2015)"
80101-K29-900ZA,"Chắn bùn sau , đuôi bắt biển số sau, dè sau SH mode 125 (2013-2020) Nâu *YR286*"
80101-K29-900ZB," Chắn bùn sau , đuôi bắt biển số sau, dè sau SH Mode 125 (2013-2020) đen nhám"
80101-K2Z-V00,"dè con sau dưới,chắn bùn trong sau,  Air blade(AB)125/160 (2022-2025)"
80101-K44-V00,"dè con sau dưới,chắn bùn trong sau Vision 110 (2014-2020)"
80101-K44-V80,"dè con sau dưới,chắn bùn trong sau Vision 110 (2014-2020)"
80101-K66-V00,"dè con sau dưới,chắn bùn trong sau  Air blade(AB)125 (2013-2015)"
80101-K77-V00,"Chắn bùn sau B, chắn bùn sau bên trong SH 125/150 (2017-2019) "
80101-K97-T00,"Chắn bùn sau , đuôi bắt biển số sau, dè sau Pcx 125 (2018-2020) đen nhám"
80101-KEV-900,"Chắn bùn sau B, chắn bùn sau bên trong Wave alpha nhỏ 100cc (2001-2005)"
80101-KFL-890,#N/A
80101-KTL-740,"Chắn bùn sau B, chắn bùn sau bên trong Wave A 100, Wave RS 100,Wave S 100 (2005-2016) Đen nhám-NH1*"
80101-KVG-V20,"dè con sau dưới,chắn bùn trong sau  Air blade(AB)110 (2007-2010) đen nhám"
80101-KVG-V40,"dè con sau dưới,chắn bùn trong sau  Air blade(AB)110 (2011-2012) đen nhám"
80102-K01-900,"dè con sau dưới,chắn bùn trong sau SH 125/150 (2017-2019)  đen nhám"
80102-K27-V00,Ốp bình chứa dung dịch làm mát Air blade(AB)125 (2013-2015)
80102-K29-900,"Chắn bùn sau B, chắn bùn sau bên trong SH Mode 125 (2013-2020) đen nhám"
80102-K2Z-V00,Ốp bình chứa dung dịch làm mát Air blade(AB)125/160 (2022-2025)
80103-K1N-V00,#N/A
80103-K29-900,"dè con sau dưới,chắn bùn trong sau SH Mode 125 (2013-2015) đen nhám"
80103-K59-A70ZA,"Ốp Chắn Bùn Sau trên,chụp cóc đèn xi nhan sau vario 125, click 125 (2018-2013)"
80104-K29-900ZA,"Nắp đèn soi biển số, cóc dè SH Mode 125 (2013-2015) Nâu YR286R*"
80104-K44-V00,0
80105-GGE-900,"Chắn bùn sau , đuôi bắt biển số sau, dè sau Lead 110 (2008-2012) đen nhám"
80105-K0R-V00ZA,"Nắp đèn soi biển số, cóc dè SH 125/150/160 (2020-2025) đen nhám"
80105-K12-900,"Chắn bùn sau , đuôi bắt biển số sau, dè sau Lead 125 (2013-2016) đen nhám"
80105-K12-V00ZA,"Chắn bùn sau , đuôi bắt biển số sau, dè sau Lead 125 (2017-2019) nâu *YR286R*"
80105-K12-V00ZB,"Chắn bùn sau , đuôi bắt biển số sau, dè sau Lead 125 (2017-2019) đen nhám"
80105-K29-900,Nắp chắn bùn B sau SH Mode 125 (2013-2015) đen nhám
80105-K2T-V00ZA,"Chắn bùn sau , đuôi bắt biển số sau, dè sau Lead 125 (2021-2025) nâu *YR286R*"
80105-K2T-V00ZB,"Chắn bùn sau , đuôi bắt biển số sau, dè sau Lead 125 (2021-2025) đen nhám"
80105-K35-V00,"Chắn bùn sau , đuôi bắt biển số sau, dè sau Pcx 125 (2014-2016) đen nhám"
80105-K73-V00,"Nắp đuôi sau dưới, ốp nhựa gắn dạ quang sau Future 125 Fi, Future 125 Mập (2016-2018)"
80105-K73-V40,"Nắp đuôi sau dưới, ốp nhựa gắn dạ quang sau Future 125 Fi, Future 125 Mập (2018-2019)"
80105-K77-V00ZA,"Nắp đèn soi biển số, cóc đuôi SH 125/150 (2017-2019) đen nhám"
80105-KVB-930,"Chắn bùn sau , đuôi bắt biển số sau, dè sau click 110 (2006-2011) đen nhám"
80105-KVG-950,"Chắn bùn sau , đuôi bắt biển số sau, dè sau Air 110 (2007-2010) đen nhám"
80105-KYZ-900,ốp đuôi đèn hậu sau dưới Future 125 Fi (2011-2018)
80105-KZL-E00ZB,"Chắn bùn sau , đuôi bắt biển số sau, dè sau Vision 110 (2011-2013) đen nhám"
80106-K01-900,Bộ chắn bùn C sau trước SH 125/150 (2012-2015) đen nhám
80106-K12-900,Chắn bùn sau bên trong Lead 125 (2013-2016) đen nhám
80106-KVG-900,chắn bùn sau trong Air 110 (2007-2008) đen nhám
80106-KVG-V20,chắn bùn sau trong Air 110 Fi (2009-2010) đen nhám
80108-K0R-V00,0
80110-GN5-900,"Che nước ngắn Sper Dream 100, DREAM II (1997-2009)"
80110-K03-M60ZA,"đuôi sau, chắn bùn sau bắt bảng số RSX 110cc (2014-2015)"
80110-K1F-V00,"đuôi sau, chắn bùn sau bắt bảng số Air blade(AB)125/160 (2022-2025)"
80110-K1N-V00ZA,"Nắp đèn soi biển số, cóc đuôi SH Mode 125 (2021-2025) Nâu *YR286*"
80110-K1N-V00ZB,"Nắp đèn soi biển số, cóc đuôi SH Mode 125 (2021-2025) đen *NH1*"
80110-K29-900ZA,"Nắp đèn soi biển số, cóc đuôi SH Mode 125 (2013-2015) Nâu *YR286*"
80110-K29-900ZB,"Nắp đèn soi biển số, cóc đuôi SH Mode 125 (2013-2015) đen *NH1*"
80110-K2C-V00ZA,"Chắn bùn sau, đuôi bắt biển số sau, vè sau Vision 110 (2021-2026+)"
80110-K2Z-V00,"Chắn bùn sau, đuôi bắt biển số sau, vè sau  Air blade (AB)160 (2022-2025)"
80110-K56-V00,"Chắn bùn sau dưới, đuôi bắt biển số, vè biển số dưới Winner X-V2 (2019-2021)"
80110-K57-V00ZC,"đuôi sau, chắn bùn sau bắt bảng số Wave Blade 110cc (2017-2025)"
80110-K66-V00ZA,"Chắn bùn sau, đuôi bắt biển số sau, vè sau Air Blade 125 (2016-2019) "
80110-K89-V00ZA,"đuôi sau, chắn bùn sau bắt bảng số Wave (A)110cc (2017-2025)"
80110-K90-VC0ZA,Chắn bùn đuôi sau *NH1*
80110-KFV-950,"Che nước Dài Sper Dream 100, DREAM II (1997-2009)"
80110-KWW-B80ZA,#N/A
80120-GN5-900,"hộp đựng đồ nghề Sper Dream 100, DREAM II (1997-2009)"
80121-GGE-900,"Nắp đèn soi biển số, cóc đuôi Lead 110 (2008-2012) đen nhám"
80121-K44-V00ZA,ốp xi nhan sau phải  Vision 110 (2014-2020) đen nhám
80121-K97-T00,#N/A
80121-KZL-930,ốp xi nhan sau phải  Vision 110 (2011-2013) đen nhám
80125-K2C-V00ZA,"Nắp đèn soi biển số, cóc đuôi Vision 110 (2021-2026+) đen nhám"
80130-K2C-V00,dè con sau trong  Vision 110 (2021-2026+) đen nhám
80131-K44-V00ZA,ốp xi nhan sau trái  Vision 110 (2014-2020) đen nhám
80131-K97-T00,#N/A
80131-KZL-930,ốp xi nhan sau trái  Vision 110 (2011-2013) đen nhám
80140-KEV-880,"Hộp đựng đồ wave,fu"
80150-K01-900ZA,"chụp dè sau , chụp soi biển số SH 125/150 (2012-2015) đen nhám"
80150-K03-M60ZA,Chắn bùn bên trong NH1
80150-K07-940ZA,#N/A
80150-K2P-V60,"chắn bùn B sau,dè gầm sau,lót gầm bánh sau Winner X-V3 (2022-2023)"
80150-K56-V00,"chắn bùn B sau,dè gầm sau,lót gầm bánh sau Winner 150 (2016-2018)"
80150-K56-V50,"Chắn bùn B sau, dè gầm sau, lót sườn dưới bình xăng, ốp hộc bình ắc quy Winner X-V2 (2019-2021)"
80150-K77-V00ZA,"Chắn bùn sau, đuôi bắt biển số sau ,vè sau SH 125/150 (2017-2019) "
80150-KEV-880,0
80151-GGE-900,"sống yên , ốp nhựa trung tâm dưới đầu yên Lead 110 (2008-2012) đen nhám"
80151-K12-900ZA,"sống yên , ốp nhựa trung tâm dưới đầu yên Lead 125 (2013-2016) vàng nhám"
80151-K12-900ZB,"sống yên , ốp nhựa trung tâm dưới đầu yên Lead 125 (2013-2016) Nâu nhám"
80151-K12-900ZC,"sống yên , ốp nhựa trung tâm dưới đầu yên Lead 125 (2013-2016) Đen nhám"
80151-K12-V00ZA,"Sống yên , ốp nhựa trung tâm dưới đầu yên Lead 125 (2017-2019) Vàng Kem *YR299P*"
80151-K12-V00ZB,"Sống yên , ốp nhựa trung tâm dưới đầu yên Lead 125 (2017-2019) Đỏ đô *YR299P*"
80151-K12-V00ZC,"Sống yên , ốp nhựa trung tâm dưới đầu yên Lead 125 (2017-2019) Xanh mực*PB403P*"
80151-K12-V00ZD,"Sống yên , ốp nhựa trung tâm dưới đầu yên Lead 125 (2017-2019) BẠC *NH411M*"
80151-K12-V00ZF,"Sống yên , ốp nhựa trung tâm dưới đầu yên Lead 125 (2017-2019) ĐEN *NHB25M*"
80151-K12-V00ZH,"Sống yên , ốp nhựa trung tâm dưới đầu yên Lead 125 (2017-2019) TRẮNG *NHA96P*"
80151-K12-V00ZL,"Sống yên , ốp nhựa trung tâm dưới đầu yên Lead 125 (2017-2019) Đỏ đô nho *R350C*"
80151-K1N-V00ZA,"sống yên , ốp nhựa trung tâm dưới đầu yên Lead 125 (2021-2025) Nâu nhám"
80151-K1N-V00ZB,"sống yên , ốp nhựa trung tâm dưới đầu yên Lead 125 (2021-2025) Đen nhám"
80151-K29-900ZA,"sống yên , ốp nhựa trung tâm dưới đầu yên SH Mode 125 (2013-2015) Nâu *YR286*"
80151-K29-900ZB,"sống yên , ốp nhựa trung tâm dưới đầu yên SH Mode 125 (2013-2015) ĐỎ R349*"
80151-K29-900ZC,"sống yên , ốp nhựa trung tâm dưới đầu yên SH Mode 125 (2013-2015) đen *NH1*"
80151-K2C-V00ZA,"sống yên , ốp nhựa trung tâm dưới đầu yên nâu Vision 110 (2021-2026+) Nâu *YR286R*"
80151-K2C-V00ZB,"sống yên , ốp nhựa trung tâm dưới đầu yên nâu Vision 110 (2021-2026+) Đen nhám"
80151-K2S-V00ZA,"sống yên , ốp nhựa trung tâm dưới đầu yên Vario 160, click 160 (2022-2026) Nâu *YR286R*"
80151-K2S-V00ZB,"sống yên , ốp nhựa trung tâm dưới đầu yên Vario 160, click 160 (2022-2025) Đen *NH1*"
80151-K44-V00ZA,"sống yên , ốp nhựa trung tâm dưới đầu yên nâu Vision 110 (2014-2020) Nâu *YR286R*"
80151-K44-V00ZB,"sống yên , ốp nhựa trung tâm dưới đầu yên nâu Vision 110 (2014-2020) Đen *NH1*"
80151-KVB-900ZA,"sống yên , ốp nhựa trung tâm dưới đầu yên Click 110 (2006-2011) đen nhám"
80151-KZL-930ZA,"sống yên , ốp nhựa trung tâm dưới đầu yên Vision 110 (2011-2013) Đen *NH1*"
80151-KZL-930ZE,"sống yên , ốp nhựa trung tâm dưới đầu yên Vision 110 (2011-2013) Nâu nhám-R321R*"
80151-KZV-T00,#N/A
80152-GGE-900,"nắp mở bình xăng, Nắp nhựa ngoài bình xăng Lead 110 (2008-2012)"
80152-K12-V00ZA,"Sống yên ,ốp nhựa trung tâm dưới Lead 125 (2017-2019) Nâu *YR286R*"
80152-K12-V00ZB,"Sống yên ,ốp nhựa trung tâm dưới Lead 125 (2017-2019) Đen *NH1*"
80152-K2T-V00ZA,"Sống yên ,ốp nhựa trung tâm dưới Lead 125 (2021-2025) Nâu *YR286R*"
80152-K2T-V00ZB,"Sống yên ,ốp nhựa trung tâm dưới Lead 125 (2021-2025) Đen *NH1*"
80155-K07-900,"Nắp đèn soi biển số, chụp đèn soi bảng số RSX 110cc (2012-2013) đen nhám(kiểu siêu nhân, bọ ngựa)"
80160-K0R-V00ZA,"Nắp mở bình xăng, Nắp nhựa ngoài bình xăng SH 125/150/160 (2020-2025) đen nhám"
80160-K12-900ZA,"Nắp mở bình xăng, Nắp nhựa ngoài bình xăng Lead 125 (2013-2016) Vàng nhám"
80160-K12-900ZB,"Nắp mở bình xăng, Nắp nhựa ngoài bình xăng Lead 125 (2013-2016) Nâu nhám"
80160-K12-900ZC,"Nắp mở bình xăng, Nắp nhựa ngoài bình xăng Lead 110 (2008-2012) đen nhám"
80160-K12-V00ZA,"Nắp mở bình xăng, Nắp nhựa ngoài bình xăng lead 2018 nâu *YR286R*"
80160-K12-V00ZB,"Nắp mở bình xăng, Nắp nhựa ngoài bình xăng lead 2018 đen nhám *NH1*"
80161-GGE-900,núm bình xăng Lead 110 (2008-2012) đen nhám
80162-GFM-970,Lò xo nắp bình xăng Lead 110 (2008-2012)
80200-K1G-V00ZA,"Nắp đèn soi biển số, cóc đuôi  Air blade (AB) 125/150 (2020-2021)đen nhám"
80200-K2Z-V00ZA,"Nắp đèn soi biển số, cóc đuôi Air blade (AB)125/160 (2022-2025) Đen nhám"
80200-K73-V40ZA,"Bộ chắn bùn sau  Future 125 Fi, Future 125 Mập (2018-2019) Đen nhám *NH1*"
81100-GN5-900,"Ba ga mũi , Ba ga trước Sper Dream 100, DREAM II (1997-2009)"
81130-K2S-N00ZN,"Nắp mở hộp chứa đồ bên trong Trước Vario 160, click 160 (2022-2025) đỏ *R406M*"
81130-K2S-N00ZQ,"Nắp mở hộp chứa đồ bên trong Trước Vario 160, click 160 (2022-2025) Xanh mực *PB421M*"
81130-K2S-N00ZR,"Nắp mở hộp chứa đồ bên trong Trước Vario 160, click 160 (2022-2025) Xám xi măng *NHC60M*"
81130-K2S-N00ZS,"Nắp mở hộp chứa đồ bên trong Trước Vario 160, click 160 (2022-2025) đen *NHB25M*"
81130-K35-V00ZA,"Yếm ổ khóa,Bộ ốp ngoài bên trong phải Pcx 125 (2014-2016) Xám ghi *R320M*"
81130-K35-V00ZB,"Yếm ổ khóa,Bộ ốp ngoài bên trong phải Pcx 125 (2014-2016) Đỏ Đô nho *R350C*"
81130-K35-V00ZC,"Yếm ổ khóa,Bộ ốp ngoài bên trong phải Pcx 125 (2014-2016) Trắng- B35P*"
81130-K35-V00ZD,"Yếm ổ khóa,Bộ ốp ngoài bên trong phải Pcx 125 (2014-2016) Đen bóng-25M*"
81130-K35-V00ZE,"Yếm ổ khóa,Bộ ốp ngoài bên trong phải Pcx 125 (2014-2016) BẠC Nhám -B18M*"
81130-K35-V00ZF,"Yếm ổ khóa,Bộ ốp ngoài bên trong phải Pcx 125 (2014-2016) ĐEN Nhám A76M"
81130-KWN-710ZB,"Yếm ổ khóa,Bộ ốp ngoài bên trong phải Pcx 125 (2012-2013) Đỏ nhám-R349*"
81130-KWN-710ZC,"Yếm ổ khóa,Bộ ốp ngoài bên trong phải Pcx 125 (2012-2013) ĐEN Nhám- NH1"
81130-KWN-900ZB,"Yếm ổ khóa,Bộ ốp ngoài bên trong phải Pcx 125 (2014-2016) Nâu -R286R*"
81131-GGE-900,"Yếm ốp ổ khóa, khoang chứa đồ trước Lead 110 (2008-2012) đen nhám"
81131-K01-610ZA,"Dưới yếm khóa, tấm ốp bên trong SH 125/150 (2015-2016) smarkey"
81131-K01-900ZA,"Dưới yếm khóa, tấm ốp bên trong ổ khóa SH 125/150 (2012-2014) không smarkey"
81131-K0R-V00ZA,"Dưới yếm khóa, tấm ốp bên trong SH 125/150/160 (2020-2025) đen nhám"
81131-K1N-V00ZA,"ốp yếm khóa, ốp trên bên trong SH mode 125 (2021-2025) Đỏ đô- 350C"
81131-K1N-V00ZB,"ốp yếm khóa, ốp trên bên trong SH mode 125 (2021-2025) xanh đen 410"
81131-K1N-V00ZD,"ốp yếm khóa, ốp trên bên trong SH mode 125 (2021-2022) TRẮNG - 35P*"
81131-K1N-V00ZE,"ốp yếm khóa, ốp trên bên trong  SH mode 125 (2021-2025) Đen Bóng - 25M*"
81131-K1N-V00ZF,"ốp yếm khóa, ốp trên bên trong  SH mode 125 (2021-2025) BẠC Nhám -B18M*"
81131-K1N-V00ZG,"ốp yếm khóa, ốp trên bên trong  SH mode 125 (2021-2025) XÁM Xi măng - C60P"
81131-K1N-V00ZH,"ốp yếm khóa, ốp trên bên trong  SH mode 125 (2021-2025) Đen Nhám -76M"
81131-K1N-V00ZJ,"ốp yếm khóa, ốp trên bên trong  SH mode 125 (2021-2025) Đỏ đô nho- 368C*"
81131-K29-900ZA,"Yếm ổ khóa,Bộ ốp trên bên trong SH Mode 125 (2013-2015) Kem *RP299*"
81131-K29-900ZC,"Yếm ổ khóa,Bộ ốp trên bên trong SH Mode 125 (2013-2015) đỏ *R340*"
81131-K29-900ZE,#N/A
81131-K29-900ZF,"Yếm ổ khóa,Bộ ốp trên bên trong SH Mode 125 (2013-2015) trắng đục *RP35*"
81131-K29-900ZG,"Yếm ổ khóa,Bộ ốp trên bên trong SH Mode 125 (2013-2015) ĐEN *B25J*"
81131-K29-900ZM,"Yếm ổ khóa,Bộ ốp trên bên trong SH Mode 125 (2013-2015) xanh cốm *Y150P*"
81131-K29-900ZN,"Yếm ổ khóa,Bộ ốp trên bên trong SH Mode 125 (2013-2015) BẠC Nhám -B18M*"
81131-K29-960ZA,"Yếm ổ khóa,Bộ ốp trên bên trong SH Mode 125 (2016-2017) Kem Smarkey *RP299*"
81131-K29-960ZB,"ốp yếm khóa, ốp trên bên trong  SH mode 125 (2016-2017) Đỏ đô nho Smarkey- 368C*"
81131-K29-960ZE,"ốp yếm khóa, ốp trên bên trong  SH mode 125 (2016-2017) Trắng đục Smarkey- B35P*"
81131-K29-960ZF,"ốp yếm khóa, ốp trên bên trong  SH mode 125 (2016-2017) Đen Bóng Smarkey- B25M*"
81131-K29-960ZG,"Yếm ổ khóa,Bộ ốp trên bên trong SH Mode 125 (2016-2017) BẠC Nhám Smarkey -B18M*"
81131-K29-960ZJ,"Yếm ổ khóa,Bộ ốp trên bên trong SH Mode 125 (2019-2020) trắng đục *RP35*"
81131-K29-960ZN,"ốp yếm khóa, ốp trên bên trong SH mode 125 (2019-2020) Đỏ đô- 350C"
81131-K2C-V00ZA,"Yếm Ổ khóa ,Ốp trong phía trên Vision 110 (2021-2026+) Đỏ đô nho *R350C*"
81131-K2C-V00ZB,"Yếm Ổ khóa ,Ốp trong phía trên Vision 110 (2021-2026+) trắng đục *RP35*"
81131-K2C-V00ZE,"Yếm Ổ khóa ,Ốp trong phía trên Vision 110 (2021-2026+) Đen Nhám -76M"
81131-K2C-V00ZH,"Yếm Ổ khóa ,Ốp trong phía trên Vision 110 (2021-2026+) Xanh mực nhám *PB434M*"
81131-K2C-V00ZJ,"Yếm Ổ khóa ,Ốp trong phía trên Vision 110 (2021-2026+) Xanh Lam Nhám -B425M*"
81131-K2C-V00ZK,"Yếm Ổ khóa,Ốp trong phía trên Vision 110 (2021-2026+) Xanh Mực bóng -B426M*"
81131-K2C-V00ZN,"Yếm Ổ khóa ,Ốp trong phía trên Vision 110 (2021-2026+) XÁM Xi măng - C60P"
81131-K2C-V00ZQ,"Yếm Ổ khóa ,Ốp trong phía trên Vision 110 (2021-2026+)Đen Bóng - NH1*"
81131-K2C-V90ZB,"Yếm Ổ khóa ,Ốp trong phía trên Vision 110 (2021-2026+)Đen Bóng - NH1*"
81131-K35-V00ZA,"Yếm Ổ khóa ,Ốp bên trong Pcx 125 (2014-2017) Đen nhám - NH1*"
81131-K35-V30ZA,"Yếm Ổ khóa ,Ốp bên trong Pcx 125 (2014-2017) Đen nhám - NH1*"
81131-K44-V00ZA,"Yếm ( ốp) Ổ khóa vision,Ốp trên bên trong Vision 110 (2014-2020) XÁM Nhạt -R320M*"
81131-K44-V00ZB,"Yếm ( ốp) Ổ khóa vision,Ốp trên bên trong Vision 110 (2014-2020)  ĐỒNG- Y317M*"
81131-K44-V00ZC,"Yếm ( ốp) Ổ khóa vision,Ốp trên bên trong Vision 110 (2014-2020) Đỏ Đô nho-R350C*"
81131-K44-V00ZD,"Yếm ( ốp) Ổ khóa vision,Ốp trên bên trong Vision 110 (2014-2020) Xanh đậm mực- B390M*"
81131-K44-V00ZE,"Yếm ( ốp) Ổ khóa vision,Ốp trên bên trong Vision 110 (2014-2020) Trắng- B35P*"
81131-K44-V00ZF,"Yếm ( ốp) Ổ khóa vision,Ốp trên bên trong Vision 110 (2014-2020) Đen bóng-NHB25*"
81131-K44-V00ZG,"Yếm ( ốp) Ổ khóa vision,Ốp trên bên trong Vision 110 (2014-2020) Đỏ- R340C*"
81131-K44-V00ZH,"Yếm ( ốp) Ổ khóa vision,Ốp trên bên trong Vision 110 (2014-2020) BẠC -411M*"
81131-K44-V00ZJ,"Yếm ( ốp) Ổ khóa vision,Ốp trên bên trong Vision 110 (2014-2020) HỒNG- P197M*"
81131-K44-V00ZT,"Yếm ( ốp) Ổ khóa vision,Ốp trên bên trong Vision 110 (2014-2020) Vàng KEM- 229P*"
81131-K44-V90ZA,"Yếm ( ốp) Ổ khóa vision,Ốp trên bên trong Vision 110 (2014-2020) Vàng Kem Smarkey - 229P*"
81131-K44-V90ZB,"Yếm ( ốp) Ổ khóa vision,Ốp trên bên trong Vision 110 (2014-2020)  Đỏ Đô Smarkey -R350C*"
81131-K44-V90ZD,"Yếm ( ốp) Ổ khóa vision,Ốp trên bên trong Vision 110 (2014-2020) Trắng đục Smarkey - B35P*"
81131-K44-V90ZE,"Yếm ( ốp) Ổ khóa vision,Ốp trên bên trong Vision 110 (2014-2020) Xám nhám Smarkey - A40M*"
81131-K44-V90ZF,"Yếm ( ốp) Ổ khóa vision,Ốp trên bên trong Vision 110 (2014-2020) Đỏ Smarkey - R340C*"
81131-K44-V90ZG,"Yếm ( ốp) Ổ khóa vision,Ốp trên bên trong Vision 110 (2014-2020) Trắng ngọc Smarkey - B55P*"
81131-K44-V90ZH,"Yếm ( ốp) Ổ khóa vision,Ốp trên bên trong Vision 110 (2014-2020) xám đậm Smarkey-C23M*"
81131-K44-V90ZJ,"Yếm ( ốp) Ổ khóa vision,Ốp trên bên trong Vision 110 (2014-2020) Đen bóng Smarkey-NHB25*"
81131-K77-V00ZA,"Dưới yếm khóa, tấm ốp bên trong SH 125/150 (2017-2019) đen nhám"
81131-K97-T00ZA,"Yếm Ổ khóa,tấm Ốp bên trong trước Pcx 125 (2018-2020) Đen nhám - NH1*"
81131-KVB-951ZA,"Yếm Ổ khóa, ốp yếm Click 110 (2006-2011) đen nhám Đen nhám - NH1*"
81131-KVG-950,"Yếm Ổ khóa, ốp yếm Air blade 110 (2007-2010) đen nhám Đen nhám - NH1*"
81131-KZL-E00ZA,"Yếm Ổ khóa, ốp trong phía trên Vision 110 (2011-2013) BẠC -411M*"
81131-KZL-E00ZB,"Yếm Ổ khóa, ốp trong phía trên Vision 110 (2011-2013) Nâu *Y303M*"
81131-KZL-E00ZC,"Yếm Ổ khóa, ốp trong phía trên Vision 110 (2011-2013) Đỏ Đô -R350*"
81131-KZL-E00ZD,"Yếm Ổ khóa, ốp trong phía trên Vision 110 (2011-2013) Đen bóng - NHA69P"
81131-KZL-E00ZE,"Yếm Ổ khóa, ốp trong phía trên Vision 110 (2011-2013) Xám -A62M*"
81131-KZL-E00ZF,"Yếm Ổ khóa, ốp trong phía trên Vision 110 (2011-2013) Xanh Mực -390M*"
81131-KZL-E00ZG,"Yếm Ổ khóa, ốp trong phía trên Vision 110 (2011-2013) TRẮNG -AH35P*"
81131-KZL-E00ZH,"Yếm Ổ khóa, ốp trong phía trên Vision 110 (2011-2013) Đen bóng - NHA69P"
81131-KZV-V30ZA,Cánh yếm phải Sper Dream 110 (2013-2017) TRẮNG *NH138*
81132-GAH-000ZW,Móc treo hàng *NH1*
81132-GGE-900,"móc treo đồ trước lead 110, scr 110 (2008-2012)"
81132-KTF-670,móc treo đồ trước SH 125/150 (2009-2011)
81133-K01-900ZA,nắp hộp đồ trước Trái 125/150 (2012-2016)  đen nhám
81133-K1N-V00ZA,"Nắp khẩn cấp, nắp hộp đồ trước ( cổng sạc) SH mode 125 (2021-2025) Đỏ đô- 350C"
81133-K1N-V00ZD,"Nắp khẩn cấp, nắp hộp đồ trước ( cổng sạc) SH mode 125 (2021-2025) TRẮNG - 35P*"
81133-K1N-V00ZE,"Nắp khẩn cấp, nắp hộp đồ trước ( cổng sạc) SH mode 125 (2021-2025) Đen Bóng - 25M*"
81133-K1N-V00ZF,"Nắp khẩn cấp, nắp hộp đồ trước ( cổng sạc) SH mode 125 (2021-2025) BẠC Nhám -B18M*"
81133-K1N-V00ZG,"Nắp khẩn cấp, nắp hộp đồ trước ( cổng sạc) SH mode 125 (2021-2025) XÁM Xi măng - C60P"
81133-K1N-V00ZH,"Nắp khẩn cấp, nắp hộp đồ trước ( cổng sạc) SH mode 125 (2021-2025) Đen Nhám -76M"
81133-K1N-V00ZJ,"Nắp khẩn cấp, nắp hộp đồ trước ( cổng sạc) SH mode 125 (2021-2025) Đỏ đô nho- 368C*"
81133-K2C-V00ZA,"Nắp khẩn cấp, nắp hộp đồ trước Vision 110 (2021-2026+) Đỏ đô nho *R350C*"
81133-K2C-V00ZD,"Nắp khẩn cấp, nắp hộp đồ trước Vision 110 (2021-2026+) trắng đục *nhb 35*"
81133-K2C-V00ZF,"Nắp khẩn cấp, nắp hộp đồ trước Vision 110 (2021-2026+) Đen Nhám -76M"
81133-K2C-V00ZH,"Nắp khẩn cấp, nắp hộp đồ trước Vision 110 (2021-2026+) Xanh mực nhám *C34M*"
81133-K2C-V00ZJ,"Nắp khẩn cấp, nắp hộp đồ trước Vision 110 (2021-2026+) Xanh Lam Nhám -B425M*"
81133-K2C-V00ZK,"Nắp khẩn cấp, nắp hộp đồ trước Vision 110 (2021-2026+) Xanh Mực bóng -B426M*"
81133-K2C-V00ZN,"Nắp khẩn cấp, nắp hộp đồ trước Vision 110 (2021-2026+) XÁM Xi măng - C60P"
81133-K2C-V00ZQ,"Nắp khẩn cấp, nắp hộp đồ trước Vision 110 (2021-2026+) Đen Bóng - NH1*"
81133-K77-V00ZA,nắp hộp đồ Trước Trái 125/150 (2017-2019)  đen nhám
81134-K01-610ZA,"Yếm ( ốp) Ổ khóa ,tấm bảo vệ cổ lái  SH 125/150 (2015-2016) Đỏ Đô Smarkey -R350C*"
81134-K01-610ZC,"Yếm ( ốp) Ổ khóa ,tấm bảo vệ cổ lái  SH 125/150 (2015-2016)Trắng đục Smarkey - B35P*"
81134-K01-610ZD,"Yếm ( ốp) Ổ khóa ,tấm bảo vệ cổ lái  SH 125/150 (2015-2016) Đen bóng Smarkey-NHB25*"
81134-K01-900ZA,"Yếm ( ốp) Ổ khóa ,tấm bảo vệ cổ lái  SH 125/150 (2012-2014) Nâu -R303M*"
81134-K01-900ZC,"Yếm ( ốp) Ổ khóa ,tấm bảo vệ cổ lái  SH 125/150 (2015-2016) Đỏ Đô  -R350C*"
81134-K01-900ZD,"Yếm ( ốp) Ổ khóa ,tấm bảo vệ cổ lái  SH 125/150 (2015-2016)Trắng đục - B35P*"
81134-K01-900ZE,"Yếm ( ốp) Ổ khóa ,tấm bảo vệ cổ lái  SH 125/150 (2015-2016) Đen bóng-NHB25*"
81134-K01-900ZN,"Yếm ( ốp) Ổ khóa ,tấm bảo vệ cổ lái  SH 125/150 (2015-2016) Đỏ- R340C*"
81134-K0R-V00ZA,"Yếm ( ốp) Ổ khóa ,Hốc đựng bên trong SH 125/150/160 (2020-2025) Đỏ Đô nho *R368*"
81134-K0R-V00ZC,#N/A
81134-K0R-V00ZD,"Yếm ( ốp) Ổ khóa ,Hốc đựng bên trong SH 125/150/160 (2020-2025) Trắng *NHB35*"
81134-K0R-V00ZE,"Yếm ( ốp) Ổ khóa ,Hốc đựng bên trong SH 125/150/160 (2020-2025) Đen bóng-*NHB25*"
81134-K0R-V00ZF,"Yếm ( ốp) Ổ khóa ,Hốc đựng bên trong SH 125/150/160 (2020-2025) Đen Nhám-*NHA76*"
81134-K0R-V00ZM,"Yếm ( ốp) Ổ khóa ,Hốc đựng bên trong SH 125/150/160 (2020-2025) Xám xi Măng-C60*"
81134-K2C-V00,Bản lề nắp hộc đồ
81134-K77-V00ZE,"Yếm ( ốp) Ổ khóa ,Tấm bảo vệ cổ lái SH 125/150 (2017-2019) Đen bóng- 25M*"
81134-K77-V00ZG,#N/A
81134-K77-V00ZH,"Yếm ( ốp) Ổ khóa ,Tấm bảo vệ cổ lái SH 125/150 (2017-2019) Kem nhạt - HB86*"
81134-K77-V00ZJ,"Yếm ( ốp) Ổ khóa ,Tấm bảo vệ cổ lái SH 125/150 (2017-2019) TRẮNG - B35P*"
81134-K77-V00ZW,"Yếm ( ốp) Ổ khóa ,Tấm bảo vệ cổ lái SH 125/150 (2017-2019) Đen nhám- NH76M*"
81135-KZV-J00ZD,"ốp ổ khóa, Nắp nhựa chụp khóa điện (ổ khóa) Dream 110 (2013-2017)*NH138*"
81136-K2S-N00,"Hộp chứa đồ trên bên trong, cốp đựng đồ trước Vario 160, click 160 (2023-2026)"
81137-K01-610ZA,Nắp hộc đồ trước phải SH 125/150 (2015-2016) đen nhám
81137-K35-V30ZD,"Nắp khẩn cấp , nắp mở khóa smarkey Pcx 125 (2014-2017) bạc nhám *NHB18M*"
81137-K35-V30ZE,"Nắp khẩn cấp , nắp mở khóa smarkey Pcx 125 (2014-2017) đen nhám *NHA76M*"
81137-K77-V00ZA,Nắp hộc đồ trước phải SH 125/150 (2017-2019) đen nhám
81137-K97-T00ZF,"Nắp khẩn cấp , nắp mở khóa smarkey Pcx 125 (2018-2020) Đỏ Đô đậm -368C"
81137-K97-T00ZL,"Nắp khẩn cấp , nắp mở khóa smarkey Pcx 125 (2018-2020) TRẮNG - B35P*"
81137-K97-T00ZM,"Nắp khẩn cấp , nắp mở khóa smarkey Pcx 125 (2018-2020) Đen bóng *NHB25M*"
81137-K97-T00ZN,"Nắp khẩn cấp , nắp mở khóa smarkey Pcx 125 (2018-2020) Bạc nhám *NHB18M* "
81137-K97-T00ZQ,"Nắp khẩn cấp , nắp mở khóa smarkey Pcx 125 (2018-2020) Đen nhám *NHA76M*"
81138-K35-V00ZA,"ốp ổ khóa phải ,Nắp nhựa chụp khóa điện,Ốp bên trong phải Pcx 125 (2014-2016) XÁM -*R320M*"
81138-K35-V00ZB,"ốp ổ khóa phải,Nắp nhựa chụp khóa điện,Ốp bên trong phải Pcx 125 (2014-2016) Đỏ ĐÔ nho -*R350C*"
81138-K35-V00ZC,"ốp ổ khóa phải,Nắp nhựa chụp khóa điện,Ốp bên trong phải Pcx 125 (2014-2016) Trắng- B35P*"
81138-K35-V00ZD,"ốp ổ khóa phải,Nắp nhựa chụp khóa điện,Ốp bên trong phải Pcx 125 (2014-2016) Đen bóng-25M"
81138-K35-V00ZE,"ốp ổ khóa phải,Nắp nhựa chụp khóa điện,Ốp bên trong phải Pcx 125 (2014-2016) BẠC Nhám -B18M*"
81138-K35-V00ZF,"ốp ổ khóa phải,Nắp nhựa chụp khóa điện,Ốp bên trong phải Pcx 125 (2014-2016) ĐEN Nhám A76M"
81138-K35-V00ZW,"ốp ổ khóa phải,Nắp nhựa chụp khóa điện,Ốp bên trong phải Pcx 125 (2014-2016) Xanh đen -*B403P*"
81138-K35-V30ZF,"ốp ổ khóa phải,Nắp nhựa chụp khóa điện,Ốp bên trong phải Pcx 125 (2014-2016) BẠC Nhám -B18M*"
81138-K35-V30ZG,"ốp ổ khóa phải,Nắp nhựa chụp khóa điện,Ốp bên trong phải Pcx 125 (2014-2016) ĐEN Nhám A76M"
81138-K35-V30ZH,"ốp ổ khóa phải,Nắp nhựa chụp khóa điện phải Pcx 125 (2014-2016) xanh nhớt nhám -*G208M*"
81138-K97-T00ZB,"ốp ổ khóa phải,Nắp nhựa chụp khóa điện phải Pcx 125 (2018-2020) Đỏ Đô đậm -368C"
81138-K97-T00ZJ,"ốp ổ khóa phải,Nắp nhựa chụp khóa điện phải Pcx 125 (2018-2020) TRẮNG - B35P*"
81138-K97-T00ZK,"ốp ổ khóa phải,Nắp nhựa chụp khóa điện phải  Pcx 125 (2018-2020) Đen bóng *NHB25M*"
81138-K97-T00ZL,"ốp ổ khóa phải,Nắp nhựa chụp khóa điện phải  Pcx 125 (2018-2020) Bạc nhám *NHB18M* "
81138-K97-T00ZM,"ốp ổ khóa phải,Nắp nhựa chụp khóa điện phải Pcx 125 (2018-2020) Đen nhám *NHA76M*"
81138-KWN-710ZB,"ốp ổ khóa phải,Nắp nhựa chụp khóa điện,Nắp phải khóa điện-Pcx 125 (2012-2013) Đỏ nhám-R349*"
81138-KWN-710ZC,"ốp ổ khóa phải,Nắp nhựa chụp khóa điện,Nắp phải khóa điện Pcx 125 (2012-2013) đen nhám *NH-1*"
81138-KWN-930ZA,"ốp ổ khóa phải,Nắp nhựa chụp khóa điện,Nắp phải khóa điện-Pcx 125 (2010-2012) nâu nhám-R286R*"
81139-K35-V00ZA,"ốp ổ khóa trái,Ốp bên trong trái Pcx 125 (2014-2016) XÁM -*R320M*"
81139-K35-V00ZB,"ốp ổ khóa trái,Ốp bên trong trái Pcx 125 (2014-2016) Đỏ ĐÔ nho -*R350C*"
81139-K35-V00ZC,"ốp ổ khóa trái,Ốp bên trong trái Pcx 125 (2014-2016) Trắng- B35P*"
81139-K35-V00ZD,"ốp ổ khóa trái,,Ốp bên trong trái Pcx 125 (2014-2016) Đen bóng-25M"
81139-K35-V00ZE,"ốp ổ khóa trái,Ốp bên trong tráii Pcx 125 (2014-2016) BẠC Nhám -B18M*"
81139-K35-V00ZF,"ốp ổ khóa trái,Ốp bên trong trái trái Pcx 125 (2014-2016) ĐEN Nhám A76M"
81139-K35-V00ZW,"ốp ổ khóa trái,Ốp bên trong trái Pcx 125 (2014-2016) Xanh đen -*B403P*"
81139-K35-V00ZY,"ốp ổ khóa trái,Ốp bên trong trái Pcx 125 (2014-2016) xanh nhớt nhám -*G208M*"
81139-K97-T00ZB,"ốp ổ khóa trái,Ốp bên trong trái Pcx 125 (2018-2020) Đỏ Đô đậm -368C"
81139-K97-T00ZJ,"ốp ổ khóa trái,Ốp bên trong trái Pcx 125 (2018-2020) TRẮNG - B35P*"
81139-K97-T00ZK,"ốp ổ khóa trái,Ốp bên trong trái Pcx 125 (2018-2020) Đen bóng *NHB25M*"
81139-K97-T00ZL,"ốp ổ khóa trái,Ốp bên trong trái Pcx 125 (2018-2020) Bạc nhám *NHB18M* "
81139-K97-T00ZM,"ốp ổ khóa trái,Ốp bên trong trái Pcx 125 (2018-2020) Đen nhám *NHA76M*"
81140-K12-900ZA,"Yếm ( ốp) Ổ khóa ,ốp trên bên trong Lead 125 (2013-2016) Vàng Đồng -208M"
81140-K12-900ZB,"Yếm ( ốp) Ổ khóa ,ốp trên bên trong Lead 125 (2013-2016) NÂU -303M"
81140-K12-900ZC,"Yếm ( ốp) Ổ khóa ,ốp trên bên trong Lead 125 (2013-2016) Vàng Kem -299P"
81140-K12-900ZD,"Yếm ( ốp) Ổ khóa ,ốp trên bên trong Lead 125 (2013-2016) Đỏ Đô -350C"
81140-K12-900ZF,"Yếm ( ốp) Ổ khóa ,ốp trên bên trong Lead 125 (2013-2016) XANH Mực- 390M*"
81140-K12-900ZG,"Yếm ( ốp) Ổ khóa ,ốp trên bên trong Lead 125 (2013-2016) TRẮNG - B35P"
81140-K12-900ZH,"Yếm ( ốp) Ổ khóa ,ốp trên bên trong Lead 125 (2013-2016) Đen Bóng - 25M*"
81140-K12-900ZL,"Yếm ( ốp) Ổ khóa ,ốp trên bên trong Lead 125 (2013-2016) XÁM Ghi-B50M*"
81140-K12-930ZA,"Yếm ( ốp) Ổ khóa ,ốp trên bên trong Lead 125 (2013-2016) màu đồng nhạt *Y183M*"
81140-K12-930ZC,"Yếm ( ốp) Ổ khóa ,ốp trên bên trong Lead 125 (2013-2016) Đỏ Đô -350C"
81140-K12-930ZD,"Yếm ( ốp) Ổ khóa ,ốp trên bên trong Lead 125 (2013-2016) XANH Mực- 390M*"
81140-K12-930ZE,"Yếm ( ốp) Ổ khóa ,ốp trên bên trong Lead 125 (2013-2016) TRẮNG - B35P"
81140-K12-930ZF,#N/A
81140-K12-930ZG,"Yếm ( ốp) Ổ khóa ,ốp trên bên trong Lead 125 (2013-2016) bạc bóng -B24M*"
81140-K12-930ZH,"Yếm ( ốp) Ổ khóa ,ốp trên bên trong Lead 125 (2013-2016) Xanh đen-403P*"
81140-K12-930ZJ,"Yếm ( ốp) Ổ khóa ,ốp trên bên trong Lead 125 (2013-2016) BẠC Nhám -B18M*"
81140-K12-V00ZB,"Yếm ( ốp) Ổ khóa ,ốp trên bên trong Lead 125 (2017-2019)  Đỏ Đô đậm -R368*"
81140-K12-V00ZE,"Yếm ( ốp) Ổ khóa ,ốp trên bên trong Lead 125 (2017-2019) en Bóng - B25M*"
81140-K12-V00ZF,"Yếm ( ốp) Ổ khóa ,ốp trên bên trong Lead 125 (2017-2019)TRẮNG ngọc - A96P*"
81140-K12-V00ZG,"Yếm ( ốp) Ổ khóa ,ốp trên bên trong Lead 125 (2017-2019) Vàng nhạt -229P"
81140-K12-V00ZH,"Yếm ( ốp) Ổ khóa ,ốp trên bên trong Lead 125 (2017-2019) Vàng Kem -299P"
81140-K12-V00ZJ,"Yếm ( ốp) Ổ khóa ,ốp trên bên trong Lead 125 (2017-2019) Xanh đen-403P"
81140-K12-V00ZK,"Yếm ( ốp) Ổ khóa ,ốp trên bên trong Lead 125 (2017-2019) BẠC Nhám -B18M*"
81140-K12-V00ZL,"Yếm ( ốp) Ổ khóa ,ốp trên bên trong Lead 125 (2017-2019) xanh nhớt -G209P*"
81140-K12-V00ZM,"Yếm ( ốp) Ổ khóa ,ốp trên bên trong Lead 125 (2017-2019) Đỏ Đô -350C"
81140-K12-V00ZP,"Yếm ( ốp) Ổ khóa ,ốp trên bên trong Lead 125 (2017-2019) Đen nhám *NHA76M*"
81140-K12-V00ZQ,"Yếm ( ốp) Ổ khóa ,ốp trên bên trong Lead 125 (2017-2019) xanh mực nhám -B426P*"
81140-K96-V00ZA,"Ốp bên trong, ốp ổ khóa giữa Pcx 125 (2018-2020) đen nhám *NH1*"
81141-GGE-900,"nắp hộp đồ trước, nắp khoang chứa đồ trước Lead 110 (2008-2012) đen nhám"
81141-K12-900ZA,"nắp hộp đồ trước, nắp khoang chứa đồ trước Lead 125 (2013-2016) Vàng Đồng -208M"
81141-K12-900ZC,"nắp hộp đồ trước, nắp khoang chứa đồ trước Lead 125 (2013-2016) Vàng Kem -299P"
81141-K12-900ZD,"nắp hộp đồ trước, nắp khoang chứa đồ trước Lead 125 (2013-2016) Đỏ Đô -350C"
81141-K12-900ZF,"nắp hộp đồ trước, nắp khoang chứa đồ trước Lead 125 (2013-2016) XANH Mực- 390M*"
81141-K12-900ZG,"nắp hộp đồ trước, nắp khoang chứa đồ trước Lead 125 (2013-2016) TRẮNG - B35P"
81141-K12-900ZH,"nắp hộp đồ trước, nắp khoang chứa đồ trước Lead 125 (2013-2016) Đen Bóng - 25M*"
81141-K12-900ZL,"nắp hộp đồ trước, nắp khoang chứa đồ trước Lead 125 (2013-2016) XÁM Ghi-B50M*"
81141-K12-900ZM,"nắp hộp đồ trước, nắp khoang chứa đồ trước Lead 125 (2013-2016) màu đồng nhạt *Y183M*"
81141-K12-900ZN,"nắp hộp đồ trước, nắp khoang chứa đồ trước Lead 125 (2013-2016) Xanh đen-403P"
81141-K1N-V00ZA,"dưới yếm khóa , ốp dưới ổ khóa SH mode 125 (2021-2025) nâu nhám"
81141-K1N-V00ZB,"dưới yếm khóa , ốp dưới ổ khóa SH mode 125 (2021-2025) đen nhám"
81141-K29-900ZA,"dưới yếm khóa , ốp dưới ổ khóa SH mode 125 (2013-2020) nâu nhám"
81141-K29-900ZB,"dưới yếm khóa , ốp dưới ổ khóa SH mode 125 (2013-2020) đỏ nhám"
81141-K29-900ZC,"dưới yếm khóa , ốp dưới ổ khóa SH mode 125 (2013-2020) đen nhám"
81141-K29-960ZA,"Dưới yếm khóa , ốp dưới ổ khóa SH mode 125 (2016-2020) nâu nhám đời smarkey"
81141-K29-960ZB,"Dưới yếm khóa , ốp dưới ổ khóa SH mode 125 (2016-2020) đen nhám đời smarkey"
81141-K2C-V00ZA,"Dưới yếm khóa , ốp dưới ổ khóa Vision 110 (2021-2026+) nâu nhám *YR286R*"
81141-K2C-V00ZB,"Dưới yếm khóa , ốp dưới ổ khóa Vision 110 (2021-2026+) đen nhám NH1*"
81141-K2S-V00ZA,"Dưới yếm khóa , ốp dưới ổ khóa,Ốp trong dưới Vario 160, click 160 (2023-2026) Nâu nhám *YR286R*"
81141-K2S-V00ZB,"Dưới yếm khóa , ốp dưới ổ khóa,Ốp trong dưới Vario 160, click 160 (2023-2026) Đen nhám *NH1*"
81141-K2V-N40ZB,"Dưới yếm khóa , ốp dưới ổ khóa,Ốp trong dưới Vario 125, click 125 (2023-2026) Đen nhám *NH1*"
81141-K35-V00ZA,"Nắp khoang chứa đồ, nắp hộp đồ nhỏ trước  Pcx 125 (2014-2016) XÁM -*YR320M*"
81141-K35-V00ZB,"Nắp khoang chứa đồ, nắp hộp đồ nhỏ trước  Pcx 125 (2014-2016) Đỏ ĐÔ nho -*R350C*"
81141-K35-V00ZC,"Nắp khoang chứa đồ, nắp hộp đồ nhỏ trước  Pcx 125 (2014-2016) Trắng- B35P*"
81141-K35-V00ZD,"Nắp khoang chứa đồ, nắp hộp đồ nhỏ trước  Pcx 125 (2014-2016) Đen bóng-25M"
81141-K35-V00ZE,"Nắp khoang chứa đồ, nắp hộp đồ nhỏ trước  Pcx 125 (2014-2016) BẠC Nhám -B18M*"
81141-K35-V00ZF,"Nắp khoang chứa đồ, nắp hộp đồ nhỏ trước  Pcx 125 (2014-2016) ĐEN Nhám A76M"
81141-K35-V00ZW,"Nắp khoang chứa đồ, nắp hộp đồ nhỏ trước  Pcx 125 (2014-2016) Xanh đen -*B403P*"
81141-K44-V00ZA,"Dưới yếm khóa , ốp dưới ổ khóa,Ốp trong dưới vision 110 (2014-2020) nâu nhám"
81141-K44-V00ZB,"Dưới yếm khóa , ốp dưới ổ khóa,Ốp trong dưới vision 110 (2014-2020) đen nhám"
81141-K96-V00ZB,"Nắp khoang chứa đồ, nắp hộp đồ nhỏ trước  Pcx 125 (2018-2020) Đỏ Đô đậm -368C"
81141-K96-V00ZE,"Nắp khoang chứa đồ, nắp hộp đồ nhỏ trước  Pcx 125 (2018-2020) TRẮNG - B35P*"
81141-K96-V00ZF,"Nắp khoang chứa đồ, nắp hộp đồ nhỏ trước  Pcx 125 (2018-2020) Đen bóng *NHB25M*"
81141-K96-V00ZG,"Nắp khoang chứa đồ, nắp hộp đồ nhỏ trước  Pcx 125 (2018-2020) Bạc nhám *NHB18M* "
81141-K96-V00ZH,"Nắp khoang chứa đồ, nắp hộp đồ nhỏ trước  Pcx 125 (2018-2020) Đen nhám *NHA76M*"
81141-KWN-900ZA,"ốp ổ khóa trái,Nắp phải khóa điện-Pcx 125 (2010-2012) nâu nhám-R349*"
81141-KWN-900ZB,"ốp ổ khóa trái,Nắp phải khóa điện-Pcx 125 (2012-2013) đen nhám *NH-1*"
81141-KWN-900ZC,"ốp ổ khóa trái,Nắp phải khóa điện-Pcx 125 (2012-2013) đỏ nhám *R349R*"
81141-KZL-930ZA,"Dưới yếm khóa , ốp dưới ổ khóa Vision 110 (2011-2013) đen nhám NH1*"
81141-KZL-930ZD,"Dưới yếm khóa , ốp dưới ổ khóa Vision 110 (2011-2013) VÀNG nhám-R321R*"
81141-KZV-V30ZA,"Bửng trái,Cánh yếm trái Dream 110 (2013-2017) trắng-*NH138*"
81142-K12-V00ZA,Hộp chứa đồ bên trong trước Lead 125 (2017-2019) Nâu nhám *YR286R*
81142-K1N-V00ZA,Nắp khẩn cấp thông minh SH mode 125 (2021-2025) nâu nhám *YR286R*
81142-K1N-V00ZB,Nắp khẩn cấp thông minh SH mode 125 (2021-2025) đen nhám *NH1*
81142-K1N-V90ZA,Nắp khẩn cấp thông minh SH mode 125 (2021-2025) đen nhám *NH1*
81142-K29-960ZA,Nắp khẩn cấp thông minh SH mode 125 (2016-2020) nâu nhám đời smarkey *YR286R*
81142-K29-960ZB,Nắp khẩn cấp thông minh SH mode 125 (2016-2020) đen nhám đời smarkey *NH1*
81142-K2S-N00ZN,"Ốp ổ khóa ,Ốp trong dưới, cánh bướm yếm khóa Vario 160, click 160 (2023-2026) đỏ nhám-*R406M*"
81142-K2S-N00ZQ,"Ốp ổ khóa ,Ốp trong dưới, cánh bướm yếm khóa Vario 160, click 160 (2023-2026) Xanh mực-*B421M*"
81142-K2S-N00ZR,"Ốp ổ khóa ,Ốp trong dưới, cánh bướm yếm khóa Vario 160, click 160 (2023-2026) xám xi măng-*C60P*"
81142-K2S-N00ZS,"Ốp ổ khóa ,Ốp trong dưới, cánh bướm yếm khóa Vario 160, click 160 (2023-2026) Đen bóng-25M*"
81142-K2T-V00ZB,Hộp chứa đồ bên trong trước Lead 125 (2021-2025) đen nhám *NH1*
81142-K2T-V10ZA,Hộp chứa đồ bên trong trước Lead 125 (2021-2025) Nâu nhám *YR286R*
81142-K2T-V10ZB,Hộp chứa đồ bên trong trước Lead 125 (2021-2025) đen nhám *NH1*
81142-K77-V00,Hộp chứa đồ bên trong trước SH 125/150 (2017-2019) đen nhám
81143-K1N-V00ZA,Nắp mở Cốp giữa trái SH mode 125 (2021-2025) nâu nhám *YR286R*
81143-K1N-V00ZB,Nắp mở Cốp giữa trái SH mode 125 (2021-2025) đen nhám *NH1*
81143-K35-V00,Bản lề nắp hốc đồ trước trái
81143-K97-T00ZA,0
81144-K12-V00ZA,Núm nắp bình xăng *NH1*
81144-K1N-V00ZA,Nắp mở Cốp giữa phải SH mode 125 (2021-2025) nâu nhám *YR286R*
81144-K1N-V00ZB,Nắp mở Cốp giữa phải SH mode 125 (2021-2025) đen nhám *NH1*
81145-K12-V00ZA,"Nắp khẩn cấp , nắp mở khóa smarkey Lead 125 (2017-2019) Vàng nhạt -229P"
81145-K12-V00ZC,"Nắp khẩn cấp , nắp mở khóa smarkey Lead 125 (2017-2019) Vàng Kem -299P"
81145-K12-V00ZD,"Nắp khẩn cấp , nắp mở khóa smarkey Lead 125 (2017-2019) Đỏ Đô đậm -R368*"
81145-K12-V00ZE,"Nắp khẩn cấp , nắp mở khóa smarkey Lead 125 (2017-2019) Xanh đen-403P"
81145-K12-V00ZK,"Nắp khẩn cấp , nắp mở khóa smarkey Lead 125 (2017-2019) TRẮNG ngọc - A96P*"
81145-K12-V00ZL,"Nắp khẩn cấp , nắp mở khóa smarkey Lead 125 (2017-2019) Xanh nhớt -G209P*"
81145-K12-V00ZM,"Nắp khẩn cấp , nắp mở khóa smarkey Lead 125 (2017-2019) Đỏ Đô -350C"
81145-K2C-V00ZA,"Nắp khẩn cấp , nắp mở khóa smarkey Vision 110 (2021-2026+) Đỏ đô- 350C*"
81145-K2C-V00ZE,"Nắp khẩn cấp , nắp mở khóa smarkey Vision 110 (2021-2026+) Trắng- B35P*"
81145-K2C-V00ZG,"Nắp khẩn cấp , nắp mở khóa smarkey Vision 110 (2021-2026+) Đen Nhám -A76M*"
81145-K2C-V00ZH,"Nắp khẩn cấp , nắp mở khóa smarkey Vision 110 (2021-2026+) Xanh mực nhám *C34M*"
81145-K2C-V00ZJ,"Nắp khẩn cấp , nắp mở khóa smarkey Vision 110 (2021-2026+) Xanh Lam Nhám -B425M*"
81145-K2C-V00ZK,"Nắp khẩn cấp , nắp mở khóa smarkey Vision 110 (2021-2026+) Xanh Mực bóng -B426M*"
81145-K2C-V00ZN,"Nắp khẩn cấp , nắp mở khóa smarkey Vision 110 (2021-2026+) Xám xi măng *NHC60P*"
81145-K2C-V00ZQ,"Nắp khẩn cấp , nắp mở khóa smarkey Vision 110 (2021-2026+)  Đen bóng-NH1*"
81145-K44-V90ZA,"Nắp khẩn cấp , nắp mở khóa smarkey Vision 110 (2014-2020) Vàng KEM- 229P*"
81145-K44-V90ZB,"Nắp khẩn cấp , nắp mở khóa smarkey Vision 110 (2014-2020) Đỏ Đô nho-R350C*"
81145-K44-V90ZD,"Nắp khẩn cấp , nắp mở khóa smarkey Vision 110 (2014-2020) Trắng- B35P*"
81145-K44-V90ZH,"Nắp khẩn cấp , nắp mở khóa smarkey Vision 110 (2014-2020) Xám bạc-A40M*"
81145-K44-V90ZJ,"Nắp khẩn cấp , nắp mở khóa smarkey Vision 110 (2014-2020) Đỏ- R340C*"
81145-K44-V90ZL,"Nắp khẩn cấp , nắp mở khóa smarkey Vision 110 (2014-2020) Xám ghi-C23M*"
81145-K44-V90ZM,"Nắp khẩn cấp , nắp mở khóa smarkey Vision 110 (2014-2020) Đen bóng-NHB25*"
81150-K12-900ZA,"Dưới yếm khóa,ốp dưới bên trong ,ốp dưới ổ khóa Lead 125 (2013-2016) Vàng nhám-R321R*"
81150-K12-900ZB,"Dưới yếm khóa,ốp dưới bên trong ,ốp dưới ổ khóa Lead 125 (2013-2016) Nâu nhám-R286R*"
81150-K12-900ZC,"Dưới yếm khóa,ốp dưới bên trong ,ốp dưới ổ khóa Lead 125 (2013-2016) đen nhám *NH1*"
81150-K12-V00ZA,"Dưới yếm khóa,ốp dưới bên trong ,ốp dưới ổ khóa  Lead 125 (2017-2019) Nâu nhám-R286R*"
81150-K12-V00ZB,"Dưới yếm khóa,ốp dưới bên trong ,ốp dưới ổ khóa  Lead 125 (2017-2019) đen nhám *NH1*"
81150-K2T-V00ZA,"Dưới yếm khóa,ốp dưới bên trong ,ốp dưới ổ khóa Lead 125 (2021-2025) Nâu nhám *YR286R*"
81150-K2T-V00ZB,"Dưới yếm khóa,ốp dưới bên trong ,ốp dưới ổ khóa Lead 125 (2021-2025) đen nhám *NH1*"
81160-K12-V00ZA,"Nắp khoang chứa đồ, nắp cốp chứa đồ trước Lead 125 (2017-2019) Vàng nhạt -*Y229P*"
81160-K12-V00ZC,"Nắp khoang chứa đồ, nắp cốp chứa đồ trước Lead 125 (2017-2019) Vàng Kem -299P"
81160-K12-V00ZD,"Nắp khoang chứa đồ, nắp cốp chứa đồ trước Lead 125 (2017-2019) Đỏ Đô đậm -R368*"
81160-K12-V00ZE,"Nắp khoang chứa đồ, nắp cốp chứa đồ trước Lead 125 (2017-2019) Xanh đen-403P"
81160-K12-V00ZH,"Nắp khoang chứa đồ, nắp cốp chứa đồ trước Lead 125 (2017-2019) Đen bóng-NHB25*"
81160-K12-V00ZJ,"Nắp khoang chứa đồ, nắp cốp chứa đồ trước Lead 125 (2017-2019) Bạc nhám -B18M*"
81160-K12-V00ZK,"Nắp khoang chứa đồ, nắp cốp chứa đồ trước Lead 125 (2017-2019)TRẮNG ngọc - A96P*"
81160-K12-V00ZL,"Nắp khoang chứa đồ, nắp cốp chứa đồ trước Lead 125 (2017-2019) Xanh nhớt -G209P*"
81160-K12-V00ZM,"Nắp khoang chứa đồ, nắp cốp chứa đồ trước Lead 125 (2017-2019) Đỏ Đô nho-R350C*"
81160-K12-V00ZP,"Nắp khoang chứa đồ, nắp cốp chứa đồ trước Lead 125 (2017-2019) Đen Nhám -A76M*"
81200-GFM-K00,#N/A
81200-K12-V00ZA,"Quai yên, tay dắt sau,Giá đèo hàng sau Lead 125 (2017-2019) Bạc *NH411M*"
81200-K29-900ZB,#N/A
81200-K2C-V00ZB,"Quai yên, tay dắt sau,cảng sau,Giá đèo hàng sau Vision 110 (2021-2026+) đen *NH303M*"
81200-K44-V80ZA,"Quai yên, tay dắt sau,cảng sau,Giá đèo hàng sau Vision 110 Vision 110 (2014-2020) ĐỎ-R340C*"
81200-K44-V80ZB,"Quai yên, tay dắt sau,cảng sau,Giá đèo hàng sau Vision 110 Vision 110 (2014-2020) Bạc *NH411M*"
81200-KTF-980ZA,"Quai yên, tay dắt sau,cảng sau,Giá đèo hàng sau SH 125/150(2009-2012) BẠC-*NHB18M*"
81200-KZL-A00ZE,"Quai yên, tay dắt sau,cảng sau,Giá đèo hàng sau Vision 110 Vision 110 (2011-2013) Bạc *NH411M*"
81250-K01-900,"Thùng hành lý ,Hộp (thùng) chứa đồ SH 125/150 (2015-2016) đen nhám"
81250-K0R-V00,"Thùng hành lý ,Hộp (thùng) chứa đồ SH 125/150/160 (2020-2025) đen nhám"
81250-K12-900,#N/A
81250-K1F-V00,"Thùng hành lý ,Hộp (thùng) chứa đồ Air blade (AB)125/150 (2020-2023) đen nhám"
81250-K1N-V00,"Thùng hành lý ,Hộp (thùng) chứa đồ  SH mode 125 (2021-2025) đen nhám *NH1*"
81250-K27-V00,"Thùng hành lý ,Hộp (thùng) chứa đồ Air blade(AB)125 (2013-2015) Đen Nhám"
81250-K29-900,"Thùng hành lý ,Hộp (thùng) chứa đồ SH mode 125 (2013-2015) Đen Nhám"
81250-K29-960,"Thùng hành lý ,Hộp (thùng) chứa đồ SH mode 125 (2016-2020) Đen Nhám"
81250-K2C-V00,"Thùng hành lý ,Hộp (thùng) chứa đồ Vision 110 (2021-2026+) Đen Nhám"
81250-K2C-V10,"Thùng hành lý ,Hộp (thùng) chứa đồ Vision 110 (2021-2026+) Đen Nhám"
81250-K2S-V00,"Thùng hành lý ,Hộp (thùng) chứa đồ Vario 160, click 160 (2023-2025)"
81250-K2Z-V00,"Thùng hành lý ,Hộp (thùng) chứa đồ Air blade(AB)125/160 (2023-2025)"
81250-K35-V02,"Thùng hành lý ,Hộp (thùng) chứa đồ Pcx 125 (2014-2016) ĐEN Nhám "
81250-K44-V00,"Thùng hành lý ,Hộp (thùng) chứa đồ Vision 110 Vision 110 (2014-2020)"
81250-K57-V00,"Thùng hành lý ,Hộp (thùng) chứa đồ  Wave Blade 110 (2017-2025)"
81250-K66-V00,"Thùng hành lý ,Hộp (thùng) chứa đồ Air blade (AB)125 (2016-2019) Đen Nhám"
81250-K73-T30,#N/A
81250-K73-V40,"Thùng hành lý ,Hộp (thùng) chứa đồ Future 125 Fi, Future 125 Mập (2016-2020) Đen Nhám"
81250-K77-V00,"Thùng hành lý ,Hộp (thùng) chứa đồ SH 125/150 (2017-2019) Đen Nhám"
81250-K89-V00,"Thùng hành lý ,Hộp (thùng) chứa đồ  Wave (A) 110 (2017-2025) đen nhám"
81250-K90-V00,"Thùng hành lý ,Hộp (thùng) chứa đồ Wave RSX 110 (2016-2020) đen nhám"
81250-K97-T00,"Thùng hành lý ,Hộp (thùng) chứa đồ Pcx 125 (2018-2020) đen nhám"
81250-KPH-900,"Thùng hành lý ,Hộp (thùng) chứa đồ Future II (125cc)(2004-2005) đen nhám"
81250-KTF-980,"Thùng hành lý ,Hộp (thùng) chứa đồ SH 125/150(2009-2012) đen nhám"
81250-KTL-640,"Thùng hành lý ,Hộp (thùng) chứa đồ Wave A 100, Wave RS 100,Wave S 100 (2005-2016) Đen nhám-NH1* đen nhám"
81250-KTM-970,"Thùng hành lý ,Hộp (thùng) chứa đồ Future Neo 125cc(2005-2007) Đen nhám"
81250-KVB-900,"Thùng hành lý ,Hộp (thùng) chứa đồ CLICK 110 (2005-2012) đen nhám"
81250-KVG-950,"Thùng hành lý ,Hộp (thùng) chứa đồ Air blade 110(2007-2008) đen nhám"
81250-KVG-V20,"Thùng hành lý ,Hộp (thùng) chứa đồ Air blade 110,Fi (2009-2010) đen nhám"
81250-KVG-V40,"Thùng hành lý ,Hộp (thùng) chứa đồ Air blade (AB)110 Fi (2011-2012) đen nhám"
81250-KVL-930,"Thùng hành lý ,Hộp (thùng) chứa đồ Future Neo Fi 125c, Future X FI (2008-2009) đen nhám"
81250-KWN-711,"Thùng hành lý ,Hộp (thùng) chứa đồ Pcx 125 (2012-2013) đen nhám"
81250-KWW-640,"Thùng hành lý ,Hộp (thùng) chứa đồ RSX 110cc (2012-2013) đen nhám"
81250-KWW-B20,"Thùng hành lý ,Hộp (thùng) chứa đồ  Wave RS 110, Wave S110,RSX 110cc (2009-2015) đen nhám"
81250-KWY-A30,"Thùng hành lý ,Hộp (thùng) chứa đồ  Wave (A) 110 (2013-2016) đen nhám"
81250-KYZ-900,"Thùng hành lý ,Hộp (thùng) chứa đồ  Future 125 Fi (2011-2018) đen nhám"
81250-KZL-E10,"Thùng hành lý ,Hộp (thùng) chứa đồ Vision 110 (2011-2013) đen nhám"
81260-GGE-900,"Thùng hành lý ,Hộp (thùng) chứa đồ Lead 110, SCR 110 (2008-2012) đen nhám"
81260-K12-V00ZB,"Thùng hành lý ,Hộp (thùng) chứa đồ Lead 125 (2017-2019) đen nhám"
81260-K2S-N00,"Hộp bình ắc quy Vario 160, click 160 (2023-2026) đen nhám"
81260-K2T-V00ZB,Hộc để đồ Lead 125 (2021-2025) Đen nhám *NH1*
81313-KFL-D20,#N/A
81322-K35-V00,#N/A
83200-K01-900ZD,Bộ ốp sườn sau phải SH 125 (2012-2016) TRẮNG- B35P*
83200-K01-900ZE,Bộ ốp sườn sau phải SH 125 (2012-2016) ĐEN Bóng-NHB25*
83200-K02-900ZA,Bộ ốp sườn sau phải SH 150 (2012-2016) Đỏ Đô- R350C*
83200-K02-900ZD,Bộ ốp sườn sau phải SH 150 (2012-2016) TRẮNG- B35P*
83200-K29-600ZB,Bộ ốp sườn phải SH mode 125 (2017-2020) bạc nhám tem chữ trắng -*NHB18M*
83200-K29-600ZH,Bộ ốp sườn phải SH mode 125 (2017-2020) trắng tem chữ trắng -*NHB35P*
83200-K29-900ZC,Bộ ốp sườn phải SH mode 125 (2013-2016) ĐỎ Tươi tem chữ đỏ - 340C
83200-K29-900ZE,Bộ ốp sườn phải SH mode 125 (2013-2016) XANH Mực tem chữ đỏ- 390M*
83200-K29-900ZF,Bộ ốp sườn phải SH mode 125 (2013-2016) TRẮNG tem chữ đỏ- B35P*
83200-K29-900ZG,Bộ ốp sườn phải SH mode 125 (2013-2016) Đen tem chữ đỏ- 25M*
83200-K29-930ZA,Bộ ốp sườn phải SH mode 125 (2017-2020) bạc nhám Tem chữ vàng -*NHB18M*
83200-K29-930ZB,Bộ ốp sườn phải SH mode 125 (2017-2020) đỏ đô Tem chữ vàng -*R350C*
83200-K29-960ZG,Bộ ốp sườn phải SH mode 125 (2017-2020) đỏ đô nho Tem chữ vàng -*R368C*
83200-K77-V00ZA,Bộ ốp sườn phải SH 125 (2017-2019) Bạc *NHB86*
83200-K77-V00ZE,Bộ ốp sườn phải SH 125 (2017-2019)Trắng *NHB35P*
83200-K77-V00ZF,Bộ ốp sườn phải SH 125 (2017-2019) Đen bóng *NHB25*
83200-K77-V50ZA,Bộ ốp sườn phải SH 125  (2017-2019) Đen nhám *NHA76M*
83200-K78-V00ZA,Bộ ốp sườn phải SH 150 (2017-2019) Bạc *NHB86*
83200-K78-V00ZE,Bộ ốp sườn phải SH 150 (2017-2019)Trắng *NHB35P*
83200-KZV-V30ZA,"bửng phải ,Bộ cánh yếm phải Dream 110 (2013-2017) *R150*"
83300-K01-900ZA,Bộ ốp sườn sau trái SH 125 (2012-2016) Đỏ Đô- R350C*
83300-K01-900ZD,Bộ ốp sườn sau trái SH 125 (2012-2016) TRẮNG- B35P*
83300-K01-900ZE,Bộ ốp sườn sau trái SH 125 (2012-2016) ĐEN Bóng-NHB25*
83300-K02-900ZD,Bộ ốp sườn sau trái SH 150 (2012-2016) TRẮNG- B35P*
83300-K29-600ZB,Bộ ốp sườn trái SH mode 125 (2017-2020) bạc nhám tem chữ trắng -*NHB18M*
83300-K29-600ZH,Bộ ốp sườn trái SH mode 125 (2017-2020) trắng tem chữ trắng -*NHB35P*
83300-K29-900ZF,Bộ ốp sườn trái SH mode 125 (2013-2016) TRẮNG tem chữ đỏ- B35P*
83300-K29-900ZG,Bộ ốp sườn trái SH mode 125 (2013-2016) Đen tem chữ đỏ- 25M*
83300-K29-930ZA,Bộ ốp sườn trái SH mode 125 (2017-2020) bạc nhám Tem chữ vàng -*NHB18M*
83300-K29-930ZB,Bộ ốp sườn trái SH mode 125 (2017-2020) đỏ đô Tem chữ vàng -*R350C*
83300-K29-960ZG,Bộ ốp sườn trái SH mode 125 (2017-2020) đỏ đô nho Tem chữ vàng -*R368C*
83300-K77-V00ZA,Bộ ốp sườn trái SH 125 (2017-2019) Bạc *NHB86*
83300-K77-V00ZE,Bộ ốp sườn trái SH 125 (2017-2019)Trắng *NHB35P*
83300-K77-V00ZF,Bộ ốp sườn trái SH 125 (2017-2019) Đen bóng *NHB25*
83300-K77-V50ZA,Bộ ốp sườn trái SH 125  (2017-2019) Đen nhám *NHA76M*
83300-K78-V00ZA,Bộ ốp sườn trái SH 150 (2017-2019) Bạc-*NHB86*
83300-KZV-V30ZA,"bửng trái ,Bộ cánh yếm trái Dream 110 (2013-2017) *R150*"
83400-K01-900ZA,"Cốp trái, Sườn trước trái nhỏ SH 125/150 (2012-2016) Đỏ Đô- R350C*"
83400-K01-900ZD,"Cốp trái, Sườn trước trái nhỏ SH 125/150 (2012-2016) TRẮNG- B35P*"
83400-KFL-710ZB,"cốp phải, ốp hông phải Future 110(1999-2004) Xanh nhớt( lục) -B142*"
83400-KFL-890ZA,"cốp phải, ốp hông phải Future 110(1999-2004) Xanh ngọc -154M*"
83400-KFL-890ZB,"cốp phải, ốp hông phải Future 110(1999-2004) Xám Ghi -183M*"
83400-KFL-890ZC,"cốp phải, ốp hông phải Future 110(1999-2004) Xanh Mực đậm -171MU*"
83400-KFL-890ZD,"cốp phải, ốp hông phải Future 110(1999-2004) Đỏ Tươi -R263*"
83400-KFL-890ZE,"cốp phải, ốp hông phải Future 110(1999-2004) Đỏ Đô -R203M*"
83400-KRS-860ZF,"cốp phải, ốp hông phải Wave alpha nhỏ 100cc (2004-2005) Xanh nhớt( lục) tem lốc máy trắng-B142*"
83400-KRS-860ZG,"cốp phải, ốp hông phải Wave alpha nhỏ 100cc (2004-2005) Xanh Nhạt Ghi tem lốc máy trắng -B141M*"
83400-KRS-860ZH,"cốp phải, ốp hông phải Wave alpha nhỏ 100cc (2004-2005) Xanh Mực đậm tem lốc máy trắng -171MU*"
83400-KRS-860ZJ,"cốp phải, ốp hông phải Wave alpha nhỏ 100cc (2004-2005) Đỏ Đô tem lốc máy trắng -R203M*"
83400-KRS-900ZE,"cốp phải, ốp hông phải Wave alpha nhỏ 100cc (2001-2003) Bạc tem lốc máy đen -411M*"
83400-KRS-900ZF,"cốp phải, ốp hông phải Wave alpha nhỏ 100cc (2001-2003) Đỏ Đô lốc máy đen -R203M*"
83400-KRS-900ZG,"cốp phải, ốp hông phải Wave alpha nhỏ 100cc (2001-2003) Xanh nhớt( lục) tem lốc máy đen-B142*"
83400-KRS-900ZH,"cốp phải, ốp hông phải Wave alpha nhỏ 100cc (2001-2003) Xanh Ngọc tem -B305P*"
83400-KRS-900ZJ,"cốp phải, ốp hông phải Wave alpha nhỏ 100cc (2001-2003) Xanh Mực đậm tem lốc máy đen -171MU*"
83400-KTL-780ZA,"cốp phải, ốp hông phải Wave ZX thắng đĩa (đời 2004-2006) TRẮNG tem -193P*"
83400-KTL-780ZB,"cốp phải, ốp hông phải Wave ZX thắng đĩa (đời 2004-2006) Đỏ Tươi tem -R263*"
83400-KTL-780ZC,"cốp phải, ốp hông phải Wave ZX thắng đĩa (đời 2004-2006) TÍM Cà tem -P138M*"
83400-KTL-790ZA,"cốp phải, ốp hông phải Wave alpha nhỏ 100cc (2004-2005) Đỏ Tươi tem lốc máy trắng -R263*"
83400-KTL-790ZB,#N/A
83400-KZV-V30ZA,Bộ ốp sườn phải Dream 110 (2013-2017) Màu Nâu *R150*
83410-K01-900ZA,ốp gác chân sau nhựa đen phải SH 125/150 (2012-2016)
83410-K0R-V00ZA,ốp gác chân sau nhựa đen phải SH 125/150 (2020-2025)
83410-K1N-V00,"Trang trí sườn phải Xi, nhựa Xi ốp sườn phải Sh mode (2021-2025) ( Xi )"
83410-K77-V00ZA,ốp gác chân sau nhựa đen phải SH 125/150 (2017-2019)
83420-K01-900ZA,ốp gác chân sau nhựa đen trái SH 125/150 (2012-2016)
83420-K0R-V00ZA,ốp gác chân sau nhựa đen trái SH 125/150 (2020-2025)
83420-K1N-V00,"Trang trí sườn trái Xi, nhựa Xi ốp sườn trái Sh mode (2021-2025) ( Xi )"
83420-K77-V00ZA,ốp gác chân sau nhựa đen trái SH 125/150 (2017-2019)
83430-K01-900ZA,ốp gác chân sau nhựa đen phải SH 125/150 (2012-2016)
83430-K1N-V00ZA,Ốp cần để chân sau phải SH mode 125 (2021-2025) Nâu -R286R*
83430-K1N-V00ZB,Ốp cần để chân sau phải SH mode 125 (2021-2025) đen nhám *NH1*
83430-K29-900,Ốp cần để chân sau phải SH mode 125 (2013-2016) đen nhám *NH1*
83440-K01-900ZA,ốp gác chân sau nhựa đen trái SH 125/150 (2012-2016)
83440-K1N-V00ZA,Ốp cần để chân sau trái SH mode 125 (2021-2025) Nâu -R286R*
83440-K1N-V00ZB,Ốp cần để chân sau trái SH mode 125 (2021-2025) đen nhám *NH1*
83440-K29-900,Ốp cần để chân sau trái SH mode 125 (2013-2016) đen nhám *NH1*
83450-K01-900ZC,"Cốp phải, Sườn trước phải nhỏ SH 125/150 (2012-2016) Đỏ Đô- R350C*"
83450-K01-900ZD,"Cốp trái, Sườn trước phải nhỏ SH 125/150 (2012-2016) TRẮNG- B35P*"
83450-K01-900ZE,"Cốp phải, Sườn trước phải nhỏ SH 125/150 (2012-2016) ĐEN Bóng-NHB25*"
83450-K1N-V00ZA,Ốp B cần để chân sau phải SH mode 125 (2021-2025) Nâu -R286R*
83450-K1N-V00ZB,Ốp B cần để chân sau phải SH mode 125 (2021-2025) đen nhám *NH1*
83450-K2S-V00ZA,"Bộ ốp sườn phải Vario 160, click 160 (2022-2026) Xám xi măng-*NHC60P*"
83450-K2S-V00ZB,"Bộ ốp sườn phải Vario 160, click 160 (2022-2026) Đỏ Nhám -R406M*"
83450-K2S-V00ZD,"Bộ ốp sườn phải Vario 160, click 160 (2022-2026) Xanh mực -B421M*"
83450-K2S-V00ZE,"Bộ ốp sườn phải Vario 160, click 160 (2022-2026) ĐEN bóng - B25M*"
83450-KFL-710ZB,"cốp trái, ốp hông trái Future 110(1999-2004) Xanh nhớt( lục) -B142*"
83450-KFL-890ZA,"cốp trái, ốp hông trái Future 110(1999-2004) Xanh ngọc -154M*"
83450-KFL-890ZB,"cốp trái, ốp hông trái Future 110(1999-2004) Xám Ghi -183M*"
83450-KFL-890ZC,"cốp trái, ốp hông trái Future 110(1999-2004) Xanh Mực đậm -171MU*"
83450-KFL-890ZD,"cốp trái, ốp hông trái Future 110(1999-2004) Đỏ Tươi -R263*"
83450-KFL-890ZE,"cốp trái, ốp hông trái Future 110(1999-2004) Đỏ Đô -R203M*"
83450-KVB-750ZB,Bộ ốp sườn phải CLICK 110(2007-2010) Trắng ngọc - A96P*
83450-KVB-750ZC,Bộ ốp sườn phải CLICK 110(2007-2010) ĐỎ Tươi - R313C*
83450-KVB-970ZB,Bộ ốp sườn phải CLICK 110(2007-2010) ĐEN bóng- A69P*
83450-KVB-970ZH,Bộ ốp sườn phải CLICK 110(2007-2010) ĐỎ Đô - R314P*
83450-KVB-970ZK,Bộ ốp sườn phải CLICK 110(2007-2010) Trắng ngọc - A96P*
83450-KVB-970ZL,Bộ ốp sườn phải CLICK 110(2007-2010) ĐỎ Tươi - R313C*
83460-K01-900ZC,sườn trái sh 2012 đô
83460-K01-900ZD,sườn trái sh 2012 trắng trước
83460-K01-900ZE,cốp trái sh 2012 đen
83460-K1N-V00ZA,Ốp B cần để chân sau phải SH mode 125 (2021-2025) Nâu -R286R*
83460-K1N-V00ZB,Ốp B cần để chân sau phải SH mode 125 (2021-2025) đen nhám *NH1*
83500-GN5-910ZJ,"cốp phải không tem Sper Dream 100, DREAM II (1997-2009) Nâu - *R150C*"
83500-K0R-V00ZA,ỐP Sườn phải SH 125 (2020-2025) Bạc *NHC26*
83500-K0R-V00ZC,ỐP Sườn phải SH 125 (2020-2025) Đỏ Đô nho *R368*
83500-K0R-V00ZD,ỐP Sườn phải SH 125 (2020-2025)Trắng *NHB35*
83500-K0R-V00ZE,ỐP Sườn phải SH 125 (2020-2025) Đen bóng-*NHB25*
83500-K0R-V60ZA,ỐP Sườn phải SH 125 (2020-2025) Đen Nhám-*NHA76*
83500-K0R-V60ZB,ỐP Sườn phải SH 125 (2020-2025) Xám xi Măng-C60*
83500-K0S-V00ZC,ỐP Sườn phải SH 150 (2020-2025) Đỏ Đô nho *R368*
83500-K0S-V00ZD,ỐP Sườn phải SH 150 (2020-2025)Trắng *NHB35*
83500-K0S-V00ZE,ỐP Sườn phải SH 150 (2020-2025) Đen bóng-*NHB25*
83500-K0S-V50ZA,ỐP Sườn phải SH 150 (2020-2025) Đen Nhám-*NHA76*
83500-K12-900ZA,ỐP sườn phải Lead 125 (2013-2016) Vàng Đồng -208M
83500-K12-900ZB,#N/A
83500-K12-900ZC,ỐP sườn phải Lead 125 (2013-2016) Vàng Kem -299P
83500-K12-900ZD,ỐP sườn phải Lead 125 (2013-2016) Đỏ Đô -350C
83500-K12-900ZF,ỐP sườn phải Lead 125 (2013-2016) XANH Mực- 390M*
83500-K12-900ZG,ỐP sườn phải Lead 125 (2013-2016) Trắng - B35P
83500-K12-900ZH,ỐP sườn phải Lead 125 (2013-2016) Đen Bóng - 25M*
83500-K12-900ZN,ỐP sườn phải Lead 125 (2013-2016) Xanh đen-403P
83500-K12-900ZP,ỐP sườn phải Lead 125 (2013-2016) bạc nhám-B18M*
83500-K27-V00ZF,#N/A
83500-K56-V00ZA,"ỐP sườn trên,ốp đuôi sau Winner 150 V1(2016-2019) trắng tem Xám -B35P*"
83500-K56-V00ZB,"ỐP sườn trên,ốp đuôi sau Winner 150 V1(2016-2019) đỏ tem -R340C*"
83500-K56-V00ZC,"ỐP sườn trên,ốp đuôi sau Winner 150 V1(2016-2019) Đen tem cam -R322C*"
83500-K56-V00ZD,"ỐP sườn trên,ốp đuôi sau Winner 150 V1(2016-2019) Vàng- Y106*"
83500-K56-V00ZE,"ỐP sườn trên,ốp đuôi sau Winner 150 V1(2016-2019) Xanh -B189*"
83500-K56-V20ZA,"ỐP sườn trên,ốp đuôi sau Winner 150 V1(2016-2019) đen nhám chữ Xi -NHA76M*"
83500-K56-V20ZB,"ỐP sườn trên,ốp đuôi sau Winner 150 V1(2016-2019) xanh nhám -B406P*"
83500-K56-V30ZB,"ỐP sườn trên,ốp đuôi sau Winner 150 V1(2016-2019) Vàng- Y106*"
83500-K56-V30ZC,"ỐP sườn trên,ốp đuôi sau Winner 150 V1(2016-2019) Xanh tem trắng *B189C*"
83500-K56-V30ZD,"ỐP sườn trên,ốp đuôi sau Winner 150 V1(2016-2019) Trắng tem đỏ *NHB35P*"
83500-K56-V30ZE,"ỐP sườn trên,ốp đuôi sau Winner 150 V1(2016-2019) Đỏ tem trắng *R340C*"
83500-K56-V40ZC,"ỐP sườn trên,ốp đuôi sau Winner 150 V1(2016-2019) Đen nhám chữ đỏ *NHA76M*"
83500-K57-V00ZA,Rùa W Blade đỏ * R340C *
83500-K57-V00ZB,Rùa W Blade trắng * NHB55P *
83500-K57-V00ZC,Rùa W Blade đen bóng * NHB25M *
83500-K57-V00ZD,Rùa W Blade đen nhám *NHA76M*
83500-KEV-900YA,"cốp phải, ốp hông phải Wave alpha nhỏ 100cc (2001-2005) Xanh Ngọc không tem -B305P*"
83500-KEV-900YB,"cốp phải, ốp hông phải Wave alpha nhỏ 100cc (2001-2005) đỏ tươi không tem-R263*"
83500-KEV-900YH,"cốp phải, ốp hông phải Wave alpha nhỏ 100cc (2001-2005) Xanh Mực đậm không tem -171MU*"
83500-KEV-900YK,"cốp phải, ốp hông phải Wave alpha nhỏ 100cc (2001-2005) Xanh Nhạt Ghi không tem -B141M*"
83500-KEV-900ZA,"cốp phải, ốp hông phải Wave alpha nhỏ 100cc (2001-2005) Xanh nhớt( lục) không tem-B142*"
83500-KEV-900ZF,"cốp phải, ốp hông phải Wave alpha nhỏ 100cc (2001-2005) nâu nho không tem-R150C*"
83500-KEV-900ZH,"cốp phải, ốp hông phải Wave alpha nhỏ 100cc (2001-2005) Đen không tem-NH1*"
83500-KEV-900ZM,"cốp phải, ốp hông phải Wave alpha nhỏ 100cc (2001-2005) Đỏ Đô không tem -R203M*"
83500-KEV-900ZT,"cốp phải, ốp hông phải Wave alpha nhỏ 100cc (2001-2005) Vàng không tem -Y106*"
83500-KEV-900ZY,"cốp phải, ốp hông phải Wave alpha nhỏ 100cc (2001-2003) Bạc không tem -411M*"
83500-KZL-930YF,#N/A
83500-KZV-V30ZA,Bộ ốp sườn Trái Dream 110 (2013-2017) Màu Nâu *R150*
83502-GGE-900ZA,"Bàn thờ trước ,Bộ nắp trước tay lái  Lead 110, SCR 110 (2008-2012) ĐEN Bóng-NHA69P"
83502-GGE-900ZB,"Mui rùa trên, ốp đuôi Sau trên Lead 110, SCR 110 (2008-2012) TRẮNG ngọc trai -A96P*"
83502-GGE-900ZC,"Mui rùa trên, ốp đuôi Sau trên Lead 110, SCR 110 (2008-2012) màu Đỏ  *R313*"
83502-GGE-900ZD,"Mui rùa trên, ốp đuôi Sau trên Lead 110, SCR 110 (2008-2012) BẠC -NH411M*"
83502-GGE-900ZF,"Mui rùa trên, ốp đuôi Sau trên Lead 110, SCR 110 (2008-2012) Vàng KEM -R299P*"
83502-GGE-900ZH,"Mui rùa trên, ốp đuôi Sau trên Lead 110, SCR 110 (2008-2012) màu Đỏ  *R340*"
83502-GGE-900ZJ,"Mui rùa trên, ốp đuôi Sau trên Lead 110, SCR 110 (2008-2012) NÂU-R303M"
83502-GGE-900ZK,"Mui rùa trên, ốp đuôi Sau trên Lead 110, SCR 110 (2008-2012) ĐỒNG -Y208M"
83502-GGE-900ZL,"Mui rùa trên, ốp đuôi Sau trên Lead 110, SCR 110 (2008-2012) TRẮNG đục - B35P*"
83502-GGE-900ZN,"Mui rùa trên, ốp đuôi Sau trên Lead 110, SCR 110 (2008-2012) Đỏ đô- 350C*"
83502-GGE-900ZP,"Mui rùa trên, ốp đuôi Sau trên Lead 110, SCR 110 (2008-2012) Xanh Ngọc-B203M*"
83502-K12-900ZA,"Mui rùa trên, ốp đuôi Sau trên Lead 125 (2013-2016) Vàng Đồng -208M"
83502-K12-900ZB,"Mui rùa trên, ốp đuôi Sau trên Lead 125 (2013-2016) NÂU -303M"
83502-K12-900ZC,"Mui rùa trên, ốp đuôi Sau trên Lead 125 (2013-2016) Vàng Kem -299P"
83502-K12-900ZD,"Mui rùa trên, ốp đuôi Sau trên Lead 125 (2013-2016) Đỏ Đô -350C"
83502-K12-900ZF,"Mui rùa trên, ốp đuôi Sau trên Lead 125 (2013-2016) XANH Mực- 390M*"
83502-K12-900ZG,"Mui rùa trên, ốp đuôi Sau trên Lead 125 (2013-2016) TRẮNG - B35P"
83502-K12-900ZH,"Mui rùa trên, ốp đuôi Sau trên Lead 125 (2013-2016) Đen Bóng - 25M*"
83502-K12-900ZM,"Mui rùa trên, ốp đuôi Sau trên Lead 125 (2013-2016) màu đồng nhạt *Y183M*"
83502-K12-900ZQ,"Mui rùa trên, ốp đuôi Sau trên Lead 125 (2013-2016) Xanh đen-403P"
83503-K12-900ZA,"Mui rùa Dưới, ốp đuôi Sau dưới Lead 125 (2013-2016) Vàng Đồng -208M"
83503-K12-900ZB,"Mui rùa Dưới, ốp đuôi Sau dưới Lead 125 (2013-2016) NÂU -303M"
83503-K12-900ZC,"Mui rùa Dưới, ốp đuôi Sau dưới Lead 125 (2013-2016) Vàng Kem -299P"
83503-K12-900ZD,"Mui rùa Dưới, ốp đuôi Sau dưới Lead 125 (2013-2016) Đỏ Đô -350C"
83503-K12-900ZF,"Mui rùa Dưới, ốp đuôi Sau dưới Lead 125 (2013-2016) XANH Mực- 390M*"
83503-K12-900ZG,"Mui rùa Dưới, ốp đuôi Sau dưới Lead 125 (2013-2016) TRẮNG - B35P"
83503-K12-900ZH,"Mui rùa Dưới, ốp đuôi Sau dưới Lead 125 (2013-2016) Đen Bóng - 25M*"
83503-K12-900ZN,"Mui rùa Dưới, ốp đuôi Sau dưới Lead 125 (2013-2016) Xanh đen-403P"
83503-K12-900ZP,"Mui rùa Dưới, ốp đuôi Sau dưới Lead 125 (2013-2016) BẠC Nhám -B18M*"
83503-K12-V00ZC,"Mui rùa Dưới, ốp đuôi Sau dưới Lead 125 (2017-2018) Đỏ Đô -368C"
83503-K12-V00ZD,"Mui rùa Dưới, ốp đuôi Sau dưới Lead 125 (2017-2018) Xanh đen-403P"
83503-K12-V00ZJ,"Mui rùa Dưới, ốp đuôi Sau dưới Lead 125 (2017-2018) TRẮNG ngọc trai -A96P*"
83503-K12-V00ZL,"Mui rùa Dưới, ốp đuôi Sau dưới Lead 125 (2017-2018) đen nhám -NHA76M*"
83503-K12-V00ZM,"Mui rùa Dưới, ốp đuôi Sau dưới Lead 125 (2018-2019) Đỏ Đô -350C"
83503-KVG-900,#N/A
83505-GGE-900ZA,"Bộ ốp sườn phải Lead 110, SCR 110 (2008-2012) Đen Bóng - A69P*"
83505-GGE-900ZB,"Bộ ốp sườn phải Lead 110, SCR 110 (2008-2012) TRẮNG ngọc trai -A96P*"
83505-GGE-900ZC,"Bộ ốp sườn phải Lead 110, SCR 110 (2008-2012) màu Đỏ  *R313*"
83505-GGE-900ZD,"Bộ ốp sườn phải Lead 110, SCR 110 (2008-2012) BẠC -NH411M*"
83505-GGE-900ZH,"Bộ ốp sườn phải Lead 110, SCR 110 (2008-2012) màu Đỏ  *R340*"
83505-GGE-900ZJ,"Bộ ốp sườn phải Lead 110, SCR 110 (2008-2012) NÂU-R303M"
83505-GGE-900ZK,"Bộ ốp sườn phải Lead 110, SCR 110 (2008-2012) Vàng Đồng -208M"
83505-GGE-900ZL,"Bộ ốp sườn phải Lead 110, SCR 110 (2008-2012) TRẮNG - B35P"
83505-GGE-910ZB,"Bộ ốp sườn phải Lead 110, SCR 110 (2008-2012) Vàng Kem -299P"
83505-GGE-A10ZD,"Bộ ốp sườn phải Lead 110, SCR 110 (2008-2012) Đỏ Đô -350C"
83505-K2C-V00ZB,Bộ ốp sườn phải Vision 110 (2021-2026+)TRẮNG -NH35P*
83505-K2C-V00ZC,Bộ ốp sườn phải Vision 110 (2021-2026+) Xanh mực bóng *PB426P*
83505-K2C-V00ZD,Bộ ốp sườn phải Vision 110 (2021-2026+) Xanh mực nhám *PB425M*
83505-K2C-V00ZE,Bộ ốp sườn phải Vision 110 (2021-2026+) đen nhám tem vàng *NHA76M*
83505-K2C-V00ZF,Bộ ốp sườn phải Vision 110 (2021-2026+) Đỏ Đô Nho *R350C*
83505-K2C-V30ZA,Bộ ốp sườn phải Vision 110 (2021-2026+) xanh xám nhám *NHC34M*
83505-K2C-V30ZB,Bộ ốp sườn phải Vision 110 (2021-2026+) đen nhám tem đỏ *NHA76M*
83505-K2C-VA0ZA,Bộ ốp sườn phải Vision 110 (2021-2026+) xanh nhám *PB434M*
83505-K2C-VA0ZC,Bộ ốp sườn phải Vision 110 (2021-2026+) đen bóng tem xi (VA0)
83505-K2C-VF0ZC,Bộ ốp sườn phải Vision 110 (2021-2026+) xám xi măng C60 (VF0)
83505-K2C-VS0ZA,Bộ ốp sườn phải Vision 110 (2021-2026+) xanh đen tem trắng *NHC34M*
83505-K44-V00ZD,Bộ ốp sườn phải Vision 110 (2014-2020) XÁM Nhạt Tem Xi -R320M*
83505-K44-V00ZE,Bộ ốp sườn phải Vision 110 (2014-2020) Đỏ Đô nho Tem Xi -R350C*
83505-K44-V00ZF,Bộ ốp sườn phải Vision 110 (2014-2020) Đen bóng Tem Xi-25M
83505-K44-V00ZG,Bộ ốp sườn phải Vision 110 (2014-2020) Đỏ Tem Xi- R340C*
83505-K44-V00ZH,Bộ ốp sườn phải Vision 110 (2014-2020) ĐỒNG Tem Xi- Y317M*
83505-K44-V00ZJ,Bộ ốp sườn phải Vision 110 (2014-2020) Xanh đậm mực Tem Xi- B390M*
83505-K44-V00ZK,Bộ ốp sườn phải Vision 110 (2014-2020) Trắng Tem Xi- B35P*
83505-K44-V00ZL,Bộ ốp sườn phải Vision 110 (2014-2020) BẠC Tem Xi -411M*
83505-K44-V30ZA,Bộ ốp sườn phải Vision 110 (2014-2020) Đen Nhám tem đỏ -A76M*
83505-K44-V60ZB,Bộ ốp sườn phải Vision 110 (2014-2020) Đỏ Tem Xi- R340C*
83505-K44-V60ZC,Bộ ốp sườn phải Vision 110 (2014-2020) Kem tem xi ( V60 )
83505-K44-V60ZE,Bộ ốp sườn phải Vision 110 (2014-2020) Trắng Tem Xi- B35P*
83505-K44-V60ZF,Bộ ốp sườn phải Vision 110 (2014-2020) Đỏ Đô nho Tem Xi -R350C*
83505-K44-V80ZA,Bộ ốp sườn phải Vision 110 (2014-2020) Trắng tem vàng (V80)
83505-K44-V80ZB,Bộ ốp sườn phải Vision 110 (2014-2020) đỏ tươi tem vàng (V80)
83505-K44-V80ZE,Bộ ốp sườn phải Vision 110 (2014-2020) xanh đá tem vàng (V80)
83505-K44-V80ZJ,Bộ ốp sườn phải Vision 110 (2014-2020) trắng tem đỏ (V80)
83505-K44-V80ZK,Bộ ốp sườn phải Vision 110 (2014-2020) Xanh nhớt tem vàng (V80)
83505-K44-V80ZM,Bộ ốp sườn phải Vision 110 (2014-2020) Kem tem vàng (V80)
83505-K44-V80ZN,Bộ ốp sườn phải Vision 110 (2014-2020) đô nho tem vàng *R350C*
83505-K44-VE0ZH,Bộ ốp sườn phải Vision 110 (2014-2020) Trắng tem xi ( VE0 )
83505-KZL-E00ZA,Bộ ốp sườn phải Vision 110 (2011-2013) vàng tem giấy -Y192*
83505-KZL-E00ZB,Bộ ốp sườn phải Vision 110 (2011-2013) Xanh dương tem giấy-B206*
83505-KZL-E00ZC,Bộ ốp sườn phải Vision 110 (2011-2013) Tươi tem giấy
83505-KZL-E00ZD,Bộ ốp sườn phải Vision 110 (2011-2013) Nâu tem giấy
83505-KZL-E00ZE,Bộ ốp sườn phải Vision 110 (2011-2013) Trắng tem giấy
83505-KZL-E00ZF,Bộ ốp sườn phải Vision 110 (2011-2013) Đen tem giấy
83505-KZL-E80ZA,Bộ ốp sườn phải Vision 110 (2011-2013) Nâu tem Xi -R303*
83505-KZL-E80ZB,Bộ ốp sườn phải Vision 110 (2011-2013) Đô nho tem Xi -R350B*
83505-KZL-E80ZC,Bộ ốp sườn phải Vision 110 (2011-2013) Đen tem Xi-B25B*
83505-KZL-E80ZD,Bộ ốp sườn phải Vision 110 (2011-2013) Xanh mực tem Xi -B390*
83505-KZL-E80ZE,Bộ ốp sườn phải Vision 110 (2011-2013) Trắng tem Xi -B35*
83510-GGE-900ZA,"ốp sàn phải lead, thanh cạnh phải  Lead 110, SCR 110 (2008-2012)  ĐEN Bóng-NHA69P"
83510-GGE-900ZB,"ốp sàn phải lead, thanh cạnh phải  Lead 110, SCR 110 (2008-2012) TRẮNG ngọc trai - B96P*"
83510-GGE-900ZC,"ốp sàn phải lead, thanh cạnh phải  Lead 110, SCR 110 (2008-2012) màu Đỏ  *R313*"
83510-GGE-900ZD,"ốp sàn phải lead, thanh cạnh phải  Lead 110, SCR 110 (2008-2012) BẠC -NH411M*"
83510-GGE-900ZF,"ốp sàn phải lead, thanh cạnh phải  Lead 110, SCR 110 (2008-2012) Vàng KEM -R299P*"
83510-GGE-900ZG,"ốp sàn phải lead, thanh cạnh phải  Lead 110, SCR 110 (2008-2012) BẠC -B24M*"
83510-GGE-900ZH,"ốp sàn phải lead, thanh cạnh phải  Lead 110, SCR 110 (2008-2012) màu Đỏ  *R340*"
83510-GGE-900ZJ,"ốp sàn phải lead, thanh cạnh phải  Lead 110, SCR 110 (2008-2012) NÂU-R303M"
83510-GGE-900ZK,"ốp sàn phải lead, thanh cạnh phải  Lead 110, SCR 110 (2008-2012) ĐỒNG -Y208M"
83510-GGE-900ZL,"ốp sàn phải lead, thanh cạnh phải  Lead 110, SCR 110 (2008-2012) TRẮNG đục - B35P*"
83510-GGE-900ZN,"ốp sàn phải lead, thanh cạnh phải  Lead 110, SCR 110 (2008-2012)  Đỏ đô- 350C"
83510-GGE-900ZP,"ốp sàn phải lead, thanh cạnh phải  Lead 110, SCR 110 (2008-2012) Xanh Ngọc-B203M"
83510-K12-900ZA,"ốp sàn phải , thanh cạnh phải Lead 125 (2013-2016) Vàng Đồng -208M"
83510-K12-900ZC,"ốp sàn phải , thanh cạnh phải Lead 125 (2013-2016) Vàng Kem -299P"
83510-K12-900ZD,"ốp sàn phải , thanh cạnh phải Lead 125 (2013-2016)  Đỏ Đô -350C"
83510-K12-900ZF,"ốp sàn phải , thanh cạnh phải Lead 125 (2013-2016) XANH Mực- 390M*"
83510-K12-900ZG,"ốp sàn phải , thanh cạnh phải Lead 125 (2013-2016) TRẮNG - B35P"
83510-K12-900ZH,"ốp sàn phải , thanh cạnh phải Lead 125 (2013-2016) Đen Bóng - 25M*"
83510-K12-900ZM,"ốp sàn phải , thanh cạnh phải Lead 125 (2013-2016) màu đồng nhạt *Y183M*"
83510-K12-900ZN,"ốp sàn phải , thanh cạnh phải Lead 125 (2013-2016) Xanh đen-403P"
83510-K12-900ZP,"ốp sàn phải , thanh cạnh phải Lead 125 (2013-2016) BẠC Nhám -B18M*"
83510-K12-V00ZA,"ỐP sàn phải , thanh cạnh phải Lead 125 (2017-2018) Vàng Kem -299P"
83510-K12-V00ZB,"ỐP sàn phải , thanh cạnh phải Lead 125 (2017-2018) Đỏ đô đậm -R368C"
83510-K12-V00ZC,"ỐP sàn phải , thanh cạnh phải Lead 125 (2017-2018) Xanh đen-403P"
83510-K12-V00ZD,"ỐP sàn phải , thanh cạnh phải Lead 125 (2017-2018) BẠC -NH411M*"
83510-K12-V00ZG,"ỐP sàn phải , thanh cạnh phải Lead 125 (2017-2018) BẠC Nhám -B18M*"
83510-K12-V00ZH,"ỐP sàn phải , thanh cạnh phải Lead 125 (2017-2018) TRẮNG ngọc trai - B96P*"
83510-K12-V00ZJ,"ỐP sàn phải , thanh cạnh phải Lead 125 (2017-2018) Xanh nhớt -G209P*"
83510-K12-V00ZL,"ỐP sàn phải , thanh cạnh phải Lead 125 (2017-2018) Đỏ đô- 350C"
83510-K1N-V00ZA,Bộ ốp sườn phải SH mode 125 (2021-2022) Đen Bóng - 25M*
83510-K1N-V00ZB,Bộ ốp sườn phải SH mode 125 (2021-2022) BẠC Nhám -B18M*
83510-K1N-V00ZC,Bộ ốp sườn phải SH mode 125 (2021-2022) Đỏ đô- 350C
83510-K1N-V00ZD,Bộ ốp sườn phải SH mode 125 (2021-2022) TRẮNG - 35P*
83510-K1N-V00ZE,Bộ ốp sườn phải SH mode 125 (2021-2022) BẠC Nhám -B18M*
83510-K1N-V00ZF,Bộ ốp sườn phải SH mode 125 (2021-2022) Trắng ngà - NHC46*
83510-K1N-V00ZG,Bộ ốp sườn phải SH mode 125 (2021-2022) Xanh Đen - B410*
83510-K1N-V60ZA,Bộ ốp sườn phải SH mode 125 (2021-2025) BẠC Nhám -B18M*
83510-K1N-V60ZB,Bộ ốp sườn phải SH mode 125 (2021-2025) Đen Nhám -76M
83510-K1N-V60ZE,Bộ ốp sườn phải SH mode 125 (2021-2025) XÁM Xi măng - C60P
83510-K2T-V00ZA,"ỐP sàn phải , thanh cạnh phải Lead 125  (2021-2025) Đỏ Đô nho- 350C*"
83510-K2T-V00ZB,"ỐP sàn phải , thanh cạnh phải Lead 125  (2021-2025) Xanh mực đen- b426*"
83510-K2T-V00ZC,"ỐP sàn phải , thanh cạnh phải Lead 125  (2021-2025) Trắng ngà - NHC46*"
83510-K2T-V00ZD,"ỐP sàn phải , thanh cạnh phải Lead 125  (2021-2025) TRẮNG - B35*"
83510-K2T-V00ZF,"ỐP sàn phải , thanh cạnh phải Lead 125  (2021-2025) BẠC Nhám -B18M*"
83510-K2T-V00ZG,"ỐP sàn phải , thanh cạnh phải Lead 125  (2021-2025) ĐEN Nhám - A76M*"
83510-K73-V40ZA,"Mui rùa,Ốp đuôi sau Future 125 Fi, Future 125 Mập (2018-2019) Màu Nâu *YR303M*"
83510-K73-V40ZB,"Mui rùa,Ốp đuôi sau Future 125 Fi, Future 125 Mập (2018-2019) Đỏ Đô Nho *R350C*"
83510-K73-V40ZC,"Mui rùa,Ốp đuôi sau Future 125 Fi, Future 125 Mập (2018-2019) ĐỎ *340C*"
83510-K73-V40ZD,"Mui rùa,Ốp đuôi sau Future 125 Fi, Future 125 Mập (2018-2019) Xanh đá *PB389*"
83510-K73-V40ZE,"Mui rùa,Ốp đuôi sau Future 125 Fi, Future 125 Mập (2018-2019) ĐEN  *B25M*"
83510-K73-V40ZF,"Mui rùa,Ốp đuôi sau Future 125 Fi, Future 125 Mập (2018-2019) Đen Nhám *76M*"
83510-K73-V40ZG,"Mui rùa,Ốp đuôi sau Future 125 Fi, Future 125 Mập (2018-2019) Xám lông chuột *NHA62*"
83510-K73-V40ZK,"Mui rùa,Ốp đuôi sau Future 125 Fi, Future 125 Mập (2018-2019) TRẮNG ngọc *B55P*"
83510-K73-V40ZL,"Mui rùa,Ốp đuôi sau Future 125 Fi ,Future LED (2020-2021) TRẮNG ngà *NH193P*"
83510-K73-V40ZM,"Mui rùa,Ốp đuôi sau Future 125 Fi ,Future LED (2020-2021))  BẠC -B24M*"
83510-K73-V40ZN,"Mui rùa,Ốp đuôi sau Future 125 Fi ,Future LED (2021-2026+) Xanh Nhám *NHC34*"
83510-K73-V40ZP,"Mui rùa,Ốp đuôi sau Future 125 Fi ,Future LED (2021-2026+) Đỏ đô đậm -R368C"
83510-K73-V40ZQ,"Mui rùa,Ốp đuôi sau Future 125 Fi ,Future LED (2021-2026+) Xanh mực -B421M*"
83510-K89-V00ZA,"Mui rùa,Ốp đuôi sau Wave 110(2017-2023) Đỏ Tươi -*R263*"
83510-K89-V00ZB,"Mui rùa,Ốp đuôi sau Wave 110(2017-2023) TRẮNG -*NHB55*"
83510-K89-V00ZC,"Mui rùa,Ốp đuôi sau Wave 110(2017-2023) đen *NHB25M*"
83510-K89-V00ZD,"Mui rùa,Ốp đuôi sau Wave 110(2017-2023) xanh bơ *GY150P*"
83510-K89-V00ZE,"Mui rùa,Ốp đuôi sau Wave 110(2017-2023) xanh ngọc *B203M*"
83510-K89-V00ZR,"Mui rùa,Ốp đuôi sau Wave 110(2017-2023) cam *YR322C*"
83510-K89-V00ZS,"Mui rùa,Ốp đuôi sau Wave 110(2017-2023) mực 421"
83510-KEV-900YA,"Mui rùa,Ốp đuôi sau Wave alpha nhỏ 100cc (2001-2005) Xanh Ngọc -B305P*"
83510-KEV-900YB,"Mui rùa,Ốp đuôi sau Wave alpha nhỏ 100cc (2001-2005) Đỏ Tươi -R263*"
83510-KEV-900YH,"Mui rùa,Ốp đuôi sau Wave alpha nhỏ 100cc (2001-2005) Xanh Mực đậm -171MU*"
83510-KEV-900YK,"Mui rùa,Ốp đuôi sau Wave alpha nhỏ 100cc (2001-2005) Xanh Nhạt Ghi -B141M*"
83510-KEV-900YS,0
83510-KEV-900ZA,"Mui rùa,Ốp đuôi sau Wave alpha nhỏ 100cc (2001-2005) Xanh nhớt( lục) -B142*"
83510-KEV-900ZF,"Mui rùa,Ốp đuôi sau Wave alpha nhỏ 100cc (2001-2005) NÂU -R150CU*"
83510-KEV-900ZH,"Mui rùa,Ốp đuôi sau Wave alpha nhỏ 100cc (2001-2005) ĐEN -NH1*"
83510-KEV-900ZM,"Mui rùa,Ốp đuôi sau Wave alpha nhỏ 100cc (2001-2005) Đỏ Đô -R203M*"
83510-KEV-900ZT,"Mui rùa,Ốp đuôi sau Wave alpha nhỏ 100cc (2001-2005) VÀNG -Y106*"
83510-KEV-900ZY,"Mui rùa,Ốp đuôi sau Wave alpha nhỏ 100cc (2001-2005) BẠC -411M*"
83510-KFL-890ZA,"Mui rùa,Ốp đuôi sau Future 110(1999-2004) Xanh ngọc -154M*"
83510-KFL-890ZC,"Mui rùa,Ốp đuôi sau Future 110(1999-2004) Xám Ghi -183M*"
83510-KFL-890ZD,"Mui rùa,Ốp đuôi sau Future 110(1999-2004) Xanh Mực đậm -171MU*"
83510-KFL-890ZE,"Mui rùa,Ốp đuôi sau Future 110(1999-2004) Đỏ Tươi -R263*"
83510-KFL-890ZF,"Mui rùa,Ốp đuôi sau Future 110(1999-2004) Đỏ Đô -R203M*"
83510-KFL-890ZG,"Mui rùa,Ốp đuôi sau Future 110(1999-2004)  Xanh nhớt( lục) -B142*"
83510-KPH-700YA,"Mui rùa,Ốp đuôi sau Future X FI (2010-2011) TRẮNG -A96P*"
83510-KPH-700YH,"Mui rùa,Ốp đuôi sau Future X FI (2010-2011) XÁM ghi-A62M"
83510-KPH-700YL,"Mui rùa,Ốp đuôi sau Future X FI (2010-2011) ĐỎ - 340C*"
83510-KPH-700ZC,"Mui rùa,Ốp đuôi sau Future Neo 125 (2005-2008) BẠC -411M*"
83510-KPH-700ZJ,"Mui rùa,Ốp đuôi sau Future Neo 125 (2005-2008) ĐỎ -R313C*"
83510-KPH-700ZL,"Mui rùa,Ốp đuôi sau Future Neo 125 (2005-2008) ĐEN Bóng-A69P*"
83510-KPH-700ZN,"Mui rùa,Ốp đuôi sau Future Neo 125, 125 GT, 125 FI (2005-2008) ĐỎ -R315C*"
83510-KPH-700ZP,"Mui rùa,Ốp đuôi sau Future Neo 125, 125 GT, 125 FI (2005-2008) XANH Mực đậm-373M**"
83510-KPH-900YJ,"Mui rùa,Ốp đuôi sau Future II (125cc)(2004-2005) TÍM Cà -138M*"
83510-KPH-900YK,"Mui rùa,Ốp đuôi sau Future II (125cc)(2004-2005) Future II (125cc)(2004-2005) ĐỎ -161P*"
83510-KTL-640YA,"Mui rùa,Ốp đuôi sau Wave S100 (2005-2007) Màu Đỏ -313C*"
83510-KTL-640YJ,"Mui rùa,Ốp đuôi sau  Wave (A) cá 100 (2011-2016) XANH Ngọc-203M*"
83510-KTL-640YK,"Mui rùa,Ốp đuôi sau  Wave (A) cá 100 (2011-2016) ĐỒNG -208M*"
83510-KTL-640YM,"Mui rùa,Ốp đuôi sau  Wave (A) cá 100 (2011-2016) XÁM ghi -262M*"
83510-KTL-640YN,"Mui rùa,Ốp đuôi sau  Wave (A) cá 100 (2011-2016) TRẮNG -NH55P*"
83510-KTL-640YR,"Mui rùa,Ốp đuôi sau  Wave (A) cá 100 (2014-2016) Màu CAM -R322C*"
83510-KTL-640ZA,"Mui rùa,Ốp đuôi sau Wave RS 100 (2005-2007) MàU Xanh Ngọc -132M*"
83510-KTL-640ZB,"Mui rùa,Ốp đuôi sau Wave RS 100 (2005-2007) Tím sen-173M*"
83510-KTL-640ZC,"Mui rùa,Ốp đuôi sau Wave RS100,Wave (A) cá 100 (2005-2016) Đỏ tươi-263M*"
83510-KTL-640ZE,"Mui rùa,Ốp đuôi sau Wave RS100,Wave (A) cá 100 (2005-2016)  VÀNG-106*"
83510-KTL-640ZG,"Mui rùa,Ốp đuôi sau Wave S100,Wave RS100,Wave (A) cá 100 (2005-2016) ĐEN -A69P*"
83510-KTL-640ZJ,"Mui rùa,Ốp đuôi sau Wave (A) cá 100 (2005-2012) BẠC -411M*"
83510-KTL-640ZM,"Mui rùa,Ốp đuôi sau Wave (A) cá 100 (2005-2012) XANH Lá -107M*"
83510-KTL-640ZP,"Mui rùa,Ốp đuôi sau Wave (A) cá 100 (2005-2012) Tím cà -P138M*"
83510-KTL-640ZR,"Mui rùa,Ốp đuôi sau  Wave (A) cá 100 (2005-2012) ĐỎ -R161M*"
83510-KTL-640ZS,"Mui rùa,Ốp đuôi sau Wave S100,Wave RS100,Wave (A) cá 100 (2005-2012)  XANH Mực đậm-373M*"
83510-KVG-900ZA,nắp soi bảng số air
83510-KVG-V40,nắp soi bảng số air new
83510-KVR-V80ZA,0
83510-KVR-V80ZB,rùa rsx trắng 96
83510-KVR-V80ZC,rùa rsx 100 xanh mực 383
83510-KVR-V80ZD,rùa rsx 100 đỏ 315
83510-KVR-V80ZE,ốp đuôi sau *YR271*
83510-KYZ-900ZK,rùa fu 125 nâu
83510-KYZ-900ZM,?P ÐUÔI SAU *PB373M*
83510-KYZ-900ZN,?P ÐUÔI SAU *NHB35P*
83510-KYZ-900ZP,rùa fu 125 đen
83510-KYZ-900ZQ,rùa fu 125 đỏ
83510-KYZ-900ZS,rùa fu 125 xám
83510-KYZ-900ZU,Ốp đuôi sau *PB389M*
83510-KZV-V30ZA,ốp đuôi sau*R150CU*
83510-KZV-V30ZE,Ốp đuôi sau *GY150P*
83511-K12-V00ZA,Ốp để chân phải *NH1*
83511-K2T-V00ZA,Ốp để chân sau phải *NH1*
83520-K0R-V00,Viền xi đèn sau Sh 2020
83520-K12-900ZA,ốp sườn dưới phải lead 2013 vàng
83520-K12-900ZB,ốp sườn dưới phải lead 2013 nâu
83520-K12-900ZC,ốp sườn dưới phải lead 2013 đen
83520-K29-900ZA,sườn dưới sh mos phải nâu nhám
83520-K29-900ZB,sườn dưới sh mos phải đỏ nhám
83520-K29-900ZC,ốp dưới sườn phải sh 2013 đen
83520-K2C-V00ZA,ốp sàn phải vision 2022 nho *R350C*
83520-K2C-V00ZD,ốp sàn phải vision 2022 trắng *NHB35P*
83520-K2C-V00ZE,0
83520-K2C-V00ZF,ốp sàn phải vision 2022 đen nhám *NHA76M*
83520-K2C-V00ZH,ốp sàn phải vision 2022 xanh đen *NHC34M*
83520-K2C-V00ZJ,ốp sàn phải vision 2022 xanh mực nhám sáng *PB425M*
83520-K2C-V00ZK,ốp sàn phải vision 2022 mực *PB426M*
83520-K2C-V00ZM,Ốp sàn bên phải vision 2022 xanh mực nhám đậm*PB434M*
83520-K2C-V00ZN,ốp sàn phải vision 2022 xám xi măng *NHC60P*
83520-K2S-N00ZB,Ốp sườn cạnh phải *NH1*
83520-K2S-N00ZC,Ốp sườn cạnh phải *YR286R*
83520-K44-V00ZA,ốp sàn phải vision 2014 xám
83520-K44-V00ZB,ốp sàn phải vision 2014 đồng
83520-K44-V00ZC,ốp sàn phải vision 2014 nho
83520-K44-V00ZD,ốp sàn phải vision 2014 mực
83520-K44-V00ZE,ốp sàn phải vision 2014 trắng
83520-K44-V00ZF,ốp sàn phải vision 2014 đen bóng
83520-K44-V00ZG,ốp sàn phải vision 2014 tươi
83520-K44-V00ZH,ốp sàn phải vision 2014 bạc
83520-K44-V00ZJ,ốp sàn phải vision 2014 đen nhám
83520-K44-V00ZK,ốp sàn phải vision 2014 hồng *RP197M*
83520-K44-V00ZT,ốp sàn phải vision 2019 kem
83520-K44-V00ZW,ốp sàn phải vision 2014 xanh nhớt *G209P*
83520-K44-V00ZX,ốp sàn phải vision 2014 xanh đá *PB420M*
83520-K56-N10,nắp đèn hậu
83520-K56-V50,Nắp đèn hậu phải
83520-KVB-900ZA,cánh chim phải clcik
83520-KVG-V00ZA,#N/A
83520-KZL-E00ZA,ốp sàn phải vision bạc
83520-KZL-E00ZB,ốp sàn phải vision nâu
83520-KZL-E00ZC,ốp sàn phải vision đô 350
83520-KZL-E00ZD,ốp sàn phải vision đen
83520-KZL-E00ZE,ốp sàn phải vision xám
83520-KZL-E00ZF,ốp sàn phải vision mực
83520-KZL-E00ZG,ốp sàn phải vision trắng
83520-KZL-E00ZH,ốp sàn phải vision đen
83521-GGE-900,Nắp ốp trung tâm phải
83521-K1N-V00ZA,Sườn dưới phải Sh mode 2022 Nâu
83521-K1N-V00ZB,Sườn dưới phải Sh mode 2022 Đen
83525-GGE-900ZA,ốp trung tâm phải lead fi
83525-K56-V50,Nắp đèn hậu trái
83530-K0R-V00ZA,rùa trên sh 2020 nho *R368C*
83530-K0R-V00ZD,rùa trên sh 2020 trắng
83530-K0R-V00ZE,rùa trên sh 2020 đen *NHB25M*
83530-K0R-V00ZF,rùa sh 2020 đen nhám
83530-K0R-V00ZG,rùa sh 2020 xám xi măng
83530-K0R-V00ZK,rùa trên sh 2020 đen bóng *NH1*
83530-K29-900,Nắp ốp xi nhan sau phải
83530-K2S-N00ZG,0
83531-K1N-V00,ốp xi nhan sau phải Sh mode 2022 ( xi )
83550-K12-V00ZD,Bộ ốp sườn phải *G209*
83550-K12-V00ZE,Bộ ốp sườn phải *NHB18*
83550-K12-V00ZH,Bộ ốp sườn phải *R368*
83550-K12-V20ZD,Bộ ốp sườn phải *R350C*
83550-K12-V20ZE,Bộ ốp sườn phải *PB403P*
83550-K12-V20ZF,Bộ ốp sườn phải *NHB25M*
83550-K12-V20ZG,Bộ ốp sườn phải *NHA96P*
83550-K1F-V00ZA,Bộ ốp thân bên phải *TYPE5*
83550-K1F-V00ZB,Bộ ốp thân bên phải *TYPE4*
83550-K1F-V00ZC,Bộ ốp thân bên phải *TYPE3*
83550-K1F-V00ZD,Bộ ốp thân bên phải *TYPE2*
83550-K1F-V00ZE,Bộ ốp thân bên phải *TYPE1*
83550-K1F-V30ZA,Bộ ốp thân bên phải *R368C*
83550-K1F-V30ZB,Bộ ốp thân bên phải *PB421M*
83550-K1F-V30ZC,Bộ ốp thân bên phải *NHC04M*
83550-K1F-V30ZD,Bộ ốp thân bên phải *NHB25M*
83550-K1F-V40ZA,Bộ ốp thân bên phải *TYPE1* *NHC34*
83550-K1F-V70ZA,Bộ ốp thân bên phải *NHC60P*
83550-K1G-V00ZA,Bộ ốp thân bên phải *TYPE4*
83550-K1G-V00ZB,Bộ ốp thân bên phải *TYPE3*
83550-K1G-V00ZC,Bộ ốp thân bên phải *TYPE2*
83550-K1G-V00ZD,Bộ ốp thân bên phải *TYPE1*
83550-K1G-V10ZA,Bộ ốp thân bên phải *NHA76M*
83550-K1G-V40ZA,Bộ ốp thân bên phải *TYPE1* *NHA76*
83550-K1G-V90ZA,Bộ ốp thân bên phải *NHC60P*
83550-K1Z-A00ZE,Bộ ốp sườn phải *NHB35P*
83550-K27-V00ZC,Bộ ốp sườn phải *NHA62X*
83550-K27-V00ZD,sườn phải air 2013 đen ko tem
83550-K27-V00ZG,sườn phải air 2013 trắng ko tem
83550-K27-V10ZA,sườn phải air đen tem đỏ 2013
83550-K27-V10ZB,sườn phải air 2013 đen tem đồng
83550-K27-V10ZC,sườn phải air 2013 trắng tem đỏ
83550-K27-V20ZA,sườn phải air 2014 xám
83550-K27-V20ZB,sườn phải air 2014 đồng
83550-K27-V60ZA,sườn phải air 2014 đen tem xám
83550-K27-V60ZB,sườn phải air 2014 đen tem cam
83550-K27-V60ZC,sườn phải air 2014 trắng tem xám 62
83550-K27-V60ZD,sườn phải air 2014 đen tem đồng 208
83550-K27-V60ZE,sườn phải air 2014 đen tem đỏ 340
83550-K2S-V00ZA,Bộ ốp sườn trái *NHC60P*
83550-K2S-V00ZB,Bộ ốp sườn trái *R406M*
83550-K2S-V00ZD,Bộ ốp sườn trái *PB421M*
83550-K2S-V00ZE,Bộ ốp sườn trái *NHB25M*
83550-K2Z-V00ZA,Bộ ốp sườn phải *NHB25*
83550-K2Z-V00ZC,Bộ ốp sườn phải *R368*
83550-K2Z-V00ZD,Bộ ốp sườn phải *PB426*
83550-K2Z-V10ZA,Bộ ốp sườn phải *NHC34*
83550-K2Z-V40ZD,Bộ Ốp Sườn Phải *Type1*
83550-K2Z-V70ZA,Bộ Ốp Sườn Phải *Nhc60P*
83550-K35-V00ZA,Bộ ốp sườn phải*YR320M*
83550-K35-V00ZB,Bộ ốp sườn phải*R350C*
83550-K35-V00ZC,Bộ ốp sườn phải*NHB35P*
83550-K35-V00ZD,Bộ ốp sườn phải*NHB25M*
83550-K35-V00ZQ,Bộ ốp sườn phải *PB403P*
83550-K35-V10ZA,Bộ ốp sườn phải*NHB18M*
83550-K35-V10ZB,Bộ ốp sườn phải*NHA76M*
83550-K3A-V00ZC,sườn phải air 2023 đỏ 340
83550-K3A-V00ZD,sườn phải air 2023 xanh mực 421
83550-K3A-V10ZA,#N/A
83550-K66-V00ZA,sườn phải air 2016 đen tem cam
83550-K66-V00ZB,sườn phải air 2016 đen tem trắng
83550-K66-V00ZC,sườn phải air 2016 đen tem xám
83550-K66-V00ZD,sườn phải air 2016 đen tem đỏ
83550-K66-V10ZA,sườn phải air 2016 đen tem
83550-K66-V10ZB,sườn phải air 2016 trắng tem
83550-K66-V10ZC,sườn phải air 2016 mực tem
83550-K66-V10ZD,sườn phải air 2016 đỏ tem
83550-K66-V20ZD,#N/A
83550-K66-V20ZF,sườn phải air 2016 xám 3d
83550-K66-V90ZA,sườn phải air 2016 đen nhám
83550-K66-VE0ZA,Bộ ốp sườn phải *TYPE4*
83550-K66-VE0ZB,Bộ ốp sườn phải *TYPE3*
83550-K66-VE0ZC,Bộ ốp sườn phải *TYPE2*
83550-K66-VE0ZD,Bộ ốp sườn phải *TYPE1*
83550-K66-VF0ZB,Bộ ốp sườn phải *NHB86M*
83550-K66-VF0ZF,Bộ ốp sườn phải *PB390M*
83550-K66-VF0ZG,Bộ ốp sườn phải *R340C*
83550-K66-VG0ZA,Bộ ốp sườn phải *NHA76M*
83550-K66-VH0ZA,#N/A
83550-K66-VH0ZB,Bộ ốp sườn phải *NHB74M*
83550-K66-VN0ZA,Bộ ốp sườn phải *B189C*
83550-K66-VN0ZD,Bộ ốp sườn phải *R340C*
83550-K66-VP0ZD,Bộ ốp sườn phải *R340C*
83550-K66-VQ0ZA,Bộ ốp sườn phải *NHA76M*
83550-K96-V00ZD,Ốp sườn phải *R368C*
83550-K96-V00ZE,Ốp sườn phải *NHB86M*
83550-K96-V00ZF,Ốp sườn phải *NHB25M*
83550-K96-V00ZG,Ốp sườn phải *NHB35P*
83550-K97-V00ZE,Ốp sườn phải *NHB18M*
83550-K97-V00ZF,Ốp sườn phải *NHA76M*
83550-KFL-890ZA,cốp bạc fu phải
83550-KVB-750ZA,sườn tráii click đen
83550-KVB-970ZB,sườn trái click đen
83550-KVB-970ZC,sườn trái clcik trắng
83550-KVB-970ZH,sườn trái clcik đỏ đô
83550-KVB-970ZK,Bộ ốp sườn trái *NHA96P*
83550-KVB-970ZL,sườn trái clcik tươi
83550-KVG-950ZA,sườn phải air đen
83550-KVG-950ZB,sườn phải air trắng 2007
83550-KVG-950ZC,sườn phải air đỏ 2007
83550-KVG-V10ZD,sườn phải air 2008 xanh 383
83550-KVG-V10ZE,sườn phải air 2008 đỏ 313
83550-KVG-V10ZF,sườn phải air 2008 trắng
83550-KVG-V20ZA,sườn phải air fi đen
83550-KVG-V20ZB,sườn phải air fi trắng
83550-KVG-V20ZC,sườn phải air fi đỏ
83550-KVG-V40ZA,sườn dưới phải air 2011 đỏ ko tem
83550-KVG-V40ZC,sườn dưới phải air 2011 đen ko tem
83550-KVG-V40ZD,0
83550-KVG-V50ZB,sườn phải air 2011 đen tem đỏ
83550-KVG-V50ZC,sườn phải air 2011 trắng tem
83550-KVG-V60ZA,0
83550-KVG-V60ZB,sườn phải air 2011 đồng 3d
83550-KVG-V80ZB,Bộ ốp sườn phải *NHB35K*
83550-KVG-V80ZC,sườn phải air 2011 đen tem đỏ
83550-KVG-V80ZD,sườn phải air 2011 đen tem đồng
83550-KWN-901ZJ,#N/A
83551-300-000,Núm cao su cài cốp xe
83551-GE2-000,#N/A
83600-GN5-900ZK,cốp trái spe
83600-K0R-V00ZC,Sườn trái Sh 125-2020 nho *R368*
83600-K0R-V00ZD,Sườn trái Sh 125-2020 trắng *NHB35*
83600-K0R-V00ZE,Sườn trái Sh 125-2020 đen *NHB25*
83600-K0R-V60ZA,0
83600-K0R-V60ZB,sườn trái sh 125-2020 xám xi măng *NHC60P*
83600-K0S-V00ZC,sườn trái sh 150-2020 nho *R368*
83600-K0S-V00ZD,sườn trái sh 150-2020 trắng *NHB35*
83600-K0S-V00ZE,sườn trái sh 150-2020 đen bóng *NHB25*
83600-K0S-V50ZA,sườn trái sh 150-2020 đen nhám *NHA76*
83600-K12-900ZA,sườn trái lead 2013 đồng
83600-K12-900ZC,sườn tráii lead 2013 kem
83600-K12-900ZD,sườn trái lead 2013 đô
83600-K12-900ZF,sườn trái lead 2013 mực
83600-K12-900ZG,sườn trái lead 2013 trắng
83600-K12-900ZH,sườn trái lead 2013 đen
83600-K12-900ZM,Ốp sườn trái *Y183M*
83600-K12-900ZN,Ốp sườn trái *PB403P*
83600-K12-900ZP,Ốp sườn trái *NHB18M*
83600-K1W-V10ZC,#N/A
83600-K27-V00ZE,#N/A
83600-KRS-860ZH,0
83600-KRS-860ZJ,Bộ ốp đuôi sau *PB171MU*
83600-KRS-900ZA,Bộ ốp đuôi sau *B142P*
83600-KRS-900ZB,Bộ ốp đuôi sau *NH411M*
83600-KRS-900ZC,Bộ ốp đuôi sau *PB305P*
83600-KRS-900ZD,Bộ ốp đuôi sau *R203M*
83600-KTL-780ZA,Bộ ốp đuôi sau *NH193P*
83600-KTL-780ZB,rùa zx tươi *R263*M
83600-KTL-780ZC,rùa zx tím *RP138M*
83600-KTL-790ZA,Bộ ốp đuôi sau *R263*M
83600-KTM-970ZB,0
83600-KTM-970ZC,Bộ ốp đuôi sau *PB368M*
83600-KTM-980ZB,Bộ ốp đuôi sau NH-193P
83600-KVL-900ZJ,Bộ ốp đuôi sau *NHA62M*
83600-KVL-V00ZD,Bộ ốp đuôi sau *PB368P*
83600-KZL-930YE,#N/A
83600-KZV-V30ZA,Bộ ốp sườn sau phải *R150*
83603-GGE-900ZA,"Bàn thờ trước ,Bộ nắp trước tay lái  Lead 110, SCR 110 (2008-2012) ĐEN Bóng-NHA69P"
83603-GGE-900ZB,rùa dưới lead trắng
83603-GGE-900ZC,rùa dưới lead đỏ 313
83603-GGE-900ZD,rùa dưới lead bạc
83603-GGE-900ZG,#N/A
83603-GGE-900ZH,rùa dưới lead đỏ 340
83603-GGE-900ZJ,rùa dưới lead nâu
83603-GGE-900ZK,rùa dưới lead đồng
83603-GGE-900ZL,Bộ ốp đuôi sau dưới *NHB35P*
83603-GGE-900ZM,rùa dưới lead đỏ mới
83603-GGE-900ZN,dùa dưới lead XANH mới
83603-GGE-910ZB,rùa dưới lead kem
83603-K12-V00ZH,Bộ ốp giữa đuôi sau *R368*
83603-K12-V20ZC,Bộ ốp giữa đuôi sau *R350C*
83603-K12-V20ZD,Bộ ốp giữa đuôi sau *YR299P*
83603-K12-V20ZE,Bộ ốp giữa đuôi sau *PB403P*
83603-K12-V20ZG,Bộ ốp giữa đuôi sau *NHA96P*
83605-GGE-900ZA,"Bàn thờ trước ,Bộ nắp trước tay lái  Lead 110, SCR 110 (2008-2012) ĐEN Bóng-NHA69P"
83605-GGE-900ZB,sườn trái lead trắng
83605-GGE-900ZC,sườn trái lead đỏ
83605-GGE-900ZD,sườn trái lead bạc
83605-GGE-900ZG,#N/A
83605-GGE-900ZH,sườn trái lead đỏ 340
83605-GGE-900ZJ,sườn trái lead nâu
83605-GGE-900ZK,sườn trái lead đồng
83605-GGE-900ZL,sườn trái lead trắng
83605-GGE-910ZB,sườn trái lead kem
83605-GGE-A10ZA,Bộ ốp sườn trái *YR303*
83605-GGE-A10ZD,ốp sườn trái lead đỏ đô mới
83605-K2C-V00ZB,sườn trái vision 2022 trắng *NHB35*
83605-K2C-V00ZC,sườn trái vision 2022 mực *PB426*
83605-K2C-V00ZD,sườn trái vision 2022 mực nhám *PB425*
83605-K2C-V00ZE,sườn trái vision 2022 đen nhám tem vàng *NHA76M*
83605-K2C-V00ZF,sườn trái vision 2022 nho *R350C*
83605-K2C-V30ZA,sườn trái vision 2022 xanh xám nhám tem đen *NHC34M*
83605-K2C-V30ZB,sườn trái vision 2022 đen nhám tem đỏ *NHA76M*
83605-K2C-VA0ZA,sườn trái vision 2022 xanh nhám *PB434M*
83605-K2C-VA0ZC,sườn trái vision 2022 đen bóng tem xi (VA0)
83605-K2C-VF0ZC,sườn trái vision 2022 xám xi măng C60 (VF0)
83605-K2C-VS0ZA,Sườn trái Vision 2022 xanh xám nhám tem trắng *NHC34M*
83605-K44-V00ZE,sườn trái vision 2014 nho
83605-K44-V00ZF,sườn trái vision 2014 đen
83605-K44-V00ZG,sườn trái vision 2014 tươi
83605-K44-V00ZH,sườn trái vision 2014 đồng
83605-K44-V00ZJ,sườn trái vision 2014 mực
83605-K44-V00ZK,sườn trái vision 2014 trắng
83605-K44-V00ZL,sườn trái vision 2014 bạc
83605-K44-V00ZM,sườn trái vision 14 xám 320
83605-K44-V30ZA,sườn trái vision 2014 đen nhám
83605-K44-V60ZB,sườn trái vision 2014 tươi tem xi (V60)
83605-K44-V60ZC,Bộ ốp sườn trái *Y229P*
83605-K44-V60ZD,sườn trái vision 2014 mực ( V60 )
83605-K44-V60ZE,sườn trái vison 2018 trắng tem xi ( V60 )
83605-K44-V60ZF,Bộ ốp sườn trái *R350C*
83605-K44-V80ZA,sườn trái vision 2014 trắng tem vàng (V80)
83605-K44-V80ZB,sườn trái vision 2014 tươi tem vàng (V80)
83605-K44-V80ZE,sườn trái vision 2014 xanh đá tem vàng (V80)
83605-K44-V80ZJ,0
83605-K44-V80ZK,sườn trái vision 2014 nhớt tem vàng (V80)
83605-K44-V80ZN,Sườn trái Vision 2014 nho tem vàng (V80)
83605-K44-VE0ZE,sườn trái vision 2014 trắng tem đỏ (VE0)
83605-K44-VE0ZJ,Ốp sườn trái *NHB25*
83605-KZL-E00ZB,sườn trái vision xanh dương *206* tem giấy
83605-KZL-E00ZC,sườn trái vision tươi tem giấy
83605-KZL-E00ZD,sườn trái vision nâu tem giấy
83605-KZL-E00ZE,sườn trái vision trắng tem giấy
83605-KZL-E00ZF,sườn trái vision đen tem giấy
83605-KZL-E70ZA,sườn trái vision bạc
83605-KZL-E80ZA,sườn trái vision nâu tem xi
83605-KZL-E80ZB,sườn trái vision nho tem xi
83605-KZL-E80ZC,sườn trái vision đen tem xi
83605-KZL-E80ZD,sườn trái vision mực tem xi
83605-KZL-E80ZE,sườn trái vision trắng 35 tem xi
83610-GGE-900ZA,"Bàn thờ trước ,Bộ nắp trước tay lái  Lead 110, SCR 110 (2008-2012) ĐEN Bóng-NHA69P"
83610-GGE-900ZB,ốp sàn trái lead trắng *NHA96P*
83610-GGE-900ZC,ốp sàn trái lead đỏ 313
83610-GGE-900ZD,ốp sàn trái lead bạc
83610-GGE-900ZF,ốp sàn trái lead kem
83610-GGE-900ZH,ốp sàn trái lead đỏ 340
83610-GGE-900ZJ,ốp sàn trái lead nâu
83610-GGE-900ZK,ốp sàn trái lead đồng
83610-GGE-900ZL,ốp sàn bên trái *NHB35P*
83610-GGE-900ZN,ốp sàn trái lead đỏ đô mới
83610-GGE-900ZP,Ốp sàn bên trái *B-203M*
83610-K12-900ZA,Ốp sàn trái Lead 2013 đồng
83610-K12-900ZC,Ốp sàn trái Lead 2013 kem
83610-K12-900ZD,ốp sàn trái lead 2013 nho
83610-K12-900ZF,ốp sàn trái lead 2013 mực
83610-K12-900ZG,ốp sàn trái lead 2013 trắng
83610-K12-900ZH,ốp sàn trái lead 2013 đen
83610-K12-900ZM,Ốp sàn trái Lead 2013 đồng nhạt *Y183M*
83610-K12-900ZN,Ốp sàn trái Lead 2013 xanh đen *PB403P*
83610-K12-V00ZA,Ốp sàn trái Lead 2018 Kem *YR299P*
83610-K12-V00ZB,Ốp sàn trái Lead 2018 Nho *R368C*
83610-K12-V00ZC,Ốp sàn trái Lead 2018 xanh đen *PB403P*
83610-K12-V00ZD,Ốp sàn trái Lead 2018 bạc *NH411M*
83610-K12-V00ZF,Ốp sàn trái Lead 2018 đen bóng *NHB25M*
83610-K12-V00ZG,Ốp sàn trái Lead 2018 bạc nhám *NHB18M*
83610-K12-V00ZH,0
83610-K12-V00ZJ,Ốp sàn trái Lead 2018 Nhớt *G209P*
83610-K12-V00ZL,ốp sàn trái lead 2018 nho *R350C*
83610-K1N-V00ZA,sườn trái sh mode 2021 đen bóng
83610-K1N-V00ZB,sườn trái sh mode 2021 bạc tem đen
83610-K1N-V00ZC,sườn trái sh mode 2021 nho 368
83610-K1N-V00ZD,sườn trái sh mode 2021 trắng
83610-K1N-V00ZE,sườn trái sh mode 2021 bạc tem xi
83610-K1N-V00ZF,sườn trái sh mode 2021 vàng nhạt
83610-K1N-V00ZG,sườn trái sh mode 2021 xanh đen 410
83610-K1N-V00ZH,sườn trái sh mode 2021 nho 350
83610-K1N-V60ZA,sườn trái sh mode 2021 bạc tem vàng
83610-K1N-V60ZB,sườn trái sh mode 2021 đen nhám tem vàng
83610-K1N-V60ZE,sườn trái sh mode 2021 xám xi măng
83610-K2T-V00ZA,Ốp sàn bên trái *R350C*
83610-K2T-V00ZB,Ốp sàn bên trái *PB426P*
83610-K2T-V00ZC,Ốp sàn bên trái *NHC46P*
83610-K2T-V00ZD,Ốp sàn bên trái *NHB35P*
83610-K2T-V00ZF,Ốp sàn bên trái *NHB18M*
83610-K2T-V00ZG,Ốp sàn bên trái *NHA76M*
83611-K12-V00ZA,Ốp để chân trái *NH1*
83611-K2T-V00ZA,Ốp để chân sau trái *NH1*
83620-K12-900ZA,Sườn dưới trái Lead 2013 vàng
83620-K12-900ZC,Sườn dưới trái Lead 2013 đen
83620-K29-900ZA,sườn dưới sh mos trái nâu nhám
83620-K29-900ZB,sườn dưới sh mos trái đỏ nhám
83620-K29-900ZC,sườn dưới sh mos trái đen nhám
83620-K2C-V00ZA,Ốp sàn trái vision 2022 nho *R350C*
83620-K2C-V00ZD,Ốp sàn trái vision 2022 trắng*NHB35P*
83620-K2C-V00ZE,ốp sàn trái vision 2022 đen bóng
83620-K2C-V00ZF,Ốp sàn trái vision 2022 đen nhám*NHA76M*
83620-K2C-V00ZH,Ốp sàn trái vision 2022 xanh xám nhám*NHC34M*
83620-K2C-V00ZJ,ốp sàn trái vision 2022 xanh mực nhám sáng*PB425M*
83620-K2C-V00ZK,Ốp sàn trái vision 2022 mực *PB426M*
83620-K2C-V00ZM,Ốp sàn bên trái vision 2022 xanh mực nhám đậm*PB434M*
83620-K2C-V00ZN,ốp sàn trái vision 2022 xám xi măng *NHC60P*
83620-K2S-N00ZB,Ốp sườn cạnh trái *NH1*
83620-K2S-N00ZC,Ốp sườn cạnh trái *YR286R*
83620-K44-V00ZA,ốp sàn trái vision 2014 xám
83620-K44-V00ZB,ốp sàn trái vision 2014 đồng
83620-K44-V00ZC,ốp sàn trái vision 2014 nho 350
83620-K44-V00ZD,ốp sàn trái vision 2014 mực
83620-K44-V00ZE,ốp sàn trái vision 2014 trắng
83620-K44-V00ZF,ốp sàn trái vision 2014 đen bóng
83620-K44-V00ZG,ốp sàn trái vision 2014 tươi
83620-K44-V00ZH,ốp sàn trái vision 2014 bạc
83620-K44-V00ZJ,ốp sàn trái vision 2014 đen nhám
83620-K44-V00ZK,ốp sàn trái vision 2014 hồng *RP197M*
83620-K44-V00ZT,ốp sàn trái vision 2019 kem
83620-K44-V00ZW,ốp sàn trái vision 2014 xanh nhớt *G209P*
83620-K44-V00ZX,ốp sàn trái vision 2014 xanh đá *PB420M*
83620-KVB-900ZA,cánh chim trái click
83620-KZL-E00ZA,ốp sàn trái vision bạc
83620-KZL-E00ZB,ốp sàn trái vision nâu
83620-KZL-E00ZC,ốp sàn trái vision đô 350
83620-KZL-E00ZD,ốp sàn trái vision đen
83620-KZL-E00ZE,ốp sàn trái vision xám
83620-KZL-E00ZF,ốp sàn trái vision mực
83620-KZL-E00ZG,ốp sàn trái vision trắng
83620-KZL-E00ZH,ốp sàn trái vision đen
83621-GGE-900,Nắp ốp trung tâm trái
83621-K1N-V00ZA,Sườn dưới trái Sh mode 2022 nâu
83621-K1N-V00ZB,Sườn dưới trái Sh mode 2022 đen
83625-GGE-900ZA,ốp trung tâm trái lead
83630-K29-900,Nắp ốp xi nhan sau trái
83630-K2S-N00ZJ,Ốp sườn cạnh trái B*NHB18M*
83631-K1N-V00,ốp xi nhan sau trái Sh mode 2022 (Xi)
83650-K12-V00ZD,Bộ ốp sườn trái *G209*
83650-K12-V00ZE,Bộ ốp sườn trái *NHB18*
83650-K12-V00ZF,0
83650-K12-V00ZH,Bộ ốp sườn trái *R368*
83650-K12-V00ZM,Bộ ốp sườn trái *NHA96*
83650-K12-V20ZA,Bộ ốp sườn trái *Y229P*
83650-K12-V20ZB,Bộ ốp sườn trái *YR299P*
83650-K12-V20ZD,Bộ ốp sườn trái *R350C*
83650-K12-V20ZE,Bộ ốp sườn trái *PB403P*
83650-K12-V20ZF,Bộ ốp sườn trái *NHB25M*
83650-K12-V20ZG,Bộ ốp sườn trái *NHA96P*
83650-K12-V90ZD,Bộ ốp sườn trái *R350*
83650-K1F-V00ZA,Bộ ốp thân bên trái *TYPE5*
83650-K1F-V00ZB,Bộ ốp thân bên trái *TYPE4*
83650-K1F-V00ZC,Bộ ốp thân bên trái *TYPE3*
83650-K1F-V00ZD,Bộ ốp thân bên trái *TYPE2*
83650-K1F-V00ZE,Bộ ốp thân bên trái *TYPE1*
83650-K1F-V30ZA,Bộ ốp thân bên trái *R368C*
83650-K1F-V30ZB,Bộ ốp thân bên trái *PB421M*
83650-K1F-V30ZC,Bộ ốp thân bên trái *NHC04M*
83650-K1F-V30ZD,Bộ ốp thân bên trái *NHB25M*
83650-K1F-V40ZA,Bộ ốp thân bên trái *TYPE1* *NHC34*
83650-K1G-V00ZA,Bộ ốp thân bên trái *TYPE4*
83650-K1G-V00ZB,Bộ ốp thân bên trái *TYPE3*
83650-K1G-V00ZC,Bộ ốp thân bên trái *TYPE2*
83650-K1G-V00ZD,Bộ ốp thân bên trái *TYPE1*
83650-K1G-V10ZA,Bộ ốp thân bên trái *NHA76M*
83650-K1G-V30ZC,Bộ ốp thân bên trái *TYPE2* *R340*
83650-K1G-V40ZA,Bộ ốp thân bên trái *TYPE4* *NHA76*
83650-K1G-V90ZA,Bộ ốp thân bên trái *NHC60P*
83650-K27-V00ZC,sườn trái air 2013 trắng ko tem
83650-K27-V00ZD,sườn trái air 2013 đen ko tem
83650-K27-V00ZG,sườn trái air 2013 trắng ko tem
83650-K27-V10ZA,sườn trái air đen tem đỏ 2013
83650-K27-V10ZB,sườn trái air đen tem đồng 2013
83650-K27-V10ZC,sườn trái air trắng tem đỏ 2013
83650-K27-V20ZA,sườn trái air 2014 xám
83650-K27-V20ZB,sườn trái air 2014 đồng
83650-K27-V60ZA,sườn trái air 2014 đen tem xám
83650-K27-V60ZB,sườn trái air 2014 đen tem cam
83650-K27-V60ZC,sườn trái air 2014 trắng tem xám 62
83650-K27-V60ZD,sườn trái air 2014 đen tem đồng 208
83650-K27-V60ZE,sườn trái air 2014 đen tem đỏ 340
83650-K2Z-V00ZA,Bộ ốp sườn trái *NHB25*
83650-K2Z-V00ZC,Bộ ốp sườn trái *R368*
83650-K2Z-V00ZD,Bộ ốp sườn trái *PB426*
83650-K2Z-V10ZA,Bộ ốp sườn trái *NHC34*
83650-K2Z-V40ZD,Bộ Ốp Sườn Trái *Type1*
83650-K2Z-V70ZA,Bộ Ốp Sườn Trái *Nhc60P*
83650-K35-V00ZA,Bộ ốp sườn trái*YR320M*
83650-K35-V00ZB,Bộ ốp sườn trái*R350C*
83650-K35-V00ZC,Bộ ốp sườn trái*NHB35P*
83650-K35-V00ZD,0
83650-K35-V00ZQ,Bộ ốp sườn trái *PB403P*
83650-K35-V10ZA,Bộ ốp sườn trái*NHB18M*
83650-K35-V10ZB,Bộ ốp sườn trái*NHA76M*
83650-K3A-V00ZC,sườn trái air 2023 đỏ 340
83650-K3A-V00ZD,sườn trái air 2023 xanh mực 421
83650-K3A-V10ZA,#N/A
83650-K66-V00ZB,sườn trái air 2016 đen tem trắng
83650-K66-V00ZD,sườn trái air 2016 đen tem đỏ
83650-K66-V10ZA,sườn trái air 2016 đen tem
83650-K66-V10ZB,sườn trái air 2016 trắng tem
83650-K66-V10ZC,sườn trái air 2016 mực tem
83650-K66-V10ZD,sườn trái air 2016 đỏ tem
83650-K66-V20ZD,sườn trái air 2016 đồng 3d
83650-K66-V90ZA,sườn trái air 2016 đen nhám
83650-K66-VE0ZA,Bộ ốp sườn trái *TYPE4*
83650-K66-VE0ZB,Bộ ốp sườn trái *TYPE3*
83650-K66-VE0ZC,Bộ ốp sườn trái *TYPE2 1*
83650-K66-VE0ZE,Bộ ốp sườn trái *TYPE1*
83650-K66-VF0ZF,Bộ ốp sườn trái *PB390M*
83650-K66-VF0ZG,Bộ ốp sườn trái *R340C*
83650-K66-VG0ZA,Bộ ốp sườn trái *NHA76M*
83650-K66-VH0ZA,#N/A
83650-K66-VH0ZB,Bộ ốp sườn trái *NHB74M*
83650-K66-VN0ZA,Bộ ốp sườn trái *B189C*
83650-K66-VN0ZB,Bộ ốp sườn trái *NHB35P*
83650-K66-VN0ZD,Bộ ốp sườn trái *R340C*
83650-K66-VP0ZD,Bộ ốp sườn trái *R340C*
83650-K66-VQ0ZA,Bộ ốp sườn trái *NHA76M*
83650-K66-VR0ZB,Bộ ốp sườn trái *NHB74M*
83650-K96-V00ZD,Ốp sườn trái *R368C*
83650-K96-V00ZF,Ốp sườn trái *NHB25M*
83650-K96-V00ZG,Ốp sườn trái *NHB35P*
83650-K97-V00ZE,Ốp sườn trái *NHB18M*
83650-K97-V00ZF,Ốp sườn trái *NHA76M*
83650-KFL-890ZA,cốp bạc fu trái
83650-KVG-950ZA,sườn air trái đen 2007
83650-KVG-950ZB,sườn trái air trắng 2007
83650-KVG-950ZC,ốp sườn air trái đỏ 2007
83650-KVG-B20ZB,#N/A
83650-KVG-V00ZA,Bộ ốp sườn bên trái *PB383M*
83650-KVG-V10ZA,sườn trái air 2008 xanh 383
83650-KVG-V10ZB,sườn trái air 2008 đỏ 313
83650-KVG-V10ZC,sườn trái air 2008 trắng
83650-KVG-V20ZA,sườn trái fi đen
83650-KVG-V20ZB,sườn trái air fi trắng
83650-KVG-V20ZC,sườn trái air fi đỏ
83650-KVG-V40ZA,sườn dưới trái air 2011 đỏ ko tem
83650-KVG-V40ZC,0
83650-KVG-V40ZD,0
83650-KVG-V50ZB,sườn trái new đen tem
83650-KVG-V50ZC,sườn trái air 2011 trắng tem
83650-KVG-V60ZA,sườn trái air 2011 xám 3d
83650-KVG-V60ZB,sườn trái air 2011 đồng 3d
83650-KVG-V80ZB,Bộ ốp sườn trái *NHB35K*
83650-KVG-V80ZC,sườn trái air 2011 đen tem đỏ
83650-KVG-V80ZD,sườn trái air 2011 đen tem đồng
83700-K29-900ZB,Bộ ốp trung tâm sau*RP192*
83700-K29-900ZC,rùa sh 2013 đỏ
83700-K29-900ZD,Bộ ốp trung tâm sau*YR320*
83700-K29-900ZE,rùa sh 2013 đen
83700-K29-900ZF,rùa sh 2013 mực
83700-K29-900ZG,rùa sh 2013 kem
83700-K29-900ZH,Bộ ốp trung tâm sau*NHB35*
83700-K2C-V00ZA,rùa Vision 2022 nho *R350C*
83700-K2C-V00ZD,rùa Vision 2022 trắng *NHB35P*
83700-K2C-V00ZE,rùa Vision 2022 đen
83700-K2C-V00ZF,rùa Vision 2022 đen nhám *NHA76M*
83700-K2C-V00ZH,rùa Vision 2022 xanh đen *NHC34M*
83700-K2C-V00ZJ,rùa Vision 2022 xanh nhám *PB425M*
83700-K2C-V00ZK,rùa Vision 2022 mực *PB426P*
83700-K2C-V00ZM,Ốp đuôi sau trên *PB434M*
83700-K2C-V00ZN,rùa Vision 2022 xám xi măng *NHC60P*
83700-K44-V00ZA,rùa trên vision 2014 xám
83700-K44-V00ZB,rùa vision đồng
83700-K44-V00ZC,rùa trên vision 2014 đô
83700-K44-V00ZD,rùa trên vision 2014 mực
83700-K44-V00ZE,rùa trên vision 2014 trắng
83700-K44-V00ZF,rùa trên vision 2014 đen bóng
83700-K44-V00ZG,rùa trên vision 2014 đỏ
83700-K44-V00ZH,rùa trên vision 2014 BẠC
83700-K44-V00ZJ,rùa vision đen nhám
83700-K44-V00ZK,Bộ ốp trung tâm sau *RP197M*
83700-K44-V00ZT,Bộ ốp trung tâm sau *Y229P*
83700-K44-V00ZW,Bộ ốp trung tâm sau *G209P*
83700-K44-V00ZX,Bộ ốp trung tâm sau *PB420M*
83700-KVG-900,mũi tên phải air đen nhám
83700-KVG-B20,#N/A
83700-KVG-V40ZA,sườn phải trên air 2011 đỏ 340
83700-KVG-V40ZB,sườn phải trên air 2011 bạc
83700-KVG-V40ZD,sườn phải trên air 2011 đen
83700-KVG-V40ZE,sườn phải trên air 2011 xám
83700-KVG-V40ZF,sườn phải trên air 2011 đồng 208
83700-KZV-V30ZA,Bộ ốp sườn sau trái *R150*
83710-KVG-V20ZA,Bộ Trang Trí Sườn Bên Phải *Nh
83750-K29-900ZA,Ốp A trung tâm sau*YR299P*
83750-K29-900ZC,Ốp A trung tâm sau*R340C*
83750-K29-900ZD,Ốp A trung tâm sau*RP192P*
83750-K29-900ZE,Ốp A trung tâm sau*PB390M*
83750-K29-900ZF,rùa sh 2013 trắng
83750-K29-900ZG,Ốp A trung tâm sau*NHB25M*
83750-K29-900ZJ,rùa trên sh 2013 xám
83750-K29-900ZM,Ốp A trung tâm sau*GY150P*
83750-K29-900ZN,Ốp A trung tâm sau *NHB18M*
83750-K29-900ZP,Ốp A trung tâm sau *R368C*
83750-K29-900ZQ,Ốp A trung tâm sau *PB408P*
83750-K2S-N00ZA,Ốp giữa đuôi sau *NH1*
83750-KVB-950ZC,rùa trên clcik đen
83750-KVB-950ZD,rùa trên clcik trắng
83750-KVB-950ZJ,rùa trên click đỏ đô
83750-KVB-950ZM,rùa trên click đỏ
83750-KVG-950ZD,rùa air 208 mực 383
83750-KVG-950ZG,#N/A
83750-KVG-950ZN,rùa air đen 69
83750-KVG-950ZS,rùa air trắng
83750-KVG-950ZT,"rùa air 2008,air ,air fi đỏ"
83751-K1F-V00ZA,Rùa trên Air 2020 nho *R368C*
83751-K1F-V00ZB,Rùa trên Air 2020 tươi *R340C*
83751-K1F-V00ZC,Rùa trên Air 2020 mực *PB421M*
83751-K1F-V00ZD,Rùa trên Air 2020 xanh xám nhám *NHC34M*
83751-K1F-V00ZE,Rùa trên Air 2020 xám đậm *NHC04M*
83751-K1F-V00ZF,Rùa trên Air 2020 đen bóng ánh xanh *NHB25M*
83751-K1F-V00ZG,Rùa trên Air 2020 đen nhám *NHA76M*
83751-K1F-V00ZH,Rùa trên Air 2020 xanh dương *B189C*
83751-K1F-V00ZJ,Rùa trên Air 2020 xám *NH262M*
83751-K1F-V00ZK,Rùa trên Air 2020 trắng *NHB35P*
83751-K1F-V00ZM,Rùa trên Air 2020 xám xi măng *NHC60P*
83751-K1N-V00ZA,rùa trên sh mode 2021 nho 350
83751-K1N-V00ZB,rùa trên sh mode 2021 xanh đen 410
83751-K1N-V00ZD,rùa trên sh mode 2021 trắng
83751-K1N-V00ZE,rùa trên sh mode 2021 đen bóng
83751-K1N-V00ZF,rùa trên sh mode 2021 bạc nhám
83751-K1N-V00ZG,rùa trên sh mode 2021 xám xi măng
83751-K1N-V00ZH,rùa trên sh mode 2021 đen nhám
83751-K1N-V00ZJ,rùa trên sh mode 2021 nho 368
83751-K27-V00ZC,mui rùa trắng air 2013
83751-K27-V00ZD,rùa air đen 2013
83751-K27-V00ZE,rùa air 2014 đồng
83751-K27-V00ZF,rùa air 2014 xám
83751-K27-V00ZJ,bộ nắp đèn hậu air 2015 đen cacbon
83751-K2C-V00ZA,cóc đuôi Vision 2022 *NH1*
83751-K2Z-V00ZA,Ốp đuôi đèn phía trên *R368*
83751-K2Z-V00ZB,rùa trên air 2023 tươi *R340*
83751-K2Z-V00ZC,Ốp đuôi đèn phía trên *PB426*
83751-K2Z-V00ZD,rùa trên air 2023 mực *PB421*
83751-K2Z-V00ZF,Ốp đuôi đèn phía trên *NHC34*
83751-K2Z-V00ZJ,rùa trên air 2023 đen bóng *NHB25*
83751-K44-V00ZA,cóc đuôi vision 2014
83751-K66-V00ZB,rùa trên air 2016 đỏ
83751-K66-V00ZC,rùa trên air 2016 mực
83751-K66-V00ZF,rùa trên air 2016 trắng
83751-K66-V00ZG,rùa trên air 2016 đen
83751-K66-V00ZH,rùa trên air 2016 đồng
83751-K66-V00ZJ,rùa trên air 2016 xám đậm *NHB83M*
83751-K66-V00ZK,rùa trên air 2016 xám nhạt
83751-K66-V00ZL,rùa trên air 2016 đen mờ
83751-K66-V00ZM,rùa trên air 2016 *NHB86M*
83751-K66-V00ZP,rùa trên air 2016 xanh dương *B189C*
83751-KVB-950ZC,rùa dưới click đen
83751-KVB-950ZD,rùa dưới click trắng
83751-KVB-950ZJ,rùa dưới click đỏ đô
83751-KVB-950ZL,rùa dưới cclik trắng
83751-KVB-950ZM,rùa dưới clcik đỏ tươi
83751-KVG-V40ZA,rùa air 2011 đỏ 340
83751-KVG-V40ZB,0
83751-KVG-V40ZD,rùa new đen
83751-KVG-V40ZE,rùa air new xám
83751-KVG-V40ZF,rùa air 2011 vàng đồng 208
83760-K29-900ZC,Ốp B trung tâm sau*R340C*
83760-K29-900ZF,Ốp B trung tâm sau*NHB35P*
83760-K29-900ZG,Ốp B trung tâm sau*NHB25M*
83760-K29-900ZM,Ốp B trung tâm sau *NHB18M*
83760-K29-900ZN,Ốp B trung tâm sau *R368C*
83760-K66-V00ZA,#N/A
83760-K66-V00ZB,rùa dưới air 16 đỏ *R340C*
83760-K66-V00ZC,rùa dưới air 16 mực *PB390M*
83760-K66-V00ZD,rùa dưới air 16 trắng *NHB35P*
83760-K66-V00ZE,rùa dưới air 16 đen bóng *NHB25M*
83760-K66-V00ZF,#N/A
83760-K66-V00ZG,rùa dưới air 16 đen nhám *NHA76M*
83761-K1N-V00ZA,rùa dưới sh mode 2021 nho 350
83761-K1N-V00ZB,rùa dưới sh mode 2021 xanh đen 410
83761-K1N-V00ZC,rùa dưới sh mode 2021 vàng nhạt
83761-K1N-V00ZD,rùa dưới sh mode 2021 trắng
83761-K1N-V00ZE,rùa dưới sh mode 2021 đen bóng
83761-K1N-V00ZF,rùa dưới sh mode 2021 bạc nhám
83761-K1N-V00ZG,rùa dưới sh mode 2021 xám xi măng
83761-K1N-V00ZH,rùa dưới sh mode 2021 đen nhám
83761-K1N-V00ZJ,rùa dưới sh mode 2021 nho 368
83800-KVG-900,mũi tên trái air đen nhám
83800-KVG-B20,#N/A
83800-KVG-V20ZA,#N/A
83800-KVG-V40ZA,sườn trái trên air 2011 đỏ 340
83800-KVG-V40ZB,sườn trái trên air 2011 bạc
83800-KVG-V40ZD,sườn trái trên air 2011 đen
83800-KVG-V40ZE,sườn trái trên air 2011 xám
83800-KVG-V40ZF,sườn trái trên air 2011 đồng 208
83800-KZV-V30ZB,Bộ ốp đuôi sau *R150*
83810-KVG-V20ZA,mũi tên trái air bạc tem
84100-K1F-V00ZB,Tay dắt sau *NH303M*
84100-K1F-V00ZC,Tay dắt sau *NH1*
84100-K27-V00ZE,quay yên air 2013 đen
84100-K2S-N00ZA,Tay dắt sau *NH303M*
84100-K66-V00ZA,quai yên air 2016 bạc
84100-K66-V00ZB,quai yên air 2016 đen
84100-KTM-970ZA,quai yên fu neo bạc
84100-KVB-900ZA,quai yên click
84100-KVG-900ZB,quay yên air bạc
84100-KVG-900ZF,0
84100-KVG-V40ZA,#N/A
84100-KYZ-900ZK,0
84100-KYZ-900ZT,Tay dắt sau *NH364M*
84120-K1F-V00ZA,Tấm ốp tay dắt sau *NH1*
84120-K66-V00,Tấm ốp tay dắt sau
84150-KWN-900ZG,nắp cản sau pcx đen
84150-KWN-900ZH,nắp cản sau pcx đồng
84150-KWN-900ZR,Tấm ốp tay dắt sau *NH-B35P*
84151-K35-V00ZA,Ốp tay dắt sau*YR320M*
84151-K35-V00ZB,Ốp tay dắt sau*R350C*
84151-K35-V00ZC,Ốp tay dắt sau*NHB35P*
84151-K35-V00ZD,Ốp tay dắt sau*NHB25M*
84151-K35-V00ZE,Ốp tay dắt sau*NHB18M*
84151-K35-V00ZF,0
84151-K35-V00ZY,Ốp tay dắt sau *G208M*
84151-K97-T00ZB,Ốp tay dắt sau *R368C*
84151-K97-T00ZJ,Ốp tay dắt sau *NHB35P*
84151-K97-T00ZK,Ốp tay dắt sau *NHB25M*
84151-K97-T00ZL,Ốp tay dắt sau *NHB18M*
84151-K97-T00ZM,Ốp tay dắt sau *NHA76M*
84152-K35-V00ZA,Nắp nhựa ốp tay dắt sau*YR320M*
84152-K35-V00ZB,Nắp nhựa ốp tay dắt sau*R350C*
84152-K35-V00ZC,Nắp nhựa ốp tay dắt sau*NHB35P*
84152-K35-V00ZD,Nắp nhựa ốp tay dắt sau*NHB25M*
84152-K35-V00ZE,Nắp nhựa ốp tay dắt sau*NHB18M*
84152-K35-V00ZF,Nắp nhựa ốp tay dắt sau*NHA76M*
84152-K35-V00ZY,Nắp nhựa ốp tay dắt sau *G208M*
84152-K97-T00ZF,Nắp nhựa ốp tay dắt sau *R368C*
84152-K97-T00ZL,Nắp nhựa ốp tay dắt sau *NHB35P*
84152-K97-T00ZM,Nắp nhựa ốp tay dắt sau *NHB25M*
84152-K97-T00ZN,Nắp nhựa ốp tay dắt sau *NHB18M*
84152-K97-T00ZQ,Nắp nhựa ốp tay dắt sau *NHA76M*
84155-KWN-970ZF,nắp cản sau pcx đỏ
84155-KWN-980ZA,Bộ tấm ốp tay dắt sau *R350*
84155-KWN-980ZC,Bộ tấm ốp tay dắt sau *NHB35*
86101-K44-V00ZA,Mác chữ HONDA 70MM *TYPE2*
86101-K44-V00ZB,Mác chữ HONDA 70MM *TYPE1*
86102-K73-V40ZA,Mác Honda 65mm *TYPE1*
86102-KZL-E00ZC,"Tem chữ honda 90MM *B206,NHA69"
86201-K73-VA0ZA,Mác cánh chim phải 80mm *NHC34*
86202-K73-VA0ZA,Mác cánh chim trái 80mm *NHC34*
86531-KYZ-710ZA,Mark chữ (FI) xanh
86640-K2P-V00ZA,Biểu tượng chữ WINNER X *NHB56M*
86641-KVV-930ZA,Tem yếm
86644-K1F-V10ZA,Biểu tượng chữ Air Blade *TYPE2*
86644-K1F-V10ZB,Biểu tượng chữ Air Blade *TYPE1*
86645-K73-V40ZA,Tem sườn Fu Led ( xi )
86645-K73-VA0ZB,"Tem ốp sườn *NHA76, NHC34*"
86645-KYZ-G00ZA,Tem ốp sườn *TYPE1*
86646-K73-VA0ZA,Mác PGM FI *NHC34*
86647-K73-V70ZA,Tem 125 *NHA76M*
86648-K57-V80ZD,Tem dán ốp sườn trái *R340C*
86648-KYZ-V00,LOGO ?P SÝ?N TRÁI
86801-KVV-930ZA,Tem đuôI sau phải
86802-KVV-930ZA,Tem đuôI sau trái
86831-K12-V00ZB,Biểu tượng LEAD *TYPE1*
86831-K12-V40ZA,Biểu tượng LEAD *NHA76M*
86831-K1N-V00ZA,Tem ốp sườn
86831-K1N-V00ZB,Tem ốp sườn
86831-K29-610ZA,"Tem ốp sườn *NHB18M, NHB35P*"
86831-K29-910ZA,Tem ốp sườn *TYPE2*
86831-K29-910ZB,Tem ốp sườn *TYPE1*
86831-K2C-V00ZA,Tem ốp sườn *TYPE2*
86831-K2C-V00ZB,Tem ốp sườn *TYPE1*
86831-K2C-V30ZA,Tem ốp sườn *TYPE1*
86831-K2S-V00ZB,Biểu tượng chữ VARIO 160
86831-K2S-V00ZC,Biểu tượng chữ VARIO 160
86831-K44-V00ZA,tem vision 2015 chữ nổi
86831-K44-V30ZA,Tem ốp sườn *TYPE1*
86831-K56-V40ZA,Logo chữ Winner *NHA76M*
86831-KVV-930ZA,Tem cốp phải
86831-KZL-E00ZA,tem sườn vision cao su
86831-KZL-E60ZA,tem sườn vision xi bạc
86832-K01-900,Logo ốp sườn trái SH
86832-K12-900,tem sườn phải lead 2013
86832-KVV-930ZA,Tem cốp trái
86833-K12-900,tem sườn trái lead 2013
86833-K27-630,tem sườn air 2015 đỏ
86833-K27-V00,tem sườn air 2013
86833-K78-V00ZA,Mark chữ 150l *TYPE2*
86833-KVV-930ZA,Tem cốp (chữ super dream)
86834-KVG-V40ZB,Mark (PGM-FI)
86835-K1F-V00ZA,Tem ốp sườn *TYPE2*
86835-K1F-V00ZB,Tem ốp sườn *TYPE1*
86835-K1F-V00ZC,Tem ốp sườn *TYPE3*
86835-K66-V00ZA,tem sườn air 2016
86861-K56-V20ZA,Biểu tượng Winner *TYPE1*
86871-KVV-930ZA,Tem ốp sườn phải
86872-KVV-930ZA,Tem ốp sườn trái
86873-KVV-930ZA,Tem ốp sườn (chữ family)
87101-GBG-B20,nạ xi dream
87101-KFV-790,nạ xi spe lồi 2006
87101-KFV-950,0
87101-KTM-970ZD,#N/A
87101-KVL-940ZA,#N/A
87101-KVL-940ZB,#N/A
87101-KVL-940ZC,#N/A
87101-KVL-V00ZA,#N/A
87101-KVL-V00ZB,#N/A
87101-KVL-V00ZC,#N/A
87101-KVL-V00ZF,#N/A
87101-KVL-V30ZA,#N/A
87101-KWY-940ZA,#N/A
87101-KZV-V30,#N/A
87102-KVL-940ZA,#N/A
87102-KVL-940ZB,#N/A
87102-KVL-940ZC,#N/A
87102-KVL-V00ZA,#N/A
87102-KVL-V00ZB,#N/A
87102-KVL-V00ZC,#N/A
87102-KVL-V00ZD,#N/A
87102-KVL-V00ZF,#N/A
87102-KVL-V30ZA,#N/A
87102-KWY-940ZA,#N/A
87103-GBG-B20ZD,#N/A
87103-KFV-670ZA,#N/A
87103-KFV-790ZA,#N/A
87103-KFV-830ZA,#N/A
87103-KFV-950ZA,#N/A
87103-KFV-970ZA,#N/A
87103-KVL-V00ZF,#N/A
87103-KVR-910,#N/A
87104-GBG-B20ZD,#N/A
87104-KFV-670ZA,#N/A
87104-KFV-790ZA,#N/A
87104-KFV-830ZA,#N/A
87104-KFV-950ZA,#N/A
87104-KFV-970ZA,#N/A
87104-KVL-V00ZF,#N/A
87105-KFV-660ZB,#N/A
87105-KFV-970ZA,#N/A
87105-KVL-V00ZE,#N/A
87106-KRS-860ZA,#N/A
87106-KRS-860ZB,#N/A
87106-KRS-860ZC,#N/A
87106-KRS-900ZA,#N/A
87106-KRS-900ZC,#N/A
87106-KRS-900ZD,#N/A
87106-KTL-790ZA,#N/A
87106-KVL-V00ZE,#N/A
87106-KVR-880ZD,#N/A
87106-KVR-910,#N/A
87107-GBG-B20ZD,#N/A
87107-KFV-670ZA,#N/A
87107-KFV-790ZA,#N/A
87107-KFV-830ZA,#N/A
87107-KFV-950ZA,#N/A
87107-KFV-970ZA,#N/A
87107-KRS-860ZA,#N/A
87107-KRS-860ZB,#N/A
87107-KRS-860ZC,#N/A
87107-KRS-900ZA,#N/A
87107-KRS-900ZC,#N/A
87107-KRS-900ZD,#N/A
87107-KTL-780ZB,#N/A
87107-KTL-790ZA,#N/A
87107-KTM-980ZC,#N/A
87107-KVB-970,#N/A
87107-KVG-960,#N/A
87108-GBG-B20ZD,#N/A
87108-KFV-670ZA,#N/A
87108-KFV-670ZB,#N/A
87108-KFV-790ZA,#N/A
87108-KFV-830ZA,#N/A
87108-KFV-950ZA,#N/A
87108-KFV-970ZA,#N/A
87108-KRS-860ZA,#N/A
87108-KRS-860ZB,#N/A
87108-KRS-860ZC,#N/A
87108-KRS-900ZA,#N/A
87108-KRS-900ZB,#N/A
87108-KRS-900ZC,#N/A
87108-KRS-900ZD,#N/A
87108-KTL-790ZA,#N/A
87108-KTM-980ZC,#N/A
87108-KVR-880ZD,#N/A
87108-KVR-910,#N/A
87108-KVR-V40ZD,#N/A
87109-GBG-B20ZD,#N/A
87109-KFV-670ZA,#N/A
87109-KFV-790ZA,#N/A
87109-KFV-830ZA,#N/A
87109-KFV-950ZA,#N/A
87109-KFV-970ZA,#N/A
87109-KRS-860ZA,#N/A
87109-KRS-860ZB,#N/A
87109-KRS-860ZC,#N/A
87109-KRS-900ZA,#N/A
87109-KRS-900ZB,#N/A
87109-KRS-900ZC,#N/A
87109-KRS-900ZD,#N/A
87109-KTL-780ZB,#N/A
87109-KTL-790ZA,#N/A
87109-KVL-V10ZC,#N/A
87110-GBG-B20ZD,#N/A
87110-KFV-670ZA,#N/A
87110-KFV-790ZA,#N/A
87110-KFV-830ZA,#N/A
87110-KFV-950ZA,#N/A
87110-KFV-970ZA,#N/A
87110-KRS-860ZA,#N/A
87110-KRS-860ZB,#N/A
87110-KRS-860ZC,#N/A
87110-KRS-900ZA,#N/A
87110-KRS-900ZD,#N/A
87110-KTL-790ZA,#N/A
87110-KVL-V00ZF,#N/A
87111-KWB-600,#N/A
87112-KVG-V20ZA,#N/A
87115-KFV-660ZB,#N/A
87120-KTM-970,"Tem nạ Air, Fu Led"
87121-GN5-900,nẹp thùng xăng phải spe
87121-KVG-V20,tem ốp sườn air fi 2009-2010
87122-GN5-900,nẹp thùng xăng trái spe
87123-GN5-980,cdi phải spe
87123-KVL-940,cánh chim phải fu neo
87124-GN5-980,cdi trái spe
87124-KVL-940,cánh chim trái fu neo
87125-KVL-V00,Tem chữ future neo (230mm)
87130-KRS-860ZA,#N/A
87130-KRS-860ZB,#N/A
87130-KRS-860ZC,#N/A
87130-KRS-900ZA,#N/A
87130-KRS-900ZD,#N/A
87130-KTL-790ZA,#N/A
87505-GBG-B20,Tem hướng dẫn sử dụng lốp
87505-KTL-640,"tem hộp sên w,rs"
87507-GBG-B20,Tem hướng dẫn xích tải
87515-GGE-900,tem sườn lead trắng
87561-K12-900,tem nạ lead 2013
88110-K01-901,#N/A
88110-K03-M60,#N/A
88110-K12-900,#N/A
88110-K29-901,#N/A
88110-K29-921,#N/A
88110-K56-V00,#N/A
88110-K66-V01,#N/A
88110-K77-V01,#N/A
88110-KFV-660,#N/A
88110-KTL-640,#N/A
88110-KTM-970,#N/A
88110-KVG-950,#N/A
88110-KVG-V40,#N/A
88110-KZL-E00,#N/A
88120-K01-901,#N/A
88120-K03-M60,#N/A
88120-K12-900,#N/A
88120-K29-901,#N/A
88120-K56-V00,#N/A
88120-K66-V01,#N/A
88120-K77-V01,#N/A
88120-KFV-660,#N/A
88120-KTL-640,#N/A
88120-KTM-970,#N/A
88120-KVG-950,#N/A
88120-KVG-V40,#N/A
88120-KZL-E00,#N/A
88210-GET-K31,#N/A
88210-GGE-900,#N/A
88210-K01-901,#N/A
88210-K03-M60,#N/A
88210-K0R-V01,#N/A
88210-K2C-V01,#N/A
88210-K44-V00,#N/A
88210-K66-V01,#N/A
88210-K89-V01,#N/A
88210-K96-V01,#N/A
88220-GET-K31,#N/A
88220-GGE-900,#N/A
88220-K01-901,#N/A
88220-K0R-V01,#N/A
88220-K2C-V01,#N/A
88220-K44-V00,#N/A
88220-K56-V00,#N/A
88220-K66-V01,#N/A
88220-K77-V00,#N/A
88220-K89-V01,#N/A
88220-K96-V01,#N/A
90017-GCC-000,#N/A
90017-KWW-620,ốc đầu bò ws110
90050-KWB-601,Bu lông 6x16mm
90084-GN5-640,nắp thăm điện nhỏ đen
90084-GN5-830,nắp thăm điện nhỏ xám
90087-GN5-640,nắp vô lăng lớn đen
90087-GN5-830,nắp vô lăng lớn xám
90087-KPK-900,Nắp thăm vô lăng lớn neo ( nhôm )
90103-GET-003,Bu lông xả nước két tản nhiệt
90105-KGH-900,Bu lông bắt đĩa phanh 8x24
90105-KVG-900,#N/A
90107-KW7-900,Vít bậc bắt cốp
90114-KGH-900,#N/A
90116-KEV-900,#N/A
90116-SP0-003SS,Bộ chốt cài
90117-KEV-900,#N/A
90118-383-000,ốc bắt tặc te 6x6mm tặc te ngắn
90120-GN5-830,#N/A
90121-KEV-901,cốt gắp w
90121-KTL-740,cốt gắp rs
90191-KPH-690,#N/A
90191-KWB-600,#N/A
90201-GF6-010,ốc mũ đầu xylanh 7mm
90202-KN7-670,Đai ốc 30MM
90231-087-010,tán nồi lớn
90231-198-010,tán nồi nhỏ
90301-KGH-901,Đai ốc U 6mm
90301-KPH-900,Đai ốc mũ 10mm bắt phuộc
90304-KGH-901,Đai ốc U 10mm
90304-MJ0-920,0
90305-K66-V01,Tán đùm sau AIr 16mm
90305-KVB-901,#N/A
90306-K66-V01,Đai ốc 12mm
90307-001-000,tán ống chỉ
90407-259-000,long đền nhớt
90432-086-000,#N/A
90461-357-000,#N/A
90543-MV9-670,Đệm cao su
90601-SJA-003,#N/A
90605-166-720,Phanh cài 7mm
90666-K59-A11SS,#N/A
90666-S84-A01,#N/A
90677-KAN-T00,#N/A
90753-051-003,Phớt dầu 26x37X6
91001-KCW-003SS,Bộ vòng bi đũa 20x29x18
91001-KE6-831,#N/A
91001-KPH-901,#N/A
91002-GA7-701,Vòng bi 6902U
91003-KZR-602,Vòng bi 6204
91004-GGC-G01,Vòng bi 6902U
91005-KCW-880,Vòng bi đũa 20x29x18
91008-K1N-V00,Vòng bi
91052-K24-901SS,Vòng bi 6201 ( 1 bít nhựa ) ( 1 bịch 10 cái )
91052-KVB-S51,#N/A
91109-KVY-902,Vòng bi kim 20x29x18 (mã rẻ)
91201-GB4-691,Phớt đề lớn 30x42x4.5
91201-GCC-771,Phớt dầu 16X26X7
91201-K2C-V01,Phớt dầu 14X20X3.2
91201-K44-V01,Phớt dầu 20.8X30.5X6
91201-KCW-851,#N/A
91201-KVB-901,Phớt dầu 19.8x30x7
91201-KWN-901,Phớt dầu 20.8x32x6
91202-GB4-692,Phớt đề nhỏ 18.9x28x5
91202-GCC-000,Phớt dên lead 110 ( 20.8x53x9)
91202-K0J-N01,Phớt dầu 19.5x31.5x6
91202-K40-F01,Phớt dầu 26X45X6
91202-K44-V01,PHỚT DẦU 20.8X52X6X7.5
91202-KFL-841,phốt đạp w 13.8x24x5
91202-KJ9-003SS,Bộ phớt dầu 20X32X6 ( 1 bịt 10 cái )
91202-KRS-971,Phớt dầu 13.8x24x5
91202-KSP-911,Phớt dầu 12x18x4
91202-KVB-901,Phớt dầu 20.8X52X6X7.5
91202-KWN-901,Phớt dầu 26x45x6
91203-436-004,Phớt dầu 12x24x5 bơm nước
91203-GB5-761,"Phớt nhông w,spe 17x29x5"
91203-GFM-890,Phớt dầu 12x24x6
91203-K50-T01,Phớt dầu 20x32x6
91204-GFM-971,Phớt dầu 27x42x7
91204-K44-V01,Phớt dầu 29x44x7
91204-K53-D01,#N/A
91204-K59-A11,Phớt dầu 34x52x7
91204-KPH-901,Phớt nhong neo 17x30x5
91204-KWB-601,Phớt nhông ws110 17x29x5
91204-KWN-900,#N/A
91204-MC7-003,phốt giò đạp neo
91205-KF0-003,Phớt dầu 12x20x5
91208-KB4-671,"Phớt cân số w 11,6x24x10"
91208-KPH-901,phốt số neo (11.6x24x10)
91208-KWB-601,"Phớt số ws110 ( 11,6x22x7 )"
91211-GFC-771,Phốt Puly Vision 34X39X3
91211-K44-V01,0
91211-KN7-671SS,phốt puly air 34x41x4 ( 1 bịt 10 cái )
91216-KGH-901,Phốt nhông winner 20x34x7
91251-KGH-902,Phớt chắn bụi 27x40x6
91251-KM1-003,#N/A
91251-KPH-901,Phớt moay ơ trước 21x37x7
91251-KZR-601,Phớt chắn bụi
91252-KGH-901,#N/A
91252-KZR-601,0
91253-KZR-601,Phớt chắn bụi 25X35X6
91255-KVB-901,Phớt dầu 29X44X7
91256-KK3-840,#N/A
91257-HB3-003,Phớt chắn bụi vành trước
91258-HB3-003,0
91259-KM1-003,0
91301-035-003,phớt chỉ 107*2
91301-K73-V81,Phớt O 74.5X2.5
91301-KVB-900,Phớt O 15.2x2.4
91302-KEV-900,ron nắp xupap w
91302-KWN-900,sin bơm nước air 125 ( phớt o 34x2 )
91307-035-000,Phớt O 18X3 (RON TY THĂM NHỚT)
91351-642-000,#N/A
91351-GR1-000,phớt o phu ly
91372-KPH-900SS,ron nắp xupap neo ( 1 bịt 10 cái )
91384-KRJ-901,Phớt O 38.8x1.9
91384-KVB-900SS,sin puly air 38.8X1.9 ( 1 bịt 10 cái )
91509-GE2-760,#N/A
92101-080-200A,#N/A
92101-080-280A,#N/A
92101-080-350A,#N/A
92800-120-00,0
92911-060-180E,#N/A
93401-060-1000,ốc bắt tặc te dài
93500-050-084J,#N/A
93891-040-1207,#N/A
93903-25480,#N/A
93903-34380,#N/A
94002-100-000S,tám gắp 10mm
95002-413-0008,Vòng kẹp ống (D13)
95011-400-00,0
95014-72102,Lò xo a chân chống bên
95015-320-01,Khớp nối b cần phanh
95701-060-3000,#N/A
95701-080-2007,#N/A
95701-080-2500,#N/A
95701-080-3200,#N/A
95701-080-4500,#N/A
95801-080-5002,#N/A
95801-081-0002,#N/A
96001-060-2500,#N/A
96001-060-3200,#N/A
96001-060-4000,#N/A
96001-060-4500,#N/A
96001-060-6000,#N/A
96001-060-6500,0
96001-060-7000,#N/A
96001-060-8000,Bu lông 6x80
96001-060-8500,#N/A
96140-620-3010,Vòng bi 6203
96140-630-1000,Vòng bi 6301
97172-211-57F0,#N/A
97280-312-07F0,#N/A
97280-312-09K0,#N/A
97338-312-07F0,#N/A
97550-312-06F0,#N/A
97550-312-09K0,#N/A
97602-411-53P0S,#N/A
97604-211-57F0,#N/A
98056-56723,#N/A
CP012-K89-900,bố thắng đùm w@ 2017 (K89) ( 1 bịch 2 cặp )
H06430-K56-N12,Bộ Nhông Sên Đĩa Winner
H0640-KFL-890,nhông sên đĩa fu 1
H0640-KRS-900,nhông sên đĩa w
H0640-KTL-640,nhông sên đĩa rs
H0640-KTM-970,#N/A
H0640-KWW-Y10,Bộ nhông xích WS110 mới
H0640-KYZ-900,Bộ nhông xích Future 125 mới
H0643-0K5-6N12,Bộ Nhông Sên Đĩa Winner
61100-K2C-V00ZR,"Dè trước, bộ chắn bùn trước ( bánh 14)  Vision 110 (2021-2026+) Vàng Nhạt *R381M*"
64200-K2C-W30ZC,"Mặt nạ lớn trước ,Bộ ỐpTrước Vision 110 (2020-2026+) Đen nhám- NH76M*"
83605-K2C-W30ZC,ỐP SƯỜN TRÁI *NHA76M*
64400-K2C-W30ZC,"bửng trước bên trái ,Cánh yếm bên trái ,Vision 110 (2021-2026+) đen nhám-A76M*"
83505-K2C-W30ZC,Bộ ốp sườn phải Vision 110 (2021-2026+) đen nhám *NHA76M*
64300-K2C-W30ZC,"bửng trước bên phải ,Cánh yếm bên phải ,Vision 110 (2021-2026+) đen nhám-A76M*"
64200-K2C-W30ZB,"Mặt nạ lớn trước ,Bộ ỐpTrước Vision 110 (2020-2026+) Xám xi măng *NhC60P*"
83605-K2C-W30ZB,ỐP SƯỜN TRÁI *NHC60P*
64400-K2C-W30ZB,"bửng trước bên trái ,Cánh yếm bên trái ,Vision 110 (2021-2026+) xám xi măng *NHC60P*"
83505-K2C-W30ZB,Bộ ốp sườn phải Vision 110 (2021-2026+) xám xi măng *NHC60P*
64300-K2C-W30ZB,"bửng trước bên phảii ,Cánh yếm bên phải ,Vision 110 (2021-2026+) xám xi măng *NHC60P*"
64200-K2C-VM0ZA,"Mặt nạ lớn trước ,Bộ ỐpTrước Vision 110 (2020-2026+) Xám xi măng *NhC60P*"
83605-K2C-VM0ZA,Bộ Ốp Sườn Trái *Nhc60P*
64400-K2C-VM0ZA,"bửng trước bên trái ,Cánh yếm bên trái ,Vision 110 (2021-2026+) xám xi măng *NHC60P*( tem ngang chữa sporty đen )"
83505-K2C-VM0ZA,Bộ ốp sườn phải Vision 110 (2021-2026+) xám xi măng C60P
64300-K2C-VM0ZA,"bửng phải, cánh yếm, bộ ốp trước phải Vision (2021-2026+) Xám xi măng *NHC60P*( tem sọc chữa sporty đen )"
83605-K2C-VM0ZB,Bộ Ốp Sườn Trái *Nha76M*
64400-K2C-VM0ZB,"bửng trước bên trái ,Cánh yếm bên trái ,Vision 110 (2021-2026+) đen nhám tem ngang đỏ ( chữ sporty trắng )"
83505-K2C-VM0ZB,Bộ ốp sườn phải Vision 110 (2021-2026+) đen nhám *NHA76M*
64300-K2C-VM0ZB,"bửng phải, cánh yếm, bộ ốp trước phải Vision (2021-2026+) Đen nhám (Tem sọc chữ sporty trắng )"
64450-K2Z-V70ZA,"ốp bình xăng trái ,Bộ ốp sàn bên trái Air blade (AB)125/160 (2022-2025)  Đỏ Đô*R368C*"
83650-K2Z-V70ZA,Bộ Ốp Sườn Trái *Nhc60P*
64600-K2Z-V70ZA,0
83550-K2Z-V70ZA,Bộ Ốp Sườn Phải *Nhc60P*
64500-K2Z-V70ZA,"bửng ngoài phải , Cánh yếm, ốp trước, cánh gà phải Air blade (AB)160 (2022-2025) Xám xi măng *NHC60P*"
64600-K2Z-V40ZA,Mặt Nạ Trước Trái *Nhb25M*
64500-K2Z-V40ZA,"bửng ngoài phải , Cánh yếm, ốp trước, cánh gà phải Air blade (AB)160 (2022-2025) Đen Bóng *NHB25M*"
61110-K2Z-V40ZD,"Dè trước,bộ chắn bùn trước  Air blade (AB)125/160 (2022-2025)  Đen Bóng *NHB25M*"
64600-K3A-V40ZB,Mặt Nạ Trước Trái *Type1*
83550-K2Z-V40ZD,Bộ Ốp Sườn Phải *Type1*
64500-K3A-V40ZB,"bửng ngoài phải , Cánh yếm, ốp trước, cánh gà phải Air blade (AB)125 (2022-2025) Đen bóng -A69*"
83650-K2Z-V40ZD,Bộ Ốp Sườn Trái *Type1*
64250-K89-VD0ZA,"bửng trong Trái, bộ ốp yếm Trái Wave 110(2017-2026+) Xám xi măng -C60P*"
53205-K89-V00YA,"bàn thờ ,Nắp trước tay lái , ốp đầu xe Wave 110(2017-2023) Xám  -C26M*"
64770-K89-VD0ZA,0
64430-K89-V00YA,"Bửng phải , cánh yếm phải Wave 110 (2017-2026+) Xám xi măng -C60P* Xám xi măng -NHC60P*"
64200-K73-V40ZF,"Bửng trước phải,Bộ ốp yếm phải Future 125 Fi, Future 125 Mập (2018-2019) ĐEN  *B25M*"
35010-K90-VC0,khóa máy rsx 2018 ( có dây giắc ) 
35010-K90-VM0,khóa máy rsx 2022 ( ko dây giắc ) 
32100-K90-VC0,0
32100-K90-VM0,0
35010-K73-V40,0
35010-K73-V41,0
